{
"type": "FeatureCollection",
"name": "underserved_regions",
"crs": { "type": "name", "properties": { "name": "urn:ogc:def:crs:EPSG::32635" } },
"features": [
{ "type": "Feature", "properties": { "_group_key": "__all__", "_group_by": [ ], "_feature_count": 207, "_dissolved_count": 207, "_dissolve_status": "success", "_dissolve_engine": "shapely" }, "geometry": { "type": "Polygon", "coordinates": [ [ [ 589491.016059000045061, 4545218.235992999747396 ], [ 589465.008807, 4545202.618638000451028 ], [ 589435.723680000053719, 4545177.34621199965477 ], [ 589397.937739999964833, 4545148.894713000394404 ], [ 589347.963763999985531, 4545103.25180200021714 ], [ 589289.452329, 4545040.140227999538183 ], [ 589284.204312999965623, 4545031.438203999772668 ], [ 589243.091312999953516, 4544992.410318000242114 ], [ 589233.300025, 4544999.263787000440061 ], [ 589228.394833000027575, 4545004.511295 ], [ 589216.4263669999782, 4545012.770567 ], [ 589202.772370000020601, 4545003.444470000453293 ], [ 589189.909754000022076, 4544999.535166 ], [ 589170.021421000012197, 4544984.492983000352979 ], [ 589125.732042000046931, 4544946.71509 ], [ 589086.559572999947704, 4544914.584443000145257 ], [ 589044.899195999954827, 4544878.271293999627233 ], [ 589012.359933999949135, 4544854.959656000137329 ], [ 588962.00910499994643, 4544811.613254999741912 ], [ 588923.738908999948762, 4544781.204326 ], [ 588909.995405999943614, 4544764.638596000149846 ], [ 588902.206987999961711, 4544758.126648000441492 ], [ 588893.434281999943778, 4544755.844096999615431 ], [ 588882.274956000037491, 4544752.133651000447571 ], [ 588878.638059000018984, 4544752.611398000270128 ], [ 588875.397305, 4544752.305641000159085 ], [ 588871.119839000049978, 4544750.15533300023526 ], [ 588862.930984999984503, 4544745.470559 ], [ 588844.098800000036135, 4544731.252619000151753 ], [ 588833.460491999983788, 4544721.997096000239253 ], [ 588823.558164000045508, 4544710.962932 ], [ 588812.443393000052311, 4544695.239760000258684 ], [ 588807.641257000039332, 4544684.356227999553084 ], [ 588804.031290999962948, 4544674.974933000281453 ], [ 588800.545569999958389, 4544676.154035000130534 ], [ 588796.134916999959387, 4544675.278997000306845 ], [ 588792.356792, 4544672.146623999811709 ], [ 588780.252366999979131, 4544661.785338999703526 ], [ 588764.806983000016771, 4544648.974289 ], [ 588748.042511999956332, 4544631.250912999734282 ], [ 588741.58585699996911, 4544625.798941000364721 ], [ 588731.395945, 4544619.058264000341296 ], [ 588719.799680999945849, 4544612.533745000138879 ], [ 588711.372133000055328, 4544605.325895000249147 ], [ 588704.494811999960802, 4544599.90217600017786 ], [ 588697.835093999980018, 4544597.334548999555409 ], [ 588682.078670999966562, 4544592.147630999796093 ], [ 588672.960699000046588, 4544588.506617999635637 ], [ 588662.078461, 4544583.400902000255883 ], [ 588646.916956000030041, 4544572.803027000278234 ], [ 588634.710303999949247, 4544565.305313000455499 ], [ 588624.555453, 4544556.344629 ], [ 588617.014495000010356, 4544548.792316 ], [ 588608.432294999947771, 4544537.674491000361741 ], [ 588597.997729000053369, 4544521.249300999566913 ], [ 588593.851984999957494, 4544513.049661000259221 ], [ 588591.058209000038914, 4544509.829363999888301 ], [ 588584.641604, 4544508.697057999670506 ], [ 588578.236039999988861, 4544505.954967999830842 ], [ 588569.019380999961868, 4544499.337314000353217 ], [ 588560.689280000049621, 4544493.085674 ], [ 588550.498130999971181, 4544487.810831 ], [ 588546.792553000035696, 4544488.398945 ], [ 588534.138514, 4544494.263918999582529 ], [ 588524.229001999949105, 4544497.686099000275135 ], [ 588515.713347999961115, 4544497.749831999652088 ], [ 588506.99740400002338, 4544496.301160000264645 ], [ 588496.0403370000422, 4544493.892803000286222 ], [ 588477.653595000039786, 4544484.444377000443637 ], [ 588463.226825000019744, 4544476.309507000260055 ], [ 588449.110982000012882, 4544465.391586 ], [ 588433.399079, 4544450.901510000228882 ], [ 588413.624618, 4544431.743669000454247 ], [ 588404.822645999956876, 4544424.176378999836743 ], [ 588394.226809000014327, 4544415.499388 ], [ 588383.749522999976762, 4544410.931920000351965 ], [ 588373.405869, 4544407.132179000414908 ], [ 588364.823730999953113, 4544405.729704 ], [ 588357.53744700003881, 4544401.422790000215173 ], [ 588345.454950000043027, 4544394.038100999779999 ], [ 588335.80581000004895, 4544384.217903000302613 ], [ 588326.038733000052162, 4544373.719019000418484 ], [ 588305.863531999988481, 4544350.803874 ], [ 588284.148093000054359, 4544325.249958000145853 ], [ 588272.56461, 4544311.309587 ], [ 588260.650040999986231, 4544300.429651999846101 ], [ 588250.595852999947965, 4544293.513659000396729 ], [ 588238.637938000028953, 4544286.230580000206828 ], [ 588227.381436, 4544280.032943 ], [ 588220.36801600002218, 4544276.784230999648571 ], [ 588213.106430000043474, 4544275.297902000136673 ], [ 588202.682693999959156, 4544273.940085000358522 ], [ 588194.40654400002677, 4544272.24171799980104 ], [ 588187.476875999942422, 4544269.715733 ], [ 588170.187412000028417, 4544257.716533999890089 ], [ 588148.670754999970086, 4544242.835319999605417 ], [ 588132.670679999981076, 4544232.650383999571204 ], [ 588134.066146000055596, 4544222.852194 ], [ 588130.380887, 4544222.441505 ], [ 588126.99977300001774, 4544242.885715000331402 ], [ 588109.731368000037037, 4544237.515346 ], [ 588079.792355000041425, 4544221.189690000377595 ], [ 588043.189449999947101, 4544202.58576999977231 ], [ 588006.613408999983221, 4544181.728473999537528 ], [ 587943.607434, 4544135.051002999767661 ], [ 587886.245212999987416, 4544091.539443000219762 ], [ 587871.722146000014618, 4544078.697003999724984 ], [ 587856.372322999988683, 4544063.291027000173926 ], [ 587840.300729, 4544045.678067999891937 ], [ 587832.280682999989949, 4544034.501326000317931 ], [ 587829.621097999974154, 4544027.052745999768376 ], [ 587818.883622, 4544023.782033000141382 ], [ 587806.436584000010043, 4544020.068957 ], [ 587796.830266, 4544016.401015000417829 ], [ 587786.680010000010952, 4544012.526723000220954 ], [ 587777.112043999950401, 4544010.569109999574721 ], [ 587768.181450000032783, 4544007.331205000169575 ], [ 587757.124594999942929, 4544002.646696000359952 ], [ 587733.867901999969035, 4543993.252953000366688 ], [ 587721.095213999971747, 4543986.538351000286639 ], [ 587710.593478000024334, 4543980.417181000113487 ], [ 587697.71397399995476, 4543970.681361 ], [ 587684.27962100005243, 4543959.539969 ], [ 587674.972610000055283, 4543952.622627999633551 ], [ 587664.490296000032686, 4543949.088728999719024 ], [ 587649.863641, 4543945.560823 ], [ 587638.339889000053518, 4543944.057442000135779 ], [ 587627.193790000048466, 4543944.013069 ], [ 587617.941038000048138, 4543945.212648999877274 ], [ 587606.047227, 4543942.31703899987042 ], [ 587594.17802, 4543936.657127999700606 ], [ 587586.840530000044964, 4543932.33929399959743 ], [ 587577.201540000038221, 4543929.981394999660552 ], [ 587572.630190000054426, 4543930.548564 ], [ 587567.725956000038423, 4543934.353799000382423 ], [ 587561.127518999972381, 4543936.42896500043571 ], [ 587551.369862, 4543938.377596000209451 ], [ 587536.45765, 4543938.343913 ], [ 587523.675029000034556, 4543937.369726999662817 ], [ 587512.327763000037521, 4543934.458588000386953 ], [ 587499.288083, 4543926.142381999641657 ], [ 587483.204585999948904, 4543913.659622999839485 ], [ 587472.877331000054255, 4543909.095285000279546 ], [ 587460.445159, 4543905.516218 ], [ 587451.410136000020429, 4543902.555032 ], [ 587442.436128000030294, 4543897.296292999759316 ], [ 587435.151986000011675, 4543889.903757000342011 ], [ 587430.708744999952614, 4543882.545098000206053 ], [ 587428.542477000039071, 4543875.280205000191927 ], [ 587428.672912999987602, 4543869.27511200029403 ], [ 587425.485330000054091, 4543867.294110000133514 ], [ 587418.870531999971718, 4543870.035380999557674 ], [ 587412.6809620000422, 4543874.480464999563992 ], [ 587407.316875000018626, 4543876.670408999547362 ], [ 587397.432503000018187, 4543876.552602999843657 ], [ 587379.249241000041366, 4543872.361099 ], [ 587351.963150999974459, 4543870.892435999587178 ], [ 587333.196391999954358, 4543871.224062999710441 ], [ 587317.282131999963894, 4543871.323231999762356 ], [ 587305.370571000035852, 4543869.194003 ], [ 587267.288152999943122, 4543861.590486000292003 ], [ 587255.585912000038661, 4543857.409800999797881 ], [ 587242.376729000010528, 4543852.000996000133455 ], [ 587241.563609999953769, 4543836.969161000102758 ], [ 587235.356102, 4543835.862751999869943 ], [ 587233.548028000048362, 4543864.897413000464439 ], [ 587201.749130000011064, 4543883.105399999767542 ], [ 587204.427578, 4543889.732343999668956 ], [ 587199.812858000048436, 4543897.482776000164449 ], [ 587166.471947000012733, 4543895.509794999845326 ], [ 587153.964537000050768, 4543891.175363999791443 ], [ 587143.464188999962062, 4543884.888497999869287 ], [ 587137.510967000038363, 4543878.655674999579787 ], [ 587127.427926999982446, 4543875.449280000291765 ], [ 587115.620018000015989, 4543874.498493 ], [ 587106.405609, 4543878.841280999593437 ], [ 587098.085444999975152, 4543880.085903 ], [ 587086.597561000031419, 4543879.794032 ], [ 587065.364853000035509, 4543874.712178000248969 ], [ 587035.08319399994798, 4543867.824250999838114 ], [ 587025.260286999982782, 4543863.943811999633908 ], [ 587020.335327, 4543863.141479000449181 ], [ 587017.261836000019684, 4543866.413656 ], [ 587013.935863, 4543875.378599000163376 ], [ 587007.676135999965481, 4543884.342043000273407 ], [ 587000.580826999968849, 4543887.921802000142634 ], [ 586990.113236999954097, 4543888.075197 ], [ 586978.027682999963872, 4543883.601737 ], [ 586971.408332000020891, 4543882.490666000172496 ], [ 586961.830883000046015, 4543882.721275 ], [ 586951.391456000041217, 4543880.499051 ], [ 586944.486494999960996, 4543877.952352000400424 ], [ 586935.851875000051223, 4543877.361460000276566 ], [ 586909.402989999973215, 4543881.855491999536753 ], [ 586886.074245000025257, 4543886.941727999597788 ], [ 586847.957857999950647, 4543894.961689 ], [ 586829.265660000033677, 4543897.527156 ], [ 586808.23191199998837, 4543896.223369999788702 ], [ 586792.886803, 4543894.40962199959904 ], [ 586763.922621999983676, 4543889.126117000356317 ], [ 586691.941942999954335, 4543864.792349999770522 ], [ 586662.411089999950491, 4543854.095474 ], [ 586626.380518, 4543843.532892 ], [ 586617.962615999975242, 4543840.246949000284076 ], [ 586610.682252999977209, 4543835.309026 ], [ 586603.789302999968641, 4543830.309069000184536 ], [ 586596.002238000044599, 4543824.854448 ], [ 586588.321806999971159, 4543819.62315099965781 ], [ 586580.968264000024647, 4543815.184022 ], [ 586574.204680999973789, 4543812.039792999625206 ], [ 586569.672310000052676, 4543810.731669999659061 ], [ 586561.309944999986328, 4543809.145181999541819 ], [ 586552.854201999958605, 4543807.635320999659598 ], [ 586546.545829999959096, 4543805.806624 ], [ 586541.350208000047132, 4543803.713492999784648 ], [ 586535.266258000046946, 4543801.387826999649405 ], [ 586530.920860999962315, 4543799.193709 ], [ 586526.81287899997551, 4543796.114168000407517 ], [ 586521.427964000031352, 4543792.964049999602139 ], [ 586516.590344000025652, 4543791.163834 ], [ 586512.035222999984398, 4543789.644524999894202 ], [ 586503.920378, 4543784.175034999847412 ], [ 586482.471456, 4543777.415811999700963 ], [ 586439.57336799998302, 4543763.908656000159681 ], [ 586400.96240099996794, 4543749.686168000102043 ], [ 586356.41496800002642, 4543730.586464 ], [ 586319.834478999953717, 4543714.52305 ], [ 586285.300915000028908, 4543694.520201999694109 ], [ 586256.651422000024468, 4543678.827998000197113 ], [ 586240.455666000023484, 4543666.380029000341892 ], [ 586228.509681000025012, 4543654.259633 ], [ 586222.724032000056468, 4543650.139085999689996 ], [ 586215.848898999975063, 4543648.59269000031054 ], [ 586208.668153999955393, 4543652.305437999777496 ], [ 586196.249866000027396, 4543656.045457 ], [ 586188.936016, 4543655.34884599968791 ], [ 586176.428107999963686, 4543651.693374999798834 ], [ 586166.129439000040293, 4543646.032069000415504 ], [ 586149.653193, 4543636.689797 ], [ 586134.71520600002259, 4543628.786787999793887 ], [ 586119.763435999979265, 4543621.338863999582827 ], [ 586113.540816999971867, 4543617.912751000374556 ], [ 586101.955907, 4543609.383015000261366 ], [ 586090.419773999950849, 4543601.708785999566317 ], [ 586079.546926000039093, 4543594.819557 ], [ 586066.383030000026338, 4543586.160318999551237 ], [ 586051.822428000043146, 4543575.452906000427902 ], [ 586039.805387999978848, 4543567.917453999631107 ], [ 586025.482810999965295, 4543558.411988999694586 ], [ 586021.229770999983884, 4543555.486480000428855 ], [ 586017.101172999944538, 4543551.985086999833584 ], [ 586010.629971000016667, 4543546.091327999718487 ], [ 586004.041471999953501, 4543540.162890000268817 ], [ 585991.749248999985866, 4543529.559922000393271 ], [ 585979.338379999971949, 4543517.601042999885976 ], [ 585968.521047999965958, 4543508.825160999782383 ], [ 585965.741673000040464, 4543507.116061000153422 ], [ 585962.391842999961227, 4543506.0220330003649 ], [ 585959.044953000033274, 4543505.394356999546289 ], [ 585953.9989849999547, 4543504.846695999614894 ], [ 585949.068923000013456, 4543503.734155000187457 ], [ 585944.168498000013642, 4543502.244467999786139 ], [ 585938.376018999959342, 4543499.400895000435412 ], [ 585928.5852700000396, 4543494.123381 ], [ 585917.23568299994804, 4543487.717338999733329 ], [ 585912.60136800003238, 4543484.321112000383437 ], [ 585908.639488999964669, 4543480.93276400025934 ], [ 585900.731925999978557, 4543473.490096 ], [ 585886.483993, 4543459.73342000041157 ], [ 585859.409808999975212, 4543434.279710999689996 ], [ 585849.326005000039004, 4543424.579966000281274 ], [ 585844.584425, 4543421.004884 ], [ 585840.885662000044249, 4543419.551539000123739 ], [ 585835.951266000047326, 4543415.92979499977082 ], [ 585832.582993000047281, 4543412.814903999678791 ], [ 585829.204569999943487, 4543408.411972999572754 ], [ 585826.024612999986857, 4543402.134994000196457 ], [ 585814.794681999948807, 4543390.512209 ], [ 585807.581012999988161, 4543384.820905 ], [ 585790.536695000017062, 4543375.084227999672294 ], [ 585774.078518999973312, 4543368.41881600022316 ], [ 585757.926649000030011, 4543362.156723000109196 ], [ 585746.322077000048012, 4543355.958928000181913 ], [ 585722.071203000028618, 4543340.620086999610066 ], [ 585704.32627700001467, 4543327.511285999789834 ], [ 585688.287773999967612, 4543314.411363 ], [ 585669.226666999980807, 4543292.338433999568224 ], [ 585650.465759000042453, 4543269.025554000400007 ], [ 585631.159576999954879, 4543243.441393 ], [ 585626.261988000012934, 4543238.088193000294268 ], [ 585621.89957, 4543235.861123999580741 ], [ 585614.820089000044391, 4543235.933926000259817 ], [ 585604.669969000038691, 4543233.306230000220239 ], [ 585582.139779999968596, 4543224.627414000220597 ], [ 585541.503655, 4543209.231266999617219 ], [ 585522.952640000032261, 4543200.310371000319719 ], [ 585510.540684, 4543191.216830000281334 ], [ 585501.814845000044443, 4543183.232142999768257 ], [ 585491.97205700003542, 4543172.980585999786854 ], [ 585482.102342, 4543162.87306599970907 ], [ 585469.621712, 4543160.384944000281394 ], [ 585457.73918799997773, 4543155.627744000405073 ], [ 585445.3188, 4543147.966476 ], [ 585438.493354000034742, 4543146.432508000172675 ], [ 585427.18111, 4543146.844788 ], [ 585416.746046000043862, 4543145.568577 ], [ 585399.265293000033125, 4543143.621902000159025 ], [ 585367.13188799994532, 4543139.439609000459313 ], [ 585343.520204999949783, 4543134.790361000224948 ], [ 585325.803987000021152, 4543129.232723999768496 ], [ 585310.218526000040583, 4543121.17958499956876 ], [ 585287.500524000031874, 4543111.966577 ], [ 585273.668874999973923, 4543104.910953000187874 ], [ 585255.754587, 4543096.131385999731719 ], [ 585235.355473999981768, 4543083.414819000288844 ], [ 585187.784913999959826, 4543054.017244 ], [ 585174.585964999976568, 4543088.0271490002051 ], [ 585171.587162000010721, 4543113.151172 ], [ 585168.108487, 4543179.605188 ], [ 585034.02066499995999, 4543075.615520000457764 ], [ 584964.326883999980055, 4543018.195022 ], [ 584884.031636000028811, 4542941.788978000171483 ], [ 584809.075655000051484, 4542871.729741999879479 ], [ 584792.936850999947637, 4542896.180149000138044 ], [ 584698.796518999966793, 4542804.782963999547064 ], [ 584660.449894999968819, 4542850.727525999769568 ], [ 584613.337756, 4542894.972373999655247 ], [ 584546.707553999964148, 4542954.280985999852419 ], [ 584597.221245000022464, 4543250.684562000446022 ], [ 584594.243400000035763, 4543343.413573999889195 ], [ 584503.059835999971256, 4543695.429472000338137 ], [ 584362.85572700004559, 4543688.386087000370026 ], [ 584186.664976999978535, 4543630.714572999626398 ], [ 583729.854933000053279, 4543576.03360699955374 ], [ 583695.144853999954648, 4543497.196817999705672 ], [ 583659.857732999953441, 4543465.195934000425041 ], [ 583624.204042, 4543478.589987999759614 ], [ 583608.105941000045277, 4543536.806660000234842 ], [ 583602.228497999953106, 4543657.126249000430107 ], [ 583572.783586999983527, 4543800.748290999792516 ], [ 583546.976268999977037, 4543836.193838000297546 ], [ 583528.747997, 4543857.925134000368416 ], [ 583488.719521000050008, 4543879.208402000367641 ], [ 583458.402237999951467, 4543910.661444 ], [ 583400.32155, 4543987.075611 ], [ 583272.440731000038795, 4544027.124198 ], [ 582864.188389000017196, 4544109.92202700022608 ], [ 582739.728400000021793, 4544020.106026000343263 ], [ 582576.964901000028476, 4543799.149128999561071 ], [ 582527.407347999978811, 4543715.032638999633491 ], [ 582512.589887000038289, 4543676.683864999562502 ], [ 582469.575767999980599, 4543717.723981999792159 ], [ 582420.109352999948896, 4543792.888008999638259 ], [ 582399.006467, 4544066.253704999573529 ], [ 582077.012768000015058, 4544086.535477000288665 ], [ 582098.477181000052951, 4544026.077573000453413 ], [ 582113.092643999960274, 4543933.201019000262022 ], [ 582106.45933999994304, 4543888.993722000159323 ], [ 581949.954360999981873, 4543859.053504000417888 ], [ 581879.05894699995406, 4543884.541540999896824 ], [ 581851.395242, 4543923.658184999600053 ], [ 581854.695973000023514, 4544034.610391000285745 ], [ 581919.567524999962188, 4544196.056683000177145 ], [ 582033.691297000041232, 4544402.66499700024724 ], [ 582069.088605000055395, 4544468.566784 ], [ 582068.308219, 4544551.050788999535143 ], [ 582118.058274999959394, 4544616.402959000319242 ], [ 582201.375730999978259, 4544694.655586999841034 ], [ 582156.862552999984473, 4544903.885983999818563 ], [ 582136.501048999954946, 4544954.585757999680936 ], [ 582172.447135000023991, 4545156.391038999892771 ], [ 582238.047108000027947, 4545546.464324999600649 ], [ 582246.162242, 4545612.660756999626756 ], [ 582242.22035199997481, 4545683.096362000331283 ], [ 582223.557139000040479, 4545748.836907000280917 ], [ 582116.616770999971777, 4545979.162177000194788 ], [ 582133.304476000019349, 4546150.286155000329018 ], [ 582115.601533, 4546201.004689999856055 ], [ 582059.553701000055298, 4546277.307365000247955 ], [ 582008.557783999945968, 4546378.348259000107646 ], [ 581978.026653000037186, 4546422.128701999783516 ], [ 581947.36781800002791, 4546499.149283000268042 ], [ 581955.049165999982506, 4546529.112528 ], [ 581980.776095999986865, 4546557.923139999620616 ], [ 582073.320049999980256, 4546572.737611000426114 ], [ 582148.615115999942645, 4546611.297267000190914 ], [ 582218.081287999986671, 4546649.548049 ], [ 582250.139796999981627, 4546681.594972000457346 ], [ 582307.477120999945328, 4546710.339805000461638 ], [ 582333.772574999951757, 4546728.010986000299454 ], [ 582350.627676, 4546743.78861500043422 ], [ 582368.125984000042081, 4546773.351978000253439 ], [ 582382.885078000021167, 4546805.138437000103295 ], [ 582391.383292000042275, 4546833.257241000421345 ], [ 582409.045996999950148, 4546857.88185799960047 ], [ 582441.098558000056073, 4546885.821600999683142 ], [ 582468.437033999944106, 4546924.211596 ], [ 582498.446070999954827, 4546975.38879800029099 ], [ 582530.330215999973007, 4547010.743680000305176 ], [ 582584.225840999977663, 4547050.7989990003407 ], [ 582618.795138000044972, 4547078.212802999652922 ], [ 582638.054233000031672, 4547103.46667 ], [ 582654.02192600001581, 4547140.419037999585271 ], [ 582665.91787, 4547177.059034000150859 ], [ 582665.74382199998945, 4547199.9286900004372 ], [ 582638.466315999976359, 4547209.202583 ], [ 582571.503936999943107, 4547165.657603000290692 ], [ 582524.764949999982491, 4547153.46197499986738 ], [ 582473.11006700003054, 4547164.438195000402629 ], [ 582439.573626999976113, 4547193.816005 ], [ 582421.241664999979548, 4547220.544924000278115 ], [ 582420.388910999987274, 4547241.075360000133514 ], [ 582440.179119999986142, 4547299.787181000225246 ], [ 582465.582308999961242, 4547350.224111 ], [ 582483.820789000019431, 4547416.102071999572217 ], [ 582480.564191999961622, 4547476.242173999547958 ], [ 582492.705205, 4547545.604396999813616 ], [ 582489.172766000032425, 4547592.184969999827445 ], [ 582464.522511000046507, 4547619.741945000365376 ], [ 582410.152862000046298, 4547660.976202 ], [ 582355.091040999977849, 4547651.741184 ], [ 582288.821856, 4547613.280431999824941 ], [ 582178.058520999969915, 4547603.054805999621749 ], [ 582076.216663000057451, 4547601.912918999791145 ], [ 582016.87191999994684, 4547588.679910000413656 ], [ 581988.353805999970064, 4547559.626832 ], [ 581957.138841000036336, 4547568.836931999772787 ], [ 581939.057125000050291, 4547614.744179000146687 ], [ 581914.313834000029601, 4547731.201287999749184 ], [ 581874.77966, 4547863.136841 ], [ 581895.30134799994994, 4547980.622007999569178 ], [ 581900.86069, 4548055.205583999864757 ], [ 581944.434171000029892, 4548100.592380999587476 ], [ 582007.41105, 4548191.984322999604046 ], [ 582111.13407799997367, 4548265.880509000271559 ], [ 582186.587282, 4548344.146250000223517 ], [ 582212.412480000057258, 4548397.20741599984467 ], [ 582227.678166000056081, 4548498.835594999603927 ], [ 582226.009957000031136, 4548550.888688 ], [ 582214.667545999982394, 4548604.143280999734998 ], [ 582171.16102600004524, 4548647.532931 ], [ 582097.86461499996949, 4548726.328455000184476 ], [ 582031.577358999988064, 4548770.484962999820709 ], [ 581959.424786000046879, 4548808.125710999593139 ], [ 581923.400097999954596, 4548852.766316999681294 ], [ 581896.150325000053272, 4548872.213224000297487 ], [ 581871.363856000010855, 4548945.580414 ], [ 581895.788825000054203, 4549065.241237999871373 ], [ 581901.363407999975607, 4549130.843024999834597 ], [ 581905.271165000041947, 4549184.746101999655366 ], [ 581903.137294000014663, 4549235.828115000389516 ], [ 581921.504128, 4549263.934793000109494 ], [ 581957.029196999967098, 4549311.019422999583185 ], [ 582033.204183000023477, 4549385.483791000209749 ], [ 582052.755802000057884, 4549453.940372999757528 ], [ 582061.40136000001803, 4549517.422857999801636 ], [ 582061.655862999963574, 4549568.898043000139296 ], [ 582044.41622799995821, 4549635.188048000447452 ], [ 582027.003190999967046, 4549698.989133999682963 ], [ 582053.918305000057444, 4549832.790264000184834 ], [ 582090.241312999976799, 4549940.949769999831915 ], [ 582133.691402000025846, 4549951.285364000126719 ], [ 582153.087692999979481, 4549989.196909000165761 ], [ 582142.603838999988511, 4550040.251853000372648 ], [ 582120.376581000047736, 4550116.922337000258267 ], [ 582129.60960199998226, 4550154.109158 ], [ 582124.514185999985784, 4550207.01214599981904 ], [ 582112.0084720000159, 4550231.708701999858022 ], [ 582080.692048000055365, 4550257.693156999535859 ], [ 582003.4647699999623, 4550153.594000999815762 ], [ 581808.243926999974065, 4550202.282038999721408 ], [ 581527.035870000021532, 4550292.795687000267208 ], [ 581599.310699000023305, 4550356.431598000228405 ], [ 581637.531700000050478, 4550406.209564000368118 ], [ 581739.89780699997209, 4550596.765147999860346 ], [ 581851.352644999977201, 4550841.461156999692321 ], [ 581907.704974, 4550980.121313 ], [ 581925.001151000033133, 4551044.93305900041014 ], [ 581935.037093000020832, 4551117.624238000251353 ], [ 581923.815425000037067, 4551150.829094000160694 ], [ 581863.786440000054426, 4551201.318738999776542 ], [ 581788.623597000027075, 4551235.485136000439525 ], [ 581695.090955000021495, 4551279.883740000426769 ], [ 581685.84949199995026, 4551300.56492399983108 ], [ 581748.608516999986023, 4551349.018906 ], [ 581823.893873999943025, 4551384.867560000158846 ], [ 581910.361568000051193, 4551408.917822999879718 ], [ 582059.582345, 4551587.179794000461698 ], [ 581993.870277, 4551572.553400999866426 ], [ 581928.443283000029624, 4551542.198161999695003 ], [ 581905.845954000018537, 4551548.229295999743044 ], [ 581855.18070499994792, 4551567.414052000269294 ], [ 581789.442084999987856, 4551564.880130999721587 ], [ 581756.087693999987096, 4551567.194164999760687 ], [ 581712.657010999973863, 4551583.762778 ], [ 581654.042239999980666, 4551588.493135999888182 ], [ 581642.935968999983743, 4551615.293387000449002 ], [ 581646.729092000052333, 4551645.601865 ], [ 581711.360147000057623, 4551780.300645000301301 ], [ 581778.07491199998185, 4551937.195628999732435 ], [ 581849.226349, 4552099.536933000199497 ], [ 581890.026703999959864, 4552288.407913000322878 ], [ 581905.281075999955647, 4552484.254315 ], [ 581915.590118000051007, 4552911.616508999839425 ], [ 581834.801379999960773, 4552906.115376999601722 ], [ 581708.943691, 4552866.880742999725044 ], [ 581772.480590000050142, 4553001.435174999758601 ], [ 581805.881942, 4553075.387028000317514 ], [ 581933.491463999962434, 4553423.167903999798 ], [ 581956.783157999976538, 4553514.949443000368774 ], [ 581979.621592000010423, 4553647.095842 ], [ 582032.819018000038341, 4553802.010669000446796 ], [ 582117.434295000042766, 4554123.588122 ], [ 582138.345248, 4554266.194690999574959 ], [ 582128.465624999953434, 4554427.529995 ], [ 582148.242288999957964, 4554591.030590999871492 ], [ 582203.727563000051305, 4554701.994517000392079 ], [ 582247.067747000022791, 4554852.303959 ], [ 582260.749380999943241, 4554957.41319299954921 ], [ 582287.583475, 4555092.270786000415683 ], [ 582300.074384000035934, 4555183.021861 ], [ 582295.746904999949038, 4555247.558441 ], [ 582281.266286000027321, 4555333.509128999896348 ], [ 582265.060758, 4555413.167313000187278 ], [ 582243.510323000024073, 4555488.268710000440478 ], [ 582203.404821999953128, 4555601.355216999538243 ], [ 582200.795585999963805, 4555683.331589999608696 ], [ 582178.955526, 4555783.555691 ], [ 582172.229969999985769, 4555821.152053999714553 ], [ 582144.361252999980934, 4555897.082002 ], [ 582114.142968000029214, 4556022.315665000118315 ], [ 582120.941201, 4556135.730134 ], [ 582197.240219000028446, 4556399.060166000388563 ], [ 582223.018041, 4556508.769140000455081 ], [ 582293.012804999947548, 4556688.935571 ], [ 582378.469386999960989, 4556854.921168000437319 ], [ 582427.442607, 4556955.077781000174582 ], [ 582489.881275999941863, 4557033.747314999811351 ], [ 582524.346169000025839, 4557090.639349999837577 ], [ 582576.958768000011332, 4557206.99294999986887 ], [ 582638.061801000032574, 4557224.660508999601007 ], [ 582721.028774, 4557229.175017000176013 ], [ 582863.97553399996832, 4557229.008135999552906 ], [ 582935.147577999974601, 4557224.43119200039655 ], [ 582970.628441, 4557230.663274999707937 ], [ 583028.887017, 4557214.29356599971652 ], [ 583104.249027000041679, 4557193.999750999733806 ], [ 583187.275449999957345, 4557179.323266999796033 ], [ 583211.643606, 4557173.327746000140905 ], [ 583238.258523999946192, 4557168.246147999539971 ], [ 583419.334379, 4557196.770689000375569 ], [ 583514.246357999974862, 4557202.341113000176847 ], [ 583648.441452000057325, 4557197.148675000295043 ], [ 583801.507915999973193, 4557194.873251999728382 ], [ 583891.899172, 4557201.72906699962914 ], [ 583985.856370999943465, 4557212.235477999784052 ], [ 584087.702622000011615, 4557218.204008 ], [ 584238.743013, 4557219.178697000257671 ], [ 584290.936679000034928, 4557221.124433999881148 ], [ 584342.360695000039414, 4557230.134250000119209 ], [ 584415.381726, 4557241.392594999633729 ], [ 584580.609738999977708, 4557238.829993000254035 ], [ 584705.818871999974363, 4557232.209437999874353 ], [ 584807.606722999946214, 4557220.045058 ], [ 584886.742850000038743, 4557234.310344000346959 ], [ 584909.947719000047073, 4557253.433016000315547 ], [ 584990.860590000054799, 4557260.625287 ], [ 585038.418073000037111, 4557273.73645200021565 ], [ 584953.020109000033699, 4557562.630757000297308 ], [ 584946.433449, 4557674.428014 ], [ 584976.419449000037275, 4557783.375474999658763 ], [ 585112.112279, 4557783.557056000456214 ], [ 585217.289221000042744, 4557760.079680999740958 ], [ 585297.896266, 4557795.107227000407875 ], [ 585314.474293999955989, 4557917.256555000320077 ], [ 585239.085721999988891, 4558052.676714000292122 ], [ 585306.475120999966748, 4558293.777843000367284 ], [ 585440.103734, 4558296.784028000198305 ], [ 585589.840159000013955, 4558384.964212000370026 ], [ 585683.094473000033759, 4558568.980991000309587 ], [ 585683.101548, 4558750.615948 ], [ 585721.895746, 4558931.085368 ], [ 585818.578168999985792, 4559140.825983 ], [ 585828.819691000040621, 4559387.70108599960804 ], [ 585753.67263299995102, 4559456.544919 ], [ 585735.305042000021785, 4559487.717478999868035 ], [ 585705.416760999942198, 4559503.499142999760807 ], [ 585673.881768999970518, 4559583.814844000153244 ], [ 585668.25948, 4559602.579643 ], [ 585626.93075299996417, 4559659.075503 ], [ 585609.052859000046737, 4559695.78343900013715 ], [ 585605.062262000050396, 4559759.235081000253558 ], [ 585606.136734999949113, 4559834.948432000353932 ], [ 585613.609483, 4559887.920049999840558 ], [ 585612.291360000032, 4559923.767513000406325 ], [ 585603.008564000017941, 4559947.863299 ], [ 585591.054705000016838, 4559970.140165000222623 ], [ 585587.164582, 4559994.299232999794185 ], [ 585567.544349999981932, 4560055.924329999834299 ], [ 585550.898094999953173, 4560094.278993999585509 ], [ 585550.551301999948919, 4560123.853520000353456 ], [ 585559.213488999987021, 4560152.64544800017029 ], [ 585532.0271659999853, 4560235.122312 ], [ 585535.537844000034966, 4560329.861623000353575 ], [ 585524.616671000025235, 4560378.587128000333905 ], [ 585525.927422999986447, 4560412.011660999618471 ], [ 585524.750053000054322, 4560444.474366 ], [ 585519.345228999969549, 4560483.405022 ], [ 585526.809331999975257, 4560499.181181999854743 ], [ 585526.996335000032559, 4560521.145270000211895 ], [ 585511.780124000040814, 4560552.79942 ], [ 585486.714906999957748, 4560588.268663000315428 ], [ 585482.350742000038736, 4560607.126067999750376 ], [ 585479.227908, 4560642.441685000434518 ], [ 585473.593625999987125, 4560663.049602 ], [ 585463.200824999948964, 4560744.058054000139236 ], [ 585445.876341999974102, 4560839.763526 ], [ 585425.399091999977827, 4560919.699046 ], [ 585434.413703000056557, 4560935.537701000459492 ], [ 585429.069503, 4560968.640022000297904 ], [ 585393.166440999950282, 4561038.135718000121415 ], [ 585399.493200000026263, 4561113.055699000135064 ], [ 585393.877976999967359, 4561131.365561 ], [ 585360.884051, 4561144.425168000161648 ], [ 585319.423129, 4561188.763185 ], [ 585315.34370199998375, 4561229.941220000386238 ], [ 585300.145310999942012, 4561266.003916 ], [ 585279.878462999942712, 4561313.110458999872208 ], [ 585206.307356999954209, 4561548.468663999810815 ], [ 585095.922676000045612, 4561636.959274999797344 ], [ 584979.472506999969482, 4561753.971242000348866 ], [ 584902.110827, 4561869.552496000193059 ], [ 584863.803552999976091, 4561926.664923000149429 ], [ 584808.511682000011206, 4561993.561634999699891 ], [ 584789.27246, 4562018.353118999861181 ], [ 584777.097091999952681, 4562059.448377000167966 ], [ 584758.590705999988131, 4562097.683183000423014 ], [ 584745.26185400004033, 4562166.62270800024271 ], [ 584736.536073000053875, 4562221.181750999763608 ], [ 584732.585353999980725, 4562240.777184000238776 ], [ 584699.677519000018947, 4562296.043443 ], [ 584683.139564999961294, 4562325.874059 ], [ 584673.685846999986097, 4562365.191293000243604 ], [ 584655.830118000041693, 4562399.492305999621749 ], [ 584616.705194000038318, 4562468.931979999877512 ], [ 584571.732983, 4562545.931831000372767 ], [ 584514.958518999977969, 4562671.182322000153363 ], [ 584481.376031999941915, 4562735.768272999674082 ], [ 584426.813982, 4562873.669250999577343 ], [ 584388.148043000022881, 4562940.794850000180304 ], [ 584341.823157, 4563008.342759000137448 ], [ 584204.890995000023395, 4563191.381516999565065 ], [ 584080.026312, 4563333.30290300026536 ], [ 584010.677329999976791, 4563418.973921 ], [ 583939.498999999952503, 4563518.037007000297308 ], [ 583885.857131000026129, 4563596.295579999685287 ], [ 583832.734978000051342, 4563676.114934000186622 ], [ 583752.619431999977678, 4563802.645866 ], [ 583711.37344600004144, 4563869.822928999550641 ], [ 583688.105844, 4563898.667918000370264 ], [ 583676.965090999961831, 4563928.562674 ], [ 583672.890249000047334, 4563953.442270000465214 ], [ 583630.514330000034533, 4564366.056621000170708 ], [ 583604.934266999945976, 4564685.687062 ], [ 583596.666297000017948, 4564813.788335000164807 ], [ 583626.75670899997931, 4564901.514952000230551 ], [ 583680.550626000040211, 4565162.133693000301719 ], [ 583685.764801000012085, 4565318.913731999695301 ], [ 583702.849196000024676, 4565471.08920400030911 ], [ 583805.679912999970838, 4565708.512404999695718 ], [ 583770.555016000056639, 4565781.366576000116765 ], [ 583785.544165999977849, 4565818.900957999750972 ], [ 583827.449493000051007, 4565950.62194 ], [ 583880.286252000019886, 4565993.899605999700725 ], [ 584005.604393000015989, 4566157.260959000326693 ], [ 584119.089701000018977, 4566339.696364000439644 ], [ 584330.032016000011936, 4566521.252193000167608 ], [ 584593.142031, 4566781.742073000408709 ], [ 584903.095881000044756, 4567034.694039000198245 ], [ 585045.579278000048362, 4567209.955419999547303 ], [ 585081.875321, 4567260.432711999863386 ], [ 585153.252730999956839, 4567292.467295999638736 ], [ 585247.884631, 4567251.293979999609292 ], [ 585366.231108000036329, 4567265.871496999636292 ], [ 585434.835074999951757, 4567291.369876 ], [ 585510.074886000016704, 4567344.693769999779761 ], [ 585657.94371499994304, 4567379.56432200036943 ], [ 585739.649580999976024, 4567398.757756999693811 ], [ 585894.499134000041522, 4567490.186389000155032 ], [ 586126.393723999965005, 4567601.816007999703288 ], [ 586300.94815099996049, 4567701.159102999605238 ], [ 586407.307302, 4567779.688517999835312 ], [ 586480.076682999962941, 4567821.323958000168204 ], [ 586660.830146000022069, 4567945.265656 ], [ 586812.286421000026166, 4568066.39756300020963 ], [ 586865.924519, 4568101.568787000142038 ], [ 586987.245711999945343, 4568217.803646000102162 ], [ 587105.779326000018045, 4568333.518741000443697 ], [ 587236.372209000051953, 4568438.166128999553621 ], [ 587298.444209999986924, 4568498.313197 ], [ 587374.208923000027426, 4568556.715470000170171 ], [ 587408.282385000027716, 4568583.184159999713302 ], [ 587415.952356999972835, 4568594.690499000251293 ], [ 587544.315519000054337, 4568684.760477 ], [ 587610.370105999987572, 4568719.90919699985534 ], [ 587605.083702999982052, 4568738.698974000290036 ], [ 587759.989499000017531, 4568803.177396999672055 ], [ 587839.808270000037737, 4568830.544320999644697 ], [ 587924.622354, 4568872.9286900004372 ], [ 587971.493049000040628, 4568898.033636 ], [ 588010.380679999943823, 4568919.589181000366807 ], [ 588047.188658999977633, 4568941.985833000391722 ], [ 588161.279640999971889, 4568925.602110000327229 ], [ 588285.225958999944851, 4568952.487354 ], [ 588341.808464, 4568963.466995 ], [ 588406.449299999978393, 4568943.477815000340343 ], [ 588461.646742000011727, 4568923.674164 ], [ 588469.230593999964185, 4569015.124792000278831 ], [ 588539.167276000021957, 4569043.212120999582112 ], [ 588606.281166999950074, 4569048.526069999672472 ], [ 588583.772713999962434, 4569071.779993999749422 ], [ 588555.595418000011705, 4569085.1940200002864 ], [ 588586.258690000046045, 4569175.837679999880493 ], [ 588646.921475999988616, 4569297.281341000460088 ], [ 588688.76250800001435, 4569493.332831 ], [ 588916.793155999970622, 4569824.110693000257015 ], [ 588958.207693999982439, 4569963.065313999541104 ], [ 588994.461984999943525, 4570070.43455300014466 ], [ 589034.174391999957152, 4570132.655511000193655 ], [ 589072.223537000012584, 4570144.602337 ], [ 589223.299399000010453, 4570130.709579999558628 ], [ 589290.064208999974653, 4570174.532491000369191 ], [ 589326.530607, 4570234.139297000132501 ], [ 589401.45330399996601, 4570279.229348000138998 ], [ 589430.501663999981247, 4570338.467950000427663 ], [ 589508.787220999947749, 4570431.400769 ], [ 589563.976828000042588, 4570511.569744000211358 ], [ 589677.183801, 4570589.689693000167608 ], [ 589755.889914000057615, 4570679.28842500038445 ], [ 589779.445648, 4570948.293705999851227 ], [ 589929.224061000044458, 4571094.311967000365257 ], [ 590080.924351, 4571194.910844 ], [ 590160.203187, 4571279.258417 ], [ 590168.116656000027433, 4571334.696259999647737 ], [ 590152.600365999969654, 4571408.119846000336111 ], [ 590140.144199999980628, 4571446.849746 ], [ 590101.466070999973454, 4571462.681258999742568 ], [ 590066.74250499997288, 4571497.315728000365198 ], [ 590046.827598999952897, 4571550.720982999540865 ], [ 590076.027148999972269, 4571644.20755899976939 ], [ 590121.243437999975868, 4571720.349353999830782 ], [ 590086.784407000057399, 4571776.971870999783278 ], [ 590077.834904000046663, 4571842.304848999716341 ], [ 590065.312532000010833, 4571981.753697999753058 ], [ 590080.981681999983266, 4572045.84840300027281 ], [ 590113.361652, 4572112.237778999842703 ], [ 590110.086482999962755, 4572154.190546999685466 ], [ 590019.842672000057064, 4572189.869187000207603 ], [ 590010.874706999980845, 4572252.037538999691606 ], [ 590063.890754999942146, 4572429.628363000229001 ], [ 590114.466169000021182, 4572503.327375999651849 ], [ 590173.686834000051022, 4572605.647823000326753 ], [ 590214.364975000033155, 4572649.478540999814868 ], [ 590269.857170999981463, 4572692.460887 ], [ 590278.830526, 4572743.237637000158429 ], [ 590257.971993000013754, 4572768.916306000202894 ], [ 590184.415476999944076, 4572811.917378 ], [ 590115.62281199998688, 4572859.752754 ], [ 590129.662708000047132, 4572953.729237000457942 ], [ 590141.588021000032313, 4573025.772331000305712 ], [ 590140.680828999960795, 4573107.671606999821961 ], [ 590143.3475300000282, 4573256.480534999631345 ], [ 590165.5444210000569, 4573543.11545000039041 ], [ 590222.387857, 4573680.338882000185549 ], [ 590239.921031999983825, 4573818.351316000334918 ], [ 590248.487869999953546, 4573943.505593 ], [ 590238.036685000057332, 4574036.079060000367463 ], [ 590213.164274999988265, 4574139.876741000451148 ], [ 590200.01288699998986, 4574201.859833999536932 ], [ 590233.534074999974109, 4574228.025272999890149 ], [ 590220.810762000037357, 4574252.172837000340223 ], [ 590221.804738000035286, 4574281.331941000185907 ], [ 590217.110346999950707, 4574473.242530000396073 ], [ 590233.812702000024728, 4574588.993377 ], [ 590229.902318999986164, 4574815.456899999640882 ], [ 590207.047911999979988, 4574871.54562299977988 ], [ 590209.834542999975383, 4574965.949206000193954 ], [ 590274.511957, 4574946.655565000139177 ], [ 590283.5146, 4574961.135471000336111 ], [ 590299.250626, 4574984.093396999873221 ], [ 590323.811696000047959, 4575037.806909999810159 ], [ 590348.848970000050031, 4575111.746005999855697 ], [ 590370.939946, 4575178.908687000162899 ], [ 590331.196953000035137, 4575197.756538 ], [ 590404.306825999985449, 4575299.064748999662697 ], [ 590419.652008999953978, 4575339.872627999633551 ], [ 590424.52301, 4575382.926253999583423 ], [ 590409.779270999948494, 4575410.790229000151157 ], [ 590383.589508999953978, 4575423.521936999633908 ], [ 590346.712667000014335, 4575456.984318999573588 ], [ 590343.392523000016809, 4575473.57612800039351 ], [ 590339.759593000053428, 4575491.762958999723196 ], [ 590358.615083000040613, 4575553.822193000465631 ], [ 590363.367432, 4575581.540299000218511 ], [ 590370.195314000011422, 4575621.376019 ], [ 590384.673206, 4575642.386523 ], [ 590398.341543999966234, 4575681.352537999860942 ], [ 590411.177310999948531, 4575698.445305 ], [ 590435.039373000035994, 4575779.776308 ], [ 590451.150595000013709, 4575816.096919000148773 ], [ 590485.248832999961451, 4575877.202835000120103 ], [ 590522.743040999979712, 4575976.014589999802411 ], [ 590544.628599000046961, 4576016.338118 ], [ 590555.853131999960169, 4576067.243667 ], [ 590547.128134, 4576141.373323 ], [ 590555.068895000033081, 4576197.867437999695539 ], [ 590538.252148999948986, 4576226.948895 ], [ 590548.935429999954067, 4576293.037402000278234 ], [ 590574.889220000011846, 4576353.32054299954325 ], [ 590634.539481000043452, 4576424.073230000212789 ], [ 590670.444385000038892, 4576566.625362999737263 ], [ 590717.769794999971054, 4576636.96949 ], [ 590756.836154000018723, 4576770.745439999736845 ], [ 590766.533314, 4576806.376012000255287 ], [ 590786.803015999961644, 4576859.815781 ], [ 590916.189539000042714, 4576994.7010009996593 ], [ 590950.321378999971785, 4577097.082022000104189 ], [ 591019.687729, 4577313.761587999761105 ], [ 591111.323712000041269, 4577641.802286 ], [ 591170.403687000041828, 4577770.635905999690294 ], [ 591181.283882000017911, 4577904.926726999692619 ], [ 591127.174524000030942, 4577988.678883999586105 ], [ 591113.338811, 4578025.691169999539852 ], [ 591077.40321799996309, 4578133.533653999678791 ], [ 591101.097892, 4578220.21746 ], [ 591048.732448, 4578309.266277999617159 ], [ 591003.610525000025518, 4578399.91641699988395 ], [ 590992.196451999945566, 4578450.750014999881387 ], [ 591001.304902, 4578511.667794000357389 ], [ 590997.710968, 4578584.062835000455379 ], [ 591003.645590999978594, 4578611.851974000222981 ], [ 591037.155815999954939, 4578659.662831 ], [ 591058.247005000011995, 4578695.703522999770939 ], [ 591079.298668000032194, 4578744.202076000161469 ], [ 591095.932616999954917, 4578794.699389000423253 ], [ 591077.827223, 4578994.615245000459254 ], [ 591054.177565000019968, 4579162.427532999776304 ], [ 591058.666318999952637, 4579234.013619 ], [ 591064.033080999972299, 4579300.958313000388443 ], [ 591096.732578000053763, 4579482.258692 ], [ 591087.907496000058018, 4579727.272233 ], [ 591113.108239999972284, 4579929.930962 ], [ 591113.463415, 4580016.155407999642193 ], [ 591110.092425000038929, 4580141.284714000299573 ], [ 591103.690213000052609, 4580357.192897000350058 ], [ 591198.124993999954313, 4580705.614648999646306 ], [ 591327.48995700001251, 4580964.726985 ], [ 591550.331494000041857, 4581231.240317 ], [ 591608.096415000036359, 4581382.247925999574363 ], [ 591665.979565000045113, 4581552.800144 ], [ 591781.739652000018395, 4581973.597756999544799 ], [ 591814.35076099995058, 4582107.166933 ], [ 591870.859172999975272, 4582194.658985000103712 ], [ 591911.13445600005798, 4582458.173128999769688 ], [ 591882.17715, 4582666.445236000232399 ], [ 591859.885154000017792, 4582868.1508569996804 ], [ 591868.452003999962471, 4583087.325496000237763 ], [ 591921.11678399995435, 4583247.710180000402033 ], [ 591943.567744, 4583484.061216999776661 ], [ 591989.597212000051513, 4583706.998776 ], [ 592019.496810000040568, 4583862.131989000365138 ], [ 592080.385481999954209, 4584012.10752599965781 ], [ 592091.906245999969542, 4584093.600370000116527 ], [ 592092.439508000039496, 4584204.167554000392556 ], [ 592317.684618999948725, 4584215.463786999695003 ], [ 592598.266971, 4584239.677639000117779 ], [ 592685.773492999956943, 4584227.172929000109434 ], [ 592750.722634, 4584198.512914 ], [ 592791.961751000024378, 4584199.940719 ], [ 592859.282962, 4584266.027660000137985 ], [ 592910.659458999987692, 4584351.730968000367284 ], [ 592974.378395, 4584453.360620000399649 ], [ 593053.144623999949545, 4584543.813964 ], [ 593185.662386000039987, 4584623.167642000131309 ], [ 593275.21519699995406, 4584633.259509 ], [ 593325.152414000011049, 4584656.232932000420988 ], [ 593367.104547000024468, 4584671.530891999602318 ], [ 593426.237652000039816, 4584676.302275000140071 ], [ 593464.124920999980532, 4584650.297519999556243 ], [ 593536.824066999950446, 4584725.088244999758899 ], [ 593566.841391999972984, 4584762.10780099965632 ], [ 593613.639654000056908, 4584796.901629 ], [ 593756.884694, 4584844.303541 ], [ 593741.52913699997589, 4584908.795843999832869 ], [ 593712.997710000025108, 4585041.872781000100076 ], [ 593706.655326999956742, 4585115.953456999734044 ], [ 593660.124274999951012, 4585176.988830000162125 ], [ 593647.525933000026271, 4585250.089192000217736 ], [ 593607.803956000017934, 4585270.128638999536633 ], [ 593578.153867000015453, 4585343.896909000352025 ], [ 593553.261025000014342, 4585396.285199999809265 ], [ 593542.034776999964379, 4585431.883471 ], [ 593505.526934999972582, 4585481.445772999897599 ], [ 593453.000713999965228, 4585565.60092999972403 ], [ 593398.853719, 4585616.757027000188828 ], [ 593306.549145000055432, 4585681.667712000198662 ], [ 593276.524865000043064, 4585719.977651 ], [ 593243.929928999976255, 4585808.62172899954021 ], [ 593200.732796999975108, 4585959.932865000329912 ], [ 593142.114578000037, 4586096.488555000163615 ], [ 593076.041815, 4586172.732517999596894 ], [ 593007.729337000055239, 4586254.922142 ], [ 592997.508842000039294, 4586347.174937999807298 ], [ 592964.963116999948397, 4586442.860662999562919 ], [ 592901.74886199994944, 4586547.457699 ], [ 592900.728155000018887, 4586626.948277000337839 ], [ 592852.667953999945894, 4586704.202720999717712 ], [ 592862.266274000052363, 4586867.297391000203788 ], [ 592836.8258790000109, 4586925.366122 ], [ 592851.218431000015698, 4586991.641076999716461 ], [ 592836.378949000034481, 4587029.870016999542713 ], [ 592860.60920399997849, 4587104.454823999665678 ], [ 592859.667687, 4587171.288061999715865 ], [ 592832.012171, 4587230.782978000119328 ], [ 592831.75196100003086, 4587300.545288999564946 ], [ 592875.212772, 4587426.943455999717116 ], [ 592910.258267999975942, 4587490.807814000174403 ], [ 592923.435493999975733, 4587540.300548000261188 ], [ 592956.548449, 4587611.413386999629438 ], [ 592945.725561000057496, 4587660.953087000176311 ], [ 592938.589264999958687, 4587797.516940999776125 ], [ 592959.723729999968782, 4587827.258290999568999 ], [ 592994.043037, 4587947.377275000326335 ], [ 593025.697110999957658, 4588023.213157 ], [ 593047.060225000022911, 4588076.66457 ], [ 593042.649014999973588, 4588140.910500000230968 ], [ 593031.462107999948785, 4588213.552644000388682 ], [ 593041.671397999976762, 4588287.025274000130594 ], [ 593019.498521000030451, 4588407.639312 ], [ 593007.532658000010997, 4588501.257865999825299 ], [ 593012.382202, 4588612.048409 ], [ 593026.997115000034682, 4588728.139042000286281 ], [ 593025.054251999943517, 4588831.735747000202537 ], [ 593016.293497, 4588935.366889 ], [ 593022.938272000057623, 4589046.180626999586821 ], [ 592984.292161999968812, 4589135.647376 ], [ 592916.552365000010468, 4589216.379057000391185 ], [ 592925.699647999950685, 4589337.318346999585629 ], [ 592901.786688999971375, 4589545.564768999814987 ], [ 592881.304769000038505, 4589674.773257999680936 ], [ 592867.470424999948591, 4589771.677079999819398 ], [ 592888.976045000017621, 4589907.932095999829471 ], [ 592888.232532000052743, 4590041.824795000255108 ], [ 592902.720678000012413, 4590100.051262999884784 ], [ 592904.785080999950878, 4590282.548709000460804 ], [ 592929.595632000011392, 4590379.84949 ], [ 592919.716077000019141, 4590451.14296399988234 ], [ 592913.453880000044592, 4590519.806917999871075 ], [ 592915.270661000045948, 4590587.686448000371456 ], [ 592901.236439, 4590633.931567000225186 ], [ 592879.074758999980986, 4590675.663971999660134 ], [ 592862.646181000047363, 4590917.3299540001899 ], [ 592834.433815, 4591020.522765999659896 ], [ 592793.115456999978051, 4591082.91800899989903 ], [ 592773.272785000037402, 4591108.113413999788463 ], [ 592648.738511999952607, 4591245.780898000113666 ], [ 592570.491369999945164, 4591333.542701000347733 ], [ 592496.466591999982484, 4591381.296373999677598 ], [ 592447.94675, 4591391.39058000035584 ], [ 592412.149974999949336, 4591406.466964 ], [ 592391.7829840000486, 4591438.874211999587715 ], [ 592379.837569999974221, 4591580.774043000303209 ], [ 592403.497573000029661, 4591713.96856200043112 ], [ 592382.250391999958083, 4591834.196708999574184 ], [ 592376.016959000029601, 4591901.062628 ], [ 592364.75779900001362, 4591935.152080000378191 ], [ 592334.148460000054911, 4591952.304932000115514 ], [ 592300.942614000057802, 4591956.344290000386536 ], [ 592255.903455000021495, 4591975.400616000406444 ], [ 592220.265519, 4592055.471223000437021 ], [ 592255.677443000022322, 4592152.616553000174463 ], [ 592229.354962000041269, 4592159.831038 ], [ 592205.348492000019178, 4592145.244847999885678 ], [ 592075.5294, 4592101.626884000375867 ], [ 591938.162390999961644, 4592173.895692000165582 ], [ 591813.09965300001204, 4592238.228695999830961 ], [ 591806.333559000049718, 4592310.640176 ], [ 591782.50785499997437, 4592358.028672999702394 ], [ 591733.29903600004036, 4592417.708820999599993 ], [ 591682.078657999983989, 4592439.888024000450969 ], [ 591566.496787999989465, 4592430.770972999744117 ], [ 591492.972486000042409, 4592505.034767 ], [ 591377.429506000014953, 4592574.747836000286043 ], [ 591302.403857000055723, 4592627.352981000207365 ], [ 591234.181244999985211, 4592693.458343000151217 ], [ 591158.358975999988616, 4592824.55944100022316 ], [ 591060.417372999945655, 4592918.817149999551475 ], [ 591032.177103, 4592955.947813999839127 ], [ 591013.344063999946229, 4592998.649170000106096 ], [ 591001.624854999943636, 4593034.100552000105381 ], [ 590999.095955000026152, 4593092.97486099973321 ], [ 590983.193702999968082, 4593146.317452999763191 ], [ 590952.609003999968991, 4593227.146014999598265 ], [ 590920.354957, 4593284.113602999597788 ], [ 590840.917497999966145, 4593347.116502 ], [ 590716.760709999944083, 4593513.201910000294447 ], [ 590674.416978999972343, 4593622.565166000276804 ], [ 590600.575545000028796, 4593731.100205999799073 ], [ 590550.934449000051245, 4593754.872581000439823 ], [ 590506.938768, 4593763.237247000448406 ], [ 590446.622036000015214, 4593750.855469999834895 ], [ 590352.128143999958411, 4593822.868903 ], [ 590263.281125999987125, 4593836.036946999840438 ], [ 590158.463895000051707, 4593924.668401 ], [ 590033.168498000013642, 4594064.279126999899745 ], [ 589561.137096000020392, 4594036.687446 ], [ 589413.706464000046253, 4594086.037234 ], [ 589402.611436999985017, 4594134.545754999853671 ], [ 589392.150511999963783, 4594235.672182000242174 ], [ 589459.261981999967247, 4594313.242437999695539 ], [ 589497.594446999952197, 4594419.182106000371277 ], [ 589520.097567999968305, 4594502.928909 ], [ 589610.52463700005319, 4594610.470605 ], [ 589637.489754999987781, 4594641.296709000132978 ], [ 589656.909711000043899, 4594736.498243000358343 ], [ 589693.165836, 4594806.903183000162244 ], [ 589683.145675000036135, 4594892.433922000229359 ], [ 589742.4876, 4595018.079215000383556 ], [ 589817.415158999967389, 4595042.207503000274301 ], [ 589867.136878, 4595076.737858000211418 ], [ 589909.51937800005544, 4595125.44561200030148 ], [ 589937.326590999960899, 4595193.592516000382602 ], [ 589936.526016999967396, 4595257.818546 ], [ 589919.765052999951877, 4595309.364877000451088 ], [ 589908.201254999963567, 4595375.244508 ], [ 589868.545205999980681, 4595395.259328000247478 ], [ 589827.23649799998384, 4595404.560736999846995 ], [ 589753.74014500004705, 4595553.537426000460982 ], [ 589811.787959999986924, 4595670.595305999740958 ], [ 589901.144316000049002, 4595714.469399999827147 ], [ 589962.8169919999782, 4595786.858388000167906 ], [ 590037.097551999962889, 4595820.663770000450313 ], [ 590134.198541000019759, 4595779.52604699973017 ], [ 590230.940793000045232, 4595777.171082999557257 ], [ 590298.319051999947987, 4595831.535038 ], [ 590350.006024, 4595851.81394200026989 ], [ 590421.588885999983177, 4595856.275209000334144 ], [ 590552.90744400001131, 4595832.205732 ], [ 590633.294666999951005, 4595826.819393999874592 ], [ 590685.541577000054531, 4595802.492153 ], [ 590778.636418999987654, 4595805.450780999846756 ], [ 590856.677379, 4595832.649670000188053 ], [ 590963.90382, 4595884.501718999817967 ], [ 591035.55354500003159, 4595883.628937999717891 ], [ 591121.208369, 4595907.906557000242174 ], [ 591164.727457999950275, 4595865.628452000208199 ], [ 591206.803328, 4595937.536562000401318 ], [ 591247.197048999951221, 4596000.496086000464857 ], [ 591326.980632000020705, 4596084.896549999713898 ], [ 591430.409768000012264, 4596180.95701100025326 ], [ 591460.590077999979258, 4596261.898976 ], [ 591454.469642000040039, 4596320.69465500023216 ], [ 591498.379287000047043, 4596389.052449 ], [ 591569.398358999984339, 4596525.566714 ], [ 591659.050517000025138, 4596569.50031 ], [ 591772.190664, 4596579.011701 ], [ 591884.023692999966443, 4596622.319907000288367 ], [ 591940.363324000034481, 4596701.087968000210822 ], [ 591977.782331999973394, 4596705.906769 ], [ 592029.112490999978036, 4596576.078398000448942 ], [ 592113.986095999949612, 4596564.592171999625862 ], [ 592172.61738199996762, 4596601.02955299988389 ], [ 592206.46207, 4596686.352385999634862 ], [ 592216.249856999958865, 4596751.102920000441372 ], [ 592249.004655000055209, 4596813.226874000392854 ], [ 592252.524013999965973, 4596864.3059799997136 ], [ 592321.594980000052601, 4596929.870852 ], [ 592395.189815000048839, 4596980.304076000116765 ], [ 592481.493373999954201, 4597013.834158999845386 ], [ 592580.675888999947347, 4597114.088260999880731 ], [ 592660.252228999976069, 4597218.944317 ], [ 592726.862590000033379, 4597349.407085999846458 ], [ 592840.679148999974132, 4597461.568051000125706 ], [ 592955.242823999957182, 4597523.272586000151932 ], [ 593064.08163999998942, 4597670.839525000192225 ], [ 593153.295338000054471, 4597768.896966 ], [ 593146.924527000053786, 4597840.891233 ], [ 593244.02794299996458, 4597947.391033000312746 ], [ 593346.747046999982558, 4598034.332922999747097 ], [ 593420.007509000017308, 4598138.772129000164568 ], [ 593463.180709999985993, 4598303.450384999625385 ], [ 593499.98162700003013, 4598368.087167999707162 ], [ 593495.037947, 4598473.256660999730229 ], [ 593493.663853000034578, 4598476.914296999573708 ], [ 593457.022088999976404, 4598574.432846000418067 ], [ 593450.832502000033855, 4598612.29532799962908 ], [ 593473.964614999946207, 4598648.672542000189424 ], [ 593513.904792999965139, 4598675.052118999883533 ], [ 593523.90053700003773, 4598732.25696 ], [ 593451.630547999986447, 4598783.042465000413358 ], [ 593461.719719000044279, 4598824.702673000283539 ], [ 593502.154366999980994, 4598890.708115000277758 ], [ 593505.978593999985605, 4598915.553221999667585 ], [ 593509.579462999943644, 4598938.963003999553621 ], [ 593545.777276, 4598977.775293 ], [ 593532.131198000046425, 4599008.378790000453591 ], [ 593441.90917, 4599049.548383000306785 ], [ 593423.45362699998077, 4599119.109574999660254 ], [ 593331.913078999961726, 4599163.039428000338376 ], [ 593311.78443, 4599213.724426000379026 ], [ 593280.756415999960154, 4599244.736243999563158 ], [ 593244.722713000024669, 4599277.060324000194669 ], [ 593181.998341999948025, 4599282.489458000287414 ], [ 593135.288971, 4599295.266048000194132 ], [ 593103.471892999950796, 4599333.197363999672234 ], [ 593154.411578000057489, 4599408.764027000404894 ], [ 593156.786269000032917, 4599432.868436000309885 ], [ 593091.809269999968819, 4599473.935584000311792 ], [ 593077.130577999982052, 4599501.384080000221729 ], [ 593125.980989999952726, 4599586.839572000317276 ], [ 593165.559276000014506, 4599583.464777999557555 ], [ 593238.519798, 4599536.572010000236332 ], [ 593274.014076999970712, 4599503.930026000365615 ], [ 593312.018293999950401, 4599495.883020999841392 ], [ 593361.263844999950379, 4599530.033161000348628 ], [ 593395.752130000037141, 4599571.187825 ], [ 593495.566340000019409, 4599581.065805000253022 ], [ 593529.374239000026137, 4599628.286271999590099 ], [ 593485.270891000051051, 4599709.084963000379503 ], [ 593465.634631, 4599773.922612999565899 ], [ 593489.234366000047885, 4599817.024123 ], [ 593558.725535999983549, 4599841.999943999573588 ], [ 593561.724831999978051, 4599886.621996999718249 ], [ 593528.876688000047579, 4599935.231354 ], [ 593537.374706999980845, 4599970.119834999553859 ], [ 593577.388324999948964, 4599990.249366000294685 ], [ 593624.859351000050083, 4600055.958599999547005 ], [ 593613.430077999946661, 4600109.309832000173628 ], [ 593563.877618000027724, 4600134.516532000154257 ], [ 593493.126608000020497, 4600138.061850000172853 ], [ 593467.78301300003659, 4600160.018988999538124 ], [ 593471.883225, 4600188.609821000136435 ], [ 593533.879258999950252, 4600239.338713999837637 ], [ 593553.145444000023417, 4600271.690967 ], [ 593541.165871000033803, 4600292.966395 ], [ 593490.974678999977186, 4600303.874237 ], [ 593435.81962600001134, 4600278.185424 ], [ 593391.302214000024833, 4600260.674340999685228 ], [ 593373.103597, 4600283.623865 ], [ 593374.31909, 4600328.211619 ], [ 593334.564016000018455, 4600357.122371000237763 ], [ 593312.718738000025041, 4600385.365878 ], [ 593326.588161999941804, 4600420.323704999871552 ], [ 593363.737576000043191, 4600439.893117999657989 ], [ 593368.061044999980368, 4600465.433152000419796 ], [ 593370.878949000034481, 4600493.218918999657035 ], [ 593391.505460000014864, 4600521.013479 ], [ 593432.477976000052877, 4600535.813641999848187 ], [ 593447.627159000025131, 4600607.720716999843717 ], [ 593460.829803999979049, 4600627.124392 ], [ 593479.422864999971353, 4600642.511723999865353 ], [ 593509.003531, 4600638.442921999841928 ], [ 593527.879296, 4600623.697394999675453 ], [ 593573.694871000014246, 4600618.773680999875069 ], [ 593628.058788000023924, 4600636.425068000331521 ], [ 593676.162627000012435, 4600653.096018999814987 ], [ 593721.624000999960117, 4600667.056812000460923 ], [ 593756.424675000016578, 4600674.649690000340343 ], [ 593792.010027999989688, 4600691.158491999842227 ], [ 593791.246255, 4600715.222368 ], [ 593785.131774, 4600738.317134999670088 ], [ 593746.315904999966733, 4600763.673410999588668 ], [ 593707.405008999980055, 4600820.075882 ], [ 593723.65821100003086, 4600854.310509 ], [ 593762.125345999957062, 4600855.699512000195682 ], [ 593796.617312000016682, 4600877.957197000272572 ], [ 593806.231712999986485, 4600904.421492000110447 ], [ 593800.786588000017218, 4600979.237069999799132 ], [ 593805.53831800003536, 4601056.917089000344276 ], [ 593790.120444, 4601111.037877 ], [ 593783.424933, 4601174.288863000459969 ], [ 593710.530341999954544, 4601206.807922 ], [ 593705.600021000020206, 4601279.320604000240564 ], [ 593696.485900999978185, 4601361.217402 ], [ 593674.838625999982469, 4601442.951167000457644 ], [ 593682.951378999976441, 4601507.23881 ], [ 593675.228508000029251, 4601550.822149000130594 ], [ 593644.856486, 4601589.724762000143528 ], [ 593590.472698000026867, 4601617.799715000204742 ], [ 593456.269131000037305, 4601598.789683000184596 ], [ 593308.215459999977611, 4601566.000098000280559 ], [ 593272.068317999946885, 4601589.261366000398993 ], [ 593240.465447, 4601693.131180999800563 ], [ 593221.382936, 4601816.21794500015676 ], [ 593265.004543000017293, 4601858.379024 ], [ 593383.092702999943867, 4601859.909622999839485 ], [ 593458.139723, 4601879.39399699959904 ], [ 593555.373810000019148, 4601960.207062999717891 ], [ 593631.421943999943323, 4602028.931118000298738 ], [ 593704.487286000046879, 4602132.573169999755919 ], [ 593725.968077, 4602189.717314000241458 ], [ 593728.454225, 4602240.884455 ], [ 593701.568239000043832, 4602276.75632300041616 ], [ 593661.162181, 4602287.81219 ], [ 593641.56504000001587, 4602320.492263999767601 ], [ 593668.925927, 4602378.834269000217319 ], [ 593735.108907000045292, 4602443.922345999628305 ], [ 593758.483889000024647, 4602452.854705999605358 ], [ 593788.073217, 4602430.287779999896884 ], [ 593847.106230000033975, 4602437.308783000335097 ], [ 593927.492556000011973, 4602584.532878000289202 ], [ 593987.352495, 4602762.504006999544799 ], [ 594012.298675999976695, 4602804.903628 ], [ 594042.378870000015013, 4602830.247728999704123 ], [ 594085.117724000010639, 4602845.963500999845564 ], [ 594103.587015000055544, 4602870.267773999832571 ], [ 594101.325164000038058, 4602906.782173999585211 ], [ 594074.948876, 4602939.416902 ], [ 594059.104508999967948, 4602976.508885 ], [ 594068.784514999948442, 4603000.831476000137627 ], [ 594118.770890000043437, 4603003.605858 ], [ 594184.402937000035308, 4602984.510115999728441 ], [ 594226.671848000027239, 4602967.241078999824822 ], [ 594267.765396, 4602972.243067 ], [ 594287.102538999984972, 4602998.335885999724269 ], [ 594265.179433000041172, 4603032.804951 ], [ 594245.188838999951258, 4603056.617119000293314 ], [ 594250.164555000024848, 4603086.086261999793351 ], [ 594333.164084000047296, 4603101.431463999673724 ], [ 594396.721803999971598, 4603098.700322999618948 ], [ 594447.869289999944158, 4603154.637110999785364 ], [ 594493.97114799998235, 4603203.601207000203431 ], [ 594446.050027000019327, 4603259.59268799982965 ], [ 594434.306767, 4603302.400883000344038 ], [ 594448.434106, 4603368.922992999665439 ], [ 594503.663193000014871, 4603462.44618200045079 ], [ 594611.466059, 4603572.084668000228703 ], [ 594661.52777199994307, 4603574.530807999894023 ], [ 594698.223206999944523, 4603573.225820999592543 ], [ 594730.113456, 4603596.820132000371814 ], [ 594746.63029700005427, 4603633.581690000370145 ], [ 594748.560952999978326, 4603678.190707 ], [ 594757.896092999959365, 4603729.082302999682724 ], [ 594750.35597300005611, 4603771.723313 ], [ 594771.728351, 4603833.533481 ], [ 594796.288850000011735, 4603870.390032 ], [ 594869.652289, 4603937.305169000290334 ], [ 594957.52899499994237, 4603997.328095000237226 ], [ 595006.69140500004869, 4604021.562555000185966 ], [ 595062.891548000043258, 4604017.929765 ], [ 595070.96572700003162, 4604017.025955 ], [ 595110.167277000029571, 4604012.669255999848247 ], [ 595174.774478, 4603997.477866999804974 ], [ 595240.667048000032082, 4604020.624959000386298 ], [ 595283.222875999985263, 4604048.81585600040853 ], [ 595386.404318999964744, 4604092.956744000315666 ], [ 595516.29073, 4604146.370379 ], [ 595557.451517999987118, 4604145.129134000279009 ], [ 595615.379950999980792, 4604094.219283999875188 ], [ 595696.818791000056081, 4604024.012325 ], [ 595825.288003999972716, 4603915.211992999538779 ], [ 595861.722695, 4603865.794516 ], [ 595937.512909000040963, 4603816.901819 ], [ 596045.578417000011541, 4603763.088331 ], [ 596164.350494000012986, 4603711.207289 ], [ 596243.053424000041559, 4603712.259484999813139 ], [ 596303.612758000032045, 4603732.668846 ], [ 596319.766743000014685, 4603775.992076000198722 ], [ 596322.953425999963656, 4603797.044131999835372 ], [ 596337.655053999973461, 4603812.442779 ], [ 596348.11628199997358, 4603816.369423000141978 ], [ 596345.288881000014953, 4603827.025039999745786 ], [ 596339.821990999975242, 4603834.302914000116289 ], [ 596348.32703499996569, 4603847.331132000312209 ], [ 596382.398494999972172, 4603827.744097 ], [ 596386.345973000046797, 4603816.881408999674022 ], [ 596394.805837000021711, 4603803.403025000356138 ], [ 596394.70911299996078, 4603793.818686 ], [ 596395.05347000004258, 4603784.917620999738574 ], [ 596398.848833000054583, 4603785.41263800021261 ], [ 596405.823970000026748, 4603781.941592999733984 ], [ 596414.488161999965087, 4603770.020575 ], [ 596415.846950000035577, 4603751.994233 ], [ 596430.763241, 4603740.168111000210047 ], [ 596438.380940999952145, 4603739.148660999722779 ], [ 596462.307084999978542, 4603747.475585999898612 ], [ 596478.131538999965414, 4603759.95803099963814 ], [ 596519.288225000025705, 4603776.000516000203788 ], [ 596547.802579000010155, 4603776.049914999864995 ], [ 596565.715906, 4603765.81888800021261 ], [ 596585.106159999966621, 4603754.264103 ], [ 596609.577049999963492, 4603747.463612000457942 ], [ 596618.13445600005798, 4603742.90357599966228 ], [ 596646.23252700001467, 4603732.365328 ], [ 596670.458206000039354, 4603726.450094000436366 ], [ 596718.82514099997934, 4603719.049368999898434 ], [ 596741.950007, 4603698.894903000444174 ], [ 596767.028285, 4603696.555948000401258 ], [ 596785.545614999951795, 4603682.991166999563575 ], [ 596794.62237, 4603673.308109999634326 ], [ 596832.820832, 4603661.95146800018847 ], [ 596915.197876999969594, 4603653.988176999613643 ], [ 596975.282390999956988, 4603633.443947999738157 ], [ 597060.828806999954395, 4603633.48685 ], [ 597074.977206000010483, 4603647.780241999775171 ], [ 597089.293773000012152, 4603661.964890000410378 ], [ 597128.941023000050336, 4603658.213635000400245 ], [ 597146.317006999976002, 4603619.316390000283718 ], [ 597195.090882000047714, 4603628.802968 ], [ 597220.344189999974333, 4603613.542453999631107 ], [ 597202.670770999975502, 4603597.268995 ], [ 597202.03160999994725, 4603578.538390999659896 ], [ 597231.801057999953628, 4603562.284 ], [ 597248.950047999969684, 4603548.879557999782264 ], [ 597288.776653000037186, 4603547.952096999622881 ], [ 597297.373923999955878, 4603507.193128 ], [ 597303.033449999988079, 4603452.458456999622285 ], [ 597274.49936500005424, 4603419.836717000231147 ], [ 597250.601217000046745, 4603393.374044000171125 ], [ 597225.123117999988608, 4603359.172576 ], [ 597217.53723000001628, 4603334.340669999830425 ], [ 597213.180407, 4603282.8019730001688 ], [ 597183.812478999956511, 4603271.711838000454009 ], [ 597182.692878999980167, 4603255.206737999804318 ], [ 597192.332796999951825, 4603236.626061 ], [ 597203.317759, 4603220.328851000405848 ], [ 597297.959592, 4603199.287925000302494 ], [ 597325.497085000039078, 4603180.494115999899805 ], [ 597331.239622000022791, 4603152.944101000204682 ], [ 597340.180946000036784, 4603120.085045999847353 ], [ 597374.271839000051841, 4603120.479566000401974 ], [ 597402.788886000053026, 4603120.532306999899447 ], [ 597431.254658999969251, 4603149.011664999648929 ], [ 597462.225711000035517, 4603158.725360999815166 ], [ 597516.047601999947801, 4603147.87253599986434 ], [ 597536.662188000045717, 4603112.051539000123739 ], [ 597570.38922300003469, 4603098.694833000190556 ], [ 597585.768279999960214, 4603119.402022000402212 ], [ 597616.479364000027999, 4603134.753885 ], [ 597630.794456999981776, 4603149.050622000358999 ], [ 597660.281846, 4603132.894043000414968 ], [ 597684.978386000031605, 4603093.120155000127852 ], [ 597686.858902, 4603053.480815 ], [ 597716.337049999972805, 4603020.845419 ], [ 597829.097309999982826, 4603021.100177000276744 ], [ 597887.336611, 4603035.050712999887764 ], [ 597894.869899000041187, 4603053.186707000248134 ], [ 597924.821310000028461, 4603054.482501000165939 ], [ 597965.060528, 4603055.929545000195503 ], [ 597995.638079000054859, 4603044.30863600037992 ], [ 598016.46666599996388, 4603025.426060000434518 ], [ 598032.510908999945968, 4603029.664362999610603 ], [ 598059.87725500005763, 4603024.240656999871135 ], [ 598077.148474000045098, 4603036.957332000136375 ], [ 598123.393247000058182, 4603024.217935999855399 ], [ 598129.49084700003732, 4602992.26486000046134 ], [ 598115.286734999972396, 4602963.754990000277758 ], [ 598058.306235000025481, 4602977.969422000460327 ], [ 598012.559262000024319, 4602995.168882999569178 ], [ 598006.76692299998831, 4602979.021944000385702 ], [ 597982.621255, 4602948.766853 ], [ 597984.939906000043266, 4602926.067717 ], [ 597996.212790000019595, 4602903.490487 ], [ 598014.035445000045002, 4602908.197129 ], [ 598058.274010000051931, 4602864.037840000353754 ], [ 598120.557802999974228, 4602871.316065000370145 ], [ 598168.548123999964446, 4602895.145317999646068 ], [ 598214.98875300004147, 4602935.354964000172913 ], [ 598244.561625999980606, 4602962.586809 ], [ 598311.578135999967344, 4602968.843088 ], [ 598326.075705999974161, 4602955.67141 ], [ 598343.133837, 4602951.007411999627948 ], [ 598371.814946, 4602949.489385000430048 ], [ 598400.305999999982305, 4602921.007349999621511 ], [ 598457.316867999965325, 4602892.471306 ], [ 598514.300327999982983, 4602835.508008999750018 ], [ 598542.820154999964871, 4602835.454225 ], [ 598571.281214999966323, 4602864.049158999696374 ], [ 598594.25642, 4602840.800242000259459 ], [ 598575.35164, 4602816.478032000362873 ], [ 598541.300254, 4602787.495632000267506 ], [ 598546.950287000043318, 4602767.063117999583483 ], [ 598567.230637999949977, 4602723.222934000194073 ], [ 598601.05677599995397, 4602670.651487999595702 ], [ 598583.889234, 4602650.361767999827862 ], [ 598584.982670000055805, 4602635.674491000361741 ], [ 598593.354133000015281, 4602612.614222000353038 ], [ 598577.14575100003276, 4602587.429509 ], [ 598573.295633999980055, 4602574.451243000105023 ], [ 598578.700080999988131, 4602540.912178000435233 ], [ 598634.871972, 4602520.92746 ], [ 598663.167315999977291, 4602512.398364 ], [ 598692.277664000052027, 4602510.121236000210047 ], [ 598720.373636999982409, 4602516.747166000306606 ], [ 598739.514850000035949, 4602523.250376 ], [ 598779.078927000053227, 4602509.090900000184774 ], [ 598776.76101000001654, 4602482.319635 ], [ 598815.482316000037827, 4602464.57316100038588 ], [ 598889.913950999965891, 4602452.225510000251234 ], [ 598894.257178999949247, 4602428.666048999875784 ], [ 598927.501923999981955, 4602422.315808 ], [ 598941.946851999964565, 4602376.730748999863863 ], [ 598921.037170000025071, 4602368.426001000218093 ], [ 598891.174913999973796, 4602360.431401999667287 ], [ 598855.266180000035092, 4602368.855077999643981 ], [ 598831.94455899996683, 4602373.431920000351965 ], [ 598797.372271999949589, 4602382.318404999561608 ], [ 598780.870475, 4602378.527436000294983 ], [ 598770.30458, 4602366.356373 ], [ 598769.569204000057653, 4602354.309088 ], [ 598784.986592, 4602336.853489999659359 ], [ 598747.726519000018016, 4602316.121155000291765 ], [ 598726.993675000034273, 4602294.893863 ], [ 598695.837209000019357, 4602283.328928999602795 ], [ 598668.530939999967813, 4602284.731338 ], [ 598647.514688999974169, 4602283.554976999759674 ], [ 598628.263817999977618, 4602265.524152000434697 ], [ 598596.462136000045575, 4602254.772544999606907 ], [ 598580.257572000031359, 4602262.134949999861419 ], [ 598573.710252000018954, 4602250.008116000331938 ], [ 598542.839479999965988, 4602237.037510000169277 ], [ 598514.263122000033036, 4602222.765906999818981 ], [ 598492.441016, 4602206.110538000240922 ], [ 598488.617227999959141, 4602191.789064000360668 ], [ 598484.46878, 4602167.669064000248909 ], [ 598476.040113999973983, 4602129.665536999702454 ], [ 598467.878642000025138, 4602105.046486999839544 ], [ 598463.884771000011824, 4602070.223975 ], [ 598465.265201000031084, 4602001.606537999585271 ], [ 598465.916653999942355, 4601986.902114000171423 ], [ 598483.652938000042923, 4601965.75761799979955 ], [ 598498.122393999947235, 4601954.806730999611318 ], [ 598530.021228999947198, 4601944.549649000167847 ], [ 598555.910427000024356, 4601916.376766 ], [ 598552.485666999942623, 4601905.192169000394642 ], [ 598550.476631000055932, 4601888.674629 ], [ 598569.227815, 4601858.616282000206411 ], [ 598600.304267000057735, 4601843.895371000282466 ], [ 598613.758890999946743, 4601808.423383000306785 ], [ 598610.827322000055574, 4601794.114071999676526 ], [ 598617.468056999961846, 4601766.566155999898911 ], [ 598616.905337000032887, 4601742.495202000252903 ], [ 598626.508283999981359, 4601727.025041 ], [ 598650.233287999988534, 4601726.017517999745905 ], [ 598713.829677999950945, 4601724.024166 ], [ 598789.112807000055909, 4601712.764058000408113 ], [ 598895.013400000054389, 4601657.163270999677479 ], [ 598935.781041000038385, 4601620.72337600030005 ], [ 598968.259978999965824, 4601569.023346999660134 ], [ 598973.56580700003542, 4601541.013197000138462 ], [ 599001.248798000044189, 4601512.422311999835074 ], [ 599022.536895000026561, 4601493.992967000231147 ], [ 599032.910695999977179, 4601487.450766 ], [ 599070.036362000042573, 4601481.842900999821723 ], [ 599087.602834000019357, 4601447.194501000456512 ], [ 599087.473584000021219, 4601424.461970999836922 ], [ 599072.447153000044636, 4601410.885501 ], [ 599087.434066000045277, 4601394.601637000218034 ], [ 599098.546306999982335, 4601367.748594 ], [ 599048.684706000029109, 4601349.040137999691069 ], [ 599023.431041999952868, 4601331.314425 ], [ 598991.302846999955364, 4601324.632031000219285 ], [ 598949.564312999951653, 4601333.863605 ], [ 598930.727359000011347, 4601337.169319 ], [ 598906.601733000017703, 4601335.061220999807119 ], [ 598882.73103100003209, 4601313.779388000257313 ], [ 598864.226861999952234, 4601260.035392999649048 ], [ 598857.997378999949433, 4601168.81600600015372 ], [ 598857.525404999963939, 4601161.880378000438213 ], [ 598862.766138999955729, 4601105.786233999766409 ], [ 598867.870021000038832, 4601092.47549 ], [ 598872.246674000052735, 4601067.1286939997226 ], [ 598876.044531999970786, 4601051.134968000464141 ], [ 598894.955680000013672, 4601042.477785999886692 ], [ 598909.685837000026368, 4601044.912054000422359 ], [ 598927.505851999972947, 4601025.824036000296474 ], [ 598932.666609999956563, 4601001.098785 ], [ 598916.787412, 4600983.935352999716997 ], [ 598912.25881200004369, 4600955.345940000377595 ], [ 598941.834646999952383, 4600911.756525999866426 ], [ 598978.223283000057563, 4600909.002914999611676 ], [ 598993.115238000056706, 4600900.290744000114501 ], [ 599003.250053000054322, 4600879.031855000182986 ], [ 599028.259403, 4600882.496012000367045 ], [ 599043.74127400002908, 4600895.190251999534667 ], [ 599084.331048000021838, 4600897.503035999834538 ], [ 599095.225148000055924, 4600893.22225600015372 ], [ 599099.584211, 4600869.218969999812543 ], [ 599084.335305999964476, 4600854.751109000295401 ], [ 599070.890245000016876, 4600840.730062000453472 ], [ 599084.309321, 4600826.323459000326693 ], [ 599108.536191000021063, 4600836.350937999784946 ], [ 599134.642698999959975, 4600825.561388 ], [ 599155.302619999973103, 4600819.605096999555826 ], [ 599176.734391, 4600823.020515000447631 ], [ 599226.833198999986053, 4600840.500415000133216 ], [ 599249.947327999980189, 4600835.622022000141442 ], [ 599279.454121000017039, 4600838.982459999620914 ], [ 599315.935292999958619, 4600820.485744000412524 ], [ 599345.666313000023365, 4600785.217255 ], [ 599369.724326999974437, 4600780.263422000221908 ], [ 599397.780804999987595, 4600783.559911999851465 ], [ 599418.264569, 4600800.665827999822795 ], [ 599466.002525000018068, 4600799.414958000183105 ], [ 599492.658749000052921, 4600777.26334 ], [ 599492.122710000025108, 4600731.527894999831915 ], [ 599489.948263, 4600694.497903999872506 ], [ 599465.742968, 4600661.161249999888241 ], [ 599469.662432000041008, 4600605.06029300019145 ], [ 599495.02415299997665, 4600551.065506 ], [ 599494.036260999972001, 4600517.50539099983871 ], [ 599479.704883, 4600498.207844999618828 ], [ 599443.934523000032641, 4600462.046528999693692 ], [ 599431.166481000022031, 4600446.712740000337362 ], [ 599426.004606000031345, 4600431.483955999836326 ], [ 599429.873765000025742, 4600411.038602000102401 ], [ 599426.349920999957249, 4600374.434213999658823 ], [ 599413.624733999953605, 4600355.980713999830186 ], [ 599418.066437999950722, 4600341.195406000129879 ], [ 599457.863873000023887, 4600300.824977000243962 ], [ 599483.298041000030935, 4600299.033025000244379 ], [ 599511.828037000028417, 4600298.982903 ], [ 599546.792500999988988, 4600304.762795000337064 ], [ 599568.82573699997738, 4600327.531554000452161 ], [ 599586.658902000053786, 4600334.296364 ], [ 599577.174808999989182, 4600308.303050000220537 ], [ 599591.550564000033773, 4600301.472679999656975 ], [ 599615.241384000051767, 4600305.709002999588847 ], [ 599657.836551000014879, 4600362.286684 ], [ 599711.267629, 4600384.468732999637723 ], [ 599740.574203999945894, 4600368.073444999754429 ], [ 599778.247881000046618, 4600361.910303000360727 ], [ 599806.400831999955699, 4600364.976479000411928 ], [ 599849.476645000046119, 4600356.656562999822199 ], [ 599907.775338000035845, 4600347.215481 ], [ 599956.197878999984823, 4600340.747062999755144 ], [ 600036.79336799995508, 4600337.412956999614835 ], [ 600038.340440000058152, 4600322.721048000268638 ], [ 600040.928562000044622, 4600297.33890900015831 ], [ 600015.844660999951884, 4600266.675464999862015 ], [ 600030.350668999948539, 4600253.507124000228941 ], [ 600038.886667000013404, 4600250.949486000463367 ], [ 600038.976173999952152, 4600235.493339000269771 ], [ 599999.688475999981165, 4600205.820907999761403 ], [ 599994.440987, 4600196.831199999898672 ], [ 599993.339347, 4600179.43745500035584 ], [ 599993.031351999961771, 4600169.172674999572337 ], [ 600016.951721000019461, 4600165.906893 ], [ 600018.416158, 4600146.350089999847114 ], [ 600016.543878, 4600119.573491999879479 ], [ 600014.093431000015698, 4600102.59409200027585 ], [ 600012.390934000024572, 4600067.791344 ], [ 600007.441129000042565, 4599997.686920000240207 ], [ 600021.469188999966718, 4599981.125060999765992 ], [ 600038.287962, 4599961.248437000438571 ], [ 600137.949957999982871, 4599872.686978000216186 ], [ 600166.907306, 4599812.625807999633253 ], [ 600205.773398000048473, 4599785.149737999774516 ], [ 600235.135422999970615, 4599749.43539800029248 ], [ 600272.507223000051454, 4599722.671776999719441 ], [ 600307.490882999962196, 4599655.332751999609172 ], [ 600327.950230999966152, 4599620.960618999786675 ], [ 600401.924759999965318, 4599535.975951000116765 ], [ 600443.632915999973193, 4599498.702158000320196 ], [ 600490.445328, 4599432.261749999597669 ], [ 600521.576559999957681, 4599429.009292 ], [ 600521.119421000010334, 4599397.188652000389993 ], [ 600534.782793, 4599384.209385000169277 ], [ 600580.983661000034772, 4599373.050084999762475 ], [ 600585.458225999958813, 4599359.109822999686003 ], [ 600580.250485999975353, 4599329.343813999556005 ], [ 600578.705943000037223, 4599311.488498999737203 ], [ 600568.109125999966636, 4599276.294940000399947 ], [ 600601.250828000018373, 4599235.460071000270545 ], [ 600650.628693999955431, 4599225.100642000325024 ], [ 600692.977166999946348, 4599238.950984000228345 ], [ 600745.234026000020094, 4599259.59167 ], [ 600763.951970999944024, 4599244.373758999630809 ], [ 600779.162281999946572, 4599215.093004999682307 ], [ 600806.111492000054568, 4599180.457562999799848 ], [ 600898.326326000038534, 4599056.745117000304163 ], [ 600968.871531000011601, 4598986.953266999684274 ], [ 601014.131431999965571, 4598979.470148 ], [ 601100.426637999946252, 4598842.795974999666214 ], [ 601097.053716999944299, 4598819.151657000184059 ], [ 601126.618395, 4598822.509118 ], [ 601170.657287999987602, 4598782.029520999640226 ], [ 601190.645721000037156, 4598743.033603999763727 ], [ 601285.395034000044689, 4598689.797097999602556 ], [ 601264.885308000026271, 4598669.642993999645114 ], [ 601275.686570000019856, 4598643.210639 ], [ 601301.013889000052586, 4598646.520360000431538 ], [ 601308.94095900002867, 4598655.992855000309646 ], [ 601328.647399, 4598654.937339000403881 ], [ 601343.57825799996499, 4598643.998364999890327 ], [ 601344.608879999956116, 4598634.196495000272989 ], [ 601348.608247000025585, 4598616.207949000410736 ], [ 601410.026627999963239, 4598564.714199 ], [ 601421.472590000019409, 4598540.545326 ], [ 601462.917563, 4598541.128623999655247 ], [ 601513.293896000017412, 4598511.267289999872446 ], [ 601541.241769999964163, 4598497.391688000410795 ], [ 601561.418118000030518, 4598494.99976999964565 ], [ 601582.32687500002794, 4598472.019402000121772 ], [ 601597.111444000038318, 4598420.603004000149667 ], [ 601631.445592000032775, 4598385.84137099981308 ], [ 601636.200085000018589, 4598365.842593999579549 ], [ 601642.553354999981821, 4598359.691455 ], [ 601662.761431999970227, 4598384.661724000237882 ], [ 601699.26593800005503, 4598368.209006999619305 ], [ 601696.196356000029482, 4598323.181397000327706 ], [ 601729.635407999972813, 4598314.070063999854028 ], [ 601718.920071, 4598338.992794999852777 ], [ 601739.476735000032932, 4598351.075884000398219 ], [ 601779.958300999947824, 4598314.780442000366747 ], [ 601798.910104, 4598283.333619999699295 ], [ 601827.775816999957897, 4598283.741329999640584 ], [ 601847.975234000012279, 4598268.54703 ], [ 601871.649831000017002, 4598269.614466999657452 ], [ 601867.591396, 4598294.63107500039041 ], [ 601896.665487000020221, 4598280.295229 ], [ 601901.71872100001201, 4598236.85922500025481 ], [ 601936.549740000045858, 4598234.397897000424564 ], [ 601946.481705000041984, 4598212.418184 ], [ 601925.789644, 4598209.904675000347197 ], [ 601935.627722, 4598194.564113000407815 ], [ 601915.667600000044331, 4598192.80498700030148 ], [ 601787.460832000011578, 4598150.428801000118256 ], [ 601771.41293999995105, 4598133.978555000387132 ], [ 601713.909191000042483, 4598116.943292999640107 ], [ 601706.316104999976233, 4598090.296431000344455 ], [ 601730.185803, 4597921.46746 ], [ 601752.315205, 4597863.592251 ], [ 601767.369879, 4597803.251979 ], [ 601826.960887999972329, 4597719.943586000241339 ], [ 601946.712112999986857, 4597624.904675000347197 ], [ 602003.21389899996575, 4597592.67906 ], [ 602059.482504999963567, 4597576.962959 ], [ 602096.633425, 4597573.557946000248194 ], [ 602119.636192, 4597563.889662999659777 ], [ 602141.900229000020772, 4597554.533017000183463 ], [ 602178.98023500002455, 4597581.464921000413597 ], [ 602202.899970000027679, 4597617.205110999755561 ], [ 602239.869886999949813, 4597620.671964 ], [ 602268.227890999987721, 4597656.475324999541044 ], [ 602266.771931999945082, 4597707.34663899987936 ], [ 602286.565912000020035, 4597720.908432999625802 ], [ 602334.01496199995745, 4597715.674170999787748 ], [ 602353.011853000032715, 4597733.644434000365436 ], [ 602368.001316, 4597720.587356000207365 ], [ 602402.680054, 4597728.453234000131488 ], [ 602415.868272, 4597738.223766 ], [ 602417.740892000030726, 4597710.966567999683321 ], [ 602446.51682899997104, 4597717.271905000321567 ], [ 602467.503669, 4597699.136648000217974 ], [ 602498.398164000012912, 4597714.911146 ], [ 602529.259201999986544, 4597729.508225000463426 ], [ 602532.201924000051804, 4597761.997492999769747 ], [ 602540.142210999969393, 4597769.916903000324965 ], [ 602551.517787000047974, 4597772.754894999787211 ], [ 602559.082442000042647, 4597760.147820999845862 ], [ 602561.580441999947652, 4597742.349488999694586 ], [ 602564.629861, 4597732.132288999855518 ], [ 602568.567576, 4597722.827193999662995 ], [ 602568.445694, 4597700.305483000352979 ], [ 602556.177127999952063, 4597665.78466400038451 ], [ 602556.066036000032909, 4597657.754513000138104 ], [ 602566.279335999977775, 4597647.861310999840498 ], [ 602586.80428399995435, 4597637.004383999854326 ], [ 602639.429440999985673, 4597635.199325 ], [ 602669.575082, 4597649.642458000220358 ], [ 602708.203508, 4597678.431463000364602 ], [ 602717.330486000049859, 4597682.126043999567628 ], [ 602725.023394000018016, 4597675.772811999544501 ], [ 602728.73598, 4597654.171873000450432 ], [ 602749.785033000051044, 4597650.474189000204206 ], [ 602757.248045000014827, 4597660.841140000149608 ], [ 602763.672456, 4597665.618820000439882 ], [ 602772.282497999956831, 4597658.157150999642909 ], [ 602779.628715, 4597645.102998999878764 ], [ 602783.311680000042543, 4597638.470572999678552 ], [ 602810.655972999986261, 4597619.938317 ], [ 602797.657204000046477, 4597596.899837999604642 ], [ 602777.10016499995254, 4597584.802651000209153 ], [ 602758.217294999980368, 4597559.459468999877572 ], [ 602764.855294, 4597551.014693000353873 ], [ 602768.574413000023924, 4597541.262402 ], [ 602776.030436999979429, 4597536.904658 ], [ 602805.191981000010855, 4597547.803081000223756 ], [ 602807.151119000045583, 4597536.237882999703288 ], [ 602805.061311000026762, 4597525.947495999746025 ], [ 602794.48334200005047, 4597513.970351000316441 ], [ 602753.281308999983594, 4597490.052433 ], [ 602746.206102999974973, 4597467.098485000431538 ], [ 602735.690915000042878, 4597446.016614999622107 ], [ 602743.091524000046775, 4597413.341497999615967 ], [ 602757.862793999956921, 4597366.502109000459313 ], [ 602773.969041, 4597335.505726999603212 ], [ 602791.537818999961019, 4597312.569906 ], [ 602841.25728599994909, 4597239.067285000346601 ], [ 602899.651761000044644, 4597193.438993999734521 ], [ 602946.857361000031233, 4597173.391718000173569 ], [ 602958.468548999982886, 4597175.567416000179946 ], [ 602972.558391000027768, 4597175.99069800041616 ], [ 602984.753811000031419, 4597168.813658 ], [ 602997.859411000041291, 4597159.850704000331461 ], [ 603011.398430999950506, 4597152.681795 ], [ 603033.043565000058152, 4597141.842082000337541 ], [ 603048.314021000056528, 4597138.495730999857187 ], [ 603058.592704999959096, 4597139.308899000287056 ], [ 603078.020790999988094, 4597127.105087 ], [ 603086.615915999980643, 4597120.754009 ], [ 603102.73664799996186, 4597120.984484000131488 ], [ 603124.385197, 4597109.922996000386775 ], [ 603134.206784000038169, 4597096.0162150003016 ], [ 603147.534820999950171, 4597087.278796000406146 ], [ 603161.712913000024855, 4597082.12922399956733 ], [ 603170.736192999989726, 4597077.361212000250816 ], [ 603179.214473000029102, 4597058.771362000145018 ], [ 603161.76634600001853, 4597036.390377 ], [ 603180.850658999988809, 4596996.331718999892473 ], [ 603187.318282000022009, 4596982.365911000408232 ], [ 603200.023537999950349, 4596970.510397999547422 ], [ 603212.160341999959201, 4596966.886342000216246 ], [ 603228.100787000032142, 4596963.994129000231624 ], [ 603238.753688000026159, 4596970.16529200039804 ], [ 603250.486419999971986, 4596963.870423999615014 ], [ 603254.44464, 4596953.222315999679267 ], [ 603256.526305999956094, 4596933.741436 ], [ 603248.984084, 4596891.591643 ], [ 603246.090835000039078, 4596879.734985999763012 ], [ 603250.442302000010386, 4596873.101246000267565 ], [ 603276.753128999960609, 4596880.396126000210643 ], [ 603285.077291999943554, 4596892.996851 ], [ 603309.327482, 4596887.991816 ], [ 603330.397426999988966, 4596893.501718999817967 ], [ 603355.206232000025921, 4596904.262197 ], [ 603367.544727999949828, 4596902.884405000135303 ], [ 603388.32681700005196, 4596905.181138999760151 ], [ 603397.83624500001315, 4596897.966264000162482 ], [ 603415.63202200003434, 4596887.350083 ], [ 603431.158642000053078, 4596853.392943000420928 ], [ 603446.482992999954149, 4596830.637426 ], [ 603459.455815, 4596815.887900000438094 ], [ 603465.641514000017196, 4596807.659331999719143 ], [ 603494.588429, 4596785.388082999736071 ], [ 603528.730402000015602, 4596777.405351 ], [ 603563.66295899997931, 4596776.563257999718189 ], [ 603611.181751, 4596778.034222000278533 ], [ 603642.389551999978721, 4596766.323153999634087 ], [ 603662.613252999959514, 4596761.039331000298262 ], [ 603676.986827000044286, 4596757.459293999709189 ], [ 603688.762123, 4596748.256333 ], [ 603698.236943, 4596743.484346999786794 ], [ 603731.67296500003431, 4596739.934236999601126 ], [ 603747.155564000015147, 4596735.270937999710441 ], [ 603759.695428999955766, 4596735.007159000262618 ], [ 603770.692938999971375, 4596748.546395 ], [ 603791.097848, 4596761.998941999860108 ], [ 603792.487463, 4596784.32801999989897 ], [ 603800.665186000056565, 4596781.536322000436485 ], [ 603809.55715, 4596770.293231000192463 ], [ 603806.98084099998232, 4596755.031782999634743 ], [ 603793.474445999949239, 4596715.749304999597371 ], [ 603807.044867999968119, 4596698.976841 ], [ 603795.532922000042163, 4596675.946846 ], [ 603795.426688999985345, 4596663.030705000273883 ], [ 603800.648976000025868, 4596657.98666 ], [ 603837.320355999981984, 4596652.940057000145316 ], [ 603860.200243000057526, 4596642.331508999690413 ], [ 603881.032432000036351, 4596626.130146999843419 ], [ 603904.749883000040427, 4596626.915985999628901 ], [ 603905.280401999945752, 4596664.246097000315785 ], [ 603925.891463999985717, 4596672.660516999661922 ], [ 603949.388507999945432, 4596636.032018999569118 ], [ 603957.233427, 4596619.865787000395358 ], [ 603966.96591599995736, 4596612.876942000351846 ], [ 603973.233498999965377, 4596623.916406 ], [ 603978.260974999982864, 4596636.448219999670982 ], [ 603980.132477, 4596646.735829999670386 ], [ 603996.4347429999616, 4596658.186509000137448 ], [ 604016.76653499994427, 4596652.394407999701798 ], [ 604032.149183999979869, 4596640.801009999588132 ], [ 604047.965210999944247, 4596630.990628000348806 ], [ 604064.492574000032619, 4596611.218631000258029 ], [ 604065.31766299996525, 4596576.595352999866009 ], [ 604066.831434999941848, 4596551.50974200014025 ], [ 604064.390468999976292, 4596515.329118999652565 ], [ 604096.406734999967739, 4596503.254068000242114 ], [ 604115.24565099994652, 4596480.650558000430465 ], [ 604123.741531, 4596456.431965 ], [ 604126.240669999970123, 4596385.654141999781132 ], [ 604116.528509999974631, 4596347.836105999536812 ], [ 604096.147906000027433, 4596315.882794000208378 ], [ 604044.186735, 4596273.824064999818802 ], [ 604044.965768, 4596264.951645 ], [ 604068.14038800005801, 4596272.204118000343442 ], [ 604081.912019000039436, 4596279.76516 ], [ 604124.683482000022195, 4596288.266723999753594 ], [ 604147.802773999981582, 4596276.796342000365257 ], [ 604148.196803999948315, 4596249.506978999823332 ], [ 604159.63422799995169, 4596226.807807000353932 ], [ 604194.819239999982528, 4596200.020924 ], [ 604217.191938000032678, 4596198.078801999799907 ], [ 604228.382552, 4596213.853535999543965 ], [ 604242.668643999961205, 4596219.889887999743223 ], [ 604247.566674, 4596188.234886 ], [ 604264.622752, 4596186.271595999598503 ], [ 604268.731937999953516, 4596209.195329999551177 ], [ 604313.821199, 4596215.01088900025934 ], [ 604347.472167000058107, 4596243.536701000295579 ], [ 604324.312133, 4596257.215680999681354 ], [ 604329.400893999962136, 4596272.413730000145733 ], [ 604340.715057999943383, 4596300.971819999627769 ], [ 604373.431835000053979, 4596277.503674999810755 ], [ 604388.201740000047721, 4596262.781742 ], [ 604393.45718999998644, 4596255.49545899964869 ], [ 604423.764156, 4596241.686963999643922 ], [ 604465.166107999975793, 4596204.119977000169456 ], [ 604477.82275299995672, 4596190.100515999831259 ], [ 604497.116840000031516, 4596208.813629999756813 ], [ 604524.218247000011615, 4596207.729391000233591 ], [ 604541.438846, 4596193.842802000232041 ], [ 604545.332346000010148, 4596181.484292999841273 ], [ 604539.187908999971114, 4596163.705620000138879 ], [ 604534.887634000042453, 4596135.593090999871492 ], [ 604523.227375000016764, 4596122.887032999657094 ], [ 604525.517884999979287, 4596103.065209999680519 ], [ 604537.799099000054412, 4596089.62894899956882 ], [ 604574.50761800003238, 4596074.781165 ], [ 604624.867263, 4596057.966151 ], [ 604677.274887999985367, 4596028.31096800044179 ], [ 604719.512037000036798, 4595987.437214000150561 ], [ 604760.73187300004065, 4595931.579915000125766 ], [ 604813.464026, 4595884.862614000216126 ], [ 604825.020098999957554, 4595875.436148 ], [ 604836.122155, 4595866.236298999749124 ], [ 604844.25527800002601, 4595861.446263000369072 ], [ 604858.60413, 4595860.311161000281572 ], [ 604867.187688000034541, 4595870.474496999755502 ], [ 604892.495960999978706, 4595869.954075999557972 ], [ 604918.249946000054479, 4595869.207029 ], [ 604948.315087000024505, 4595864.747223 ], [ 604963.472606000024825, 4595869.420701 ], [ 604978.046636000042781, 4595868.300216999836266 ], [ 604990.816682999953628, 4595867.819783999584615 ], [ 604996.242735999985598, 4595879.269880999810994 ], [ 604996.81805300002452, 4595886.196429000236094 ], [ 605006.520907999947667, 4595884.249992 ], [ 605069.322151000029407, 4595857.580546 ], [ 605083.909329000045545, 4595855.560991999693215 ], [ 605094.41488199995365, 4595856.391413999721408 ], [ 605109.982884999946691, 4595848.356393000110984 ], [ 605115.828873, 4595846.442742999643087 ], [ 605149.379869000054896, 4595837.648236 ], [ 605170.896138999960385, 4595816.685430999845266 ], [ 605181.367025000043213, 4595805.011668000370264 ], [ 605188.477886999957263, 4595793.066834 ], [ 605202.270840000011958, 4595765.384255999699235 ], [ 605220.388112999964505, 4595723.950621999800205 ], [ 605234.208399, 4595707.573003999888897 ], [ 605245.251794000039808, 4595661.25015200022608 ], [ 605248.081920000026003, 4595652.074602999724448 ], [ 605240.86956999998074, 4595639.487793000414968 ], [ 605234.437011, 4595635.818272000178695 ], [ 605231.694702, 4595626.383762000128627 ], [ 605245.137339, 4595607.86856499966234 ], [ 605258.410552000044845, 4595603.831346999853849 ], [ 605275.570584999979474, 4595613.742751000449061 ], [ 605285.165232999948785, 4595611.806200999766588 ], [ 605294.983421999961138, 4595598.557314 ], [ 605303.353600000031292, 4595592.438682000152767 ], [ 605307.250558000057936, 4595586.243660000152886 ], [ 605307.216280999942683, 4595576.582135999575257 ], [ 605306.206342000048608, 4595565.707073000259697 ], [ 605291.985541000030935, 4595558.592441 ], [ 605267.172300999984145, 4595555.998323 ], [ 605246.005925999954343, 4595548.327154999598861 ], [ 605240.802091000019573, 4595537.102206000126898 ], [ 605237.122418000013568, 4595512.951507000252604 ], [ 605241.016546000028029, 4595460.594509 ], [ 605260.732955000014044, 4595429.200655999593437 ], [ 605275.055039, 4595399.0718 ], [ 605283.646724, 4595377.787463 ], [ 605280.879001999972388, 4595368.374777000397444 ], [ 605293.551599, 4595345.462097999639809 ], [ 605321.738064000033773, 4595292.016086 ], [ 605332.785326999961399, 4595279.240470999851823 ], [ 605347.832318000029773, 4595276.117661999538541 ], [ 605361.695915000047535, 4595277.430556000210345 ], [ 605370.570044000050984, 4595283.134666999801993 ], [ 605379.94180300005246, 4595285.059382 ], [ 605414.550521000055596, 4595276.636815000325441 ], [ 605441.59451700001955, 4595264.317181999795139 ], [ 605462.042714999988675, 4595259.485697000287473 ], [ 605485.904740000027232, 4595250.695407000370324 ], [ 605501.735544999944977, 4595240.222005000337958 ], [ 605510.756380000035278, 4595235.889852000400424 ], [ 605554.111740999971516, 4595211.09437 ], [ 605566.464750000042841, 4595192.985767000354826 ], [ 605661.580523999989964, 4595135.034831999801099 ], [ 605706.375620999955572, 4595103.787310999818146 ], [ 605743.091966000036336, 4595073.54323 ], [ 605771.989760000025854, 4595039.642335999757051 ], [ 605800.267462000017986, 4595037.802655000239611 ], [ 605844.457104000030085, 4595047.345530999824405 ], [ 605872.712307999958284, 4595039.642552999779582 ], [ 605890.639548999955878, 4595013.243361 ], [ 605928.469217999954708, 4594937.953877000138164 ], [ 605990.78149600001052, 4594842.502744999714196 ], [ 606055.521768999984488, 4594744.989015 ], [ 606071.742096, 4594727.459975999779999 ], [ 606086.905332, 4594716.533801999874413 ], [ 606098.995330999954604, 4594710.215322 ], [ 606144.710170999984257, 4594668.967519000172615 ], [ 606162.784923000028357, 4594657.64013500045985 ], [ 606175.473015, 4594647.566100000403821 ], [ 606187.500080000027083, 4594637.02706899959594 ], [ 606195.724044000031427, 4594626.221103999763727 ], [ 606205.214771999977529, 4594620.108849000185728 ], [ 606215.995151999988593, 4594618.268667999655008 ], [ 606224.007380999973975, 4594621.284911000169814 ], [ 606240.264779999968596, 4594622.268234999850392 ], [ 606273.470146000036038, 4594607.954633000306785 ], [ 606314.328831000020728, 4594601.194040999747813 ], [ 606360.212499000015669, 4594587.145343 ], [ 606406.399149999953806, 4594568.415232 ], [ 606428.741588999982923, 4594556.474033 ], [ 606449.205624000052921, 4594550.757120000198483 ], [ 606488.39191300002858, 4594535.722063000313938 ], [ 606520.658443999942392, 4594519.463504999876022 ], [ 606568.513736999942921, 4594508.787708000279963 ], [ 606603.226004999945872, 4594508.41199 ], [ 606626.947709999978542, 4594517.301916999742389 ], [ 606657.77980000001844, 4594544.46425100043416 ], [ 606676.607341, 4594543.85415 ], [ 606700.063562000053935, 4594556.00517600029707 ], [ 606705.392685999977402, 4594550.753723000176251 ], [ 606698.831654999987222, 4594539.940705000422895 ], [ 606694.510989999980666, 4594527.239706000313163 ], [ 606702.486108000040986, 4594504.526398999616504 ], [ 606718.706310000037774, 4594467.954227999784052 ], [ 606736.358877000049688, 4594440.10934 ], [ 606805.609279999975115, 4594391.373762000352144 ], [ 606878.225961999967694, 4594342.033493 ], [ 606947.21789800003171, 4594295.094348999671638 ], [ 607026.891442000051029, 4594253.655577000230551 ], [ 607059.998889000038616, 4594240.543344999663532 ], [ 607103.316103999968618, 4594219.098771999590099 ], [ 607119.566079000011086, 4594211.078033000230789 ], [ 607128.885671, 4594201.399805 ], [ 607148.986585999955423, 4594189.882787000387907 ], [ 607172.077188999974169, 4594173.268741000443697 ], [ 607251.378861999954097, 4594123.886984 ], [ 607281.864191, 4594094.57943999953568 ], [ 607298.397872, 4594082.110321000218391 ], [ 607314.22418000001926, 4594072.295849000103772 ], [ 607333.715960999950767, 4594056.306180000305176 ], [ 607391.896989000029862, 4594029.27656100038439 ], [ 607452.208032, 4593994.927791000343859 ], [ 607520.717672999948263, 4593966.276189000345767 ], [ 607591.14736099995207, 4593928.72565000038594 ], [ 607651.603444, 4593884.775073999539018 ], [ 607728.625766000011936, 4593840.861205000430346 ], [ 607813.245845000026748, 4593798.172073000110686 ], [ 607919.236279999953695, 4593749.773486999794841 ], [ 608004.75185, 4593707.099917000159621 ], [ 608109.299047, 4593650.431629000231624 ], [ 608231.182136000017636, 4593602.719697000458837 ], [ 608353.018782000057399, 4593543.193625000305474 ], [ 608465.945913000032306, 4593494.906945000402629 ], [ 608536.343411999987438, 4593460.707372999750078 ], [ 608599.063383999979123, 4593415.687990999780595 ], [ 608686.918605000013486, 4593366.805462 ], [ 608762.805809000041336, 4593325.328214 ], [ 608882.333634000038728, 4593241.223365999758244 ], [ 608991.144556000013836, 4593169.673591 ], [ 609112.40145, 4593105.231735999695957 ], [ 609136.850756000028923, 4593093.741352999582887 ], [ 609231.511791000026278, 4593049.243428000248969 ], [ 609338.431875, 4592999.313311000354588 ], [ 609404.947401999961585, 4592961.787228000350296 ], [ 609479.406482000020333, 4592919.784788000397384 ], [ 609639.493102999986149, 4592820.904694999568164 ], [ 609700.595090999966487, 4592779.878762000240386 ], [ 609889.578063, 4592696.168033 ], [ 609978.720010000048205, 4592667.619849000126123 ], [ 610165.087171999970451, 4592549.962163000367582 ], [ 610306.442484, 4592476.240639000199735 ], [ 610409.800220999983139, 4592426.049363000318408 ], [ 610518.087314, 4592376.379146000370383 ], [ 610669.242454000050202, 4592298.561312000267208 ], [ 610763.393539999960922, 4592244.002911999821663 ], [ 610836.645687000011094, 4592200.04101200029254 ], [ 610959.229679999989457, 4592124.267002999782562 ], [ 611029.291207000031136, 4592084.277923 ], [ 611086.590542000019923, 4592057.92985999956727 ], [ 611162.745839999988675, 4592029.640340999700129 ], [ 611237.732193000032566, 4592001.911054999567568 ], [ 611251.970198999973945, 4591996.644541 ], [ 611327.032199, 4591980.310925000347197 ], [ 611479.677740999963135, 4591902.854508999735117 ], [ 611588.304569000029005, 4591832.216846999712288 ], [ 611788.611855000024661, 4591732.860333999618888 ], [ 611916.137024999945424, 4591667.672582999803126 ], [ 612062.275277000037022, 4591605.65190100017935 ], [ 612231.200829999987036, 4591519.002024999819696 ], [ 612496.083387000020593, 4591370.451573999598622 ], [ 612766.178055000025779, 4591222.635917999781668 ], [ 613174.630128000047989, 4591015.741019000299275 ], [ 613413.356936999945901, 4590883.026563 ], [ 613496.565841999952681, 4590835.226948999799788 ], [ 613676.255367, 4590737.340648000128567 ], [ 614042.940918999956921, 4590569.725282999686897 ], [ 614153.548256000038236, 4590507.273728 ], [ 614380.46923299995251, 4590349.994771 ], [ 614566.161072000046261, 4590270.292666000314057 ], [ 614711.373846999951638, 4590175.182884000241756 ], [ 614799.400785999954678, 4590135.991748999804258 ], [ 615035.011746000032872, 4589992.896197999827564 ], [ 615207.16284500004258, 4589927.742007000371814 ], [ 615274.417124000028707, 4589891.179325999692082 ], [ 615362.225480000022799, 4589819.520153 ], [ 615620.977496, 4589712.959351999685168 ], [ 615754.775496999965981, 4589638.342555999755859 ], [ 615886.073884999961592, 4589580.667736999690533 ], [ 615988.663292999961413, 4589512.206779999658465 ], [ 616159.312578000011854, 4589403.507404999807477 ], [ 616382.397358000045642, 4589305.250678 ], [ 616549.9816179999616, 4589203.884611000306904 ], [ 616758.279164999956265, 4589104.656666000373662 ], [ 616857.345943999942392, 4589071.564887000247836 ], [ 616910.540825000032783, 4589034.789633999578655 ], [ 616990.401670000050217, 4588998.435104999691248 ], [ 617107.448586000013165, 4588907.335663000121713 ], [ 617202.278874999959953, 4588861.631029999814928 ], [ 617278.154938000021502, 4588842.938780999742448 ], [ 617365.565126999979839, 4588797.859911999665201 ], [ 617451.246172999963164, 4588768.245663000270724 ], [ 617557.871559, 4588681.414868 ], [ 617757.361571999965236, 4588578.37349500041455 ], [ 617800.81371300003957, 4588561.546211999841034 ], [ 617984.392941999947652, 4588458.407151999883354 ], [ 618084.658613999956287, 4588412.702433000318706 ], [ 618251.075288000050932, 4588335.464571 ], [ 618532.842705999966711, 4588200.307604 ], [ 618593.379903999972157, 4588171.815794000402093 ], [ 618666.591815000050701, 4588136.402898999862373 ], [ 618712.608969999942929, 4588118.390336000360548 ], [ 618749.845700999954715, 4588089.528446 ], [ 618806.318004, 4588072.543247000314295 ], [ 618881.685211000032723, 4588032.736881 ], [ 618920.329006999963894, 4588015.448393000289798 ], [ 618977.292511999956332, 4587986.956450999714434 ], [ 619049.827331, 4587949.759327 ], [ 619091.304449000046588, 4587929.975263999775052 ], [ 619148.269332000054419, 4587901.484644000418484 ], [ 619216.368656, 4587855.131973999552429 ], [ 619276.04686500004027, 4587824.854684 ], [ 619360.913161, 4587789.629679 ], [ 619416.08479500003159, 4587761.055971000343561 ], [ 619541.616573999985121, 4587706.859367 ], [ 619587.713410999975167, 4587684.844515999779105 ], [ 619668.014929999946617, 4587654.456053 ], [ 619723.07786900002975, 4587632.590388 ], [ 619767.490379999973811, 4587603.841186 ], [ 619801.208766, 4587571.350317999720573 ], [ 619851.467842999962159, 4587541.365814000368118 ], [ 619948.610597, 4587496.522745000198483 ], [ 620060.274936, 4587445.480893 ], [ 620172.63382999994792, 4587397.506199999712408 ], [ 620288.280739999958314, 4587359.982427 ], [ 620389.077793000033125, 4587323.390457999892533 ], [ 620454.921885999967344, 4587300.36589 ], [ 620531.293414999963716, 4587264.557422 ], [ 620573.268079999950714, 4587246.011444999836385 ], [ 620647.508531, 4587205.748728999868035 ], [ 620698.646411999943666, 4587177.572506999596953 ], [ 620752.392476, 4587153.90450599975884 ], [ 620837.606428000028245, 4587106.819393999874592 ], [ 620889.03659399994649, 4587080.248515999875963 ], [ 620937.396211000042967, 4587057.380256 ], [ 620988.491567000048235, 4587031.881679000332952 ], [ 621057.835524, 4587003.790303000248969 ], [ 621192.171621000044979, 4586964.49443 ], [ 621241.942835, 4586946.782456999644637 ], [ 621294.892275, 4586915.508955 ], [ 621358.631095999968238, 4586884.861017 ], [ 621469.530415000044741, 4586822.844190999865532 ], [ 621543.40894999995362, 4586775.843306999653578 ], [ 621687.103328000055626, 4586710.360568 ], [ 621770.317104000016116, 4586676.03467 ], [ 621908.08783700002823, 4586608.646304000169039 ], [ 622027.856768000056036, 4586552.595274000428617 ], [ 622110.114213999942876, 4586514.225776 ], [ 622184.968622999964282, 4586489.580581 ], [ 622226.632810999988578, 4586465.708049999549985 ], [ 622300.827125999960117, 4586426.760230000130832 ], [ 622362.9072650000453, 4586388.94091899972409 ], [ 622444.402752000023611, 4586342.966110999695957 ], [ 622517.516424000030383, 4586315.163068999536335 ], [ 622615.481380000011995, 4586276.620876000262797 ], [ 622721.557586999959312, 4586235.530019000172615 ], [ 622792.324310999945737, 4586188.033282999880612 ], [ 622825.956327999942005, 4586161.351369 ], [ 622888.715779999969527, 4586136.507944 ], [ 622933.563835000037216, 4586110.016988 ], [ 622967.303517000051215, 4586091.81096800044179 ], [ 623028.221342999953777, 4586054.88803 ], [ 623073.422977, 4586034.212054999545217 ], [ 623130.465086000040174, 4586002.565740999765694 ], [ 623185.100476, 4585980.718306999653578 ], [ 623274.564471, 4585941.140498000197113 ], [ 623323.228917, 4585901.312602000311017 ], [ 623381.107304999954067, 4585873.702607999555767 ], [ 623444.114415999967605, 4585834.120024000294507 ], [ 623483.363072999985889, 4585820.496887000277638 ], [ 623516.128829999943264, 4585792.903707000426948 ], [ 623569.237235, 4585755.385425000451505 ], [ 623643.607410999946296, 4585707.513953000307083 ], [ 623708.266946000047028, 4585678.545300000347197 ], [ 623800.446562999975868, 4585636.03279700037092 ], [ 623845.240187000017613, 4585613.11118199955672 ], [ 623919.827240000013262, 4585578.650445000268519 ], [ 623983.199425, 4585544.442549999803305 ], [ 624023.460703999968246, 4585524.576101999729872 ], [ 624106.506412000046112, 4585467.917941999621689 ], [ 624174.48306700005196, 4585426.638674000278115 ], [ 624246.298875999986194, 4585397.486476000398397 ], [ 624374.73221399995964, 4585335.802341000176966 ], [ 624483.533994999947026, 4585267.963475000113249 ], [ 624558.343111000023782, 4585220.996989999897778 ], [ 624601.552829999942333, 4585186.447363999672234 ], [ 624639.278413999942131, 4585170.338642000220716 ], [ 624670.670359999989159, 4585151.100325999781489 ], [ 624691.28474599996116, 4585139.1727 ], [ 624700.456282000057399, 4585133.855674999766052 ], [ 624796.325164000038058, 4585088.598136999644339 ], [ 624864.747116000042297, 4585035.038944000378251 ], [ 624934.865215, 4585000.500079000368714 ], [ 624984.146546000032686, 4584977.673792 ], [ 625063.226967000053264, 4584943.735089999623597 ], [ 625107.218791999970563, 4584915.454261000268161 ], [ 625173.622064, 4584888.449609999544919 ], [ 625262.224525999976322, 4584848.425242000259459 ], [ 625338.732115000020713, 4584807.748288 ], [ 625433.372226999956183, 4584756.214072000235319 ], [ 625490.986685000010766, 4584718.332000000402331 ], [ 625549.543684000032954, 4584678.68982 ], [ 625615.608142000040971, 4584645.419669000431895 ], [ 625712.788211000035517, 4584602.428779999725521 ], [ 625774.956342000048608, 4584561.05194600019604 ], [ 625853.453934, 4584535.162979000248015 ], [ 625904.406846, 4584519.956891999579966 ], [ 625947.759581999969669, 4584503.286271999590099 ], [ 626018.774969000020064, 4584469.217349999584258 ], [ 626071.229995999950916, 4584445.109663000330329 ], [ 626127.489479999989271, 4584408.552623 ], [ 626210.31601499998942, 4584366.195496000349522 ], [ 626278.665555999963544, 4584330.749886999838054 ], [ 626341.531596999964677, 4584301.461664999835193 ], [ 626398.858235000050627, 4584280.561944000422955 ], [ 626454.66989400004968, 4584244.443742999807 ], [ 626536.57400400005281, 4584203.417875000275671 ], [ 626588.954750000033528, 4584183.776956999674439 ], [ 626641.950695, 4584154.318701 ], [ 626721.374659999972209, 4584127.555499999783933 ], [ 626780.151428999961354, 4584100.875842000357807 ], [ 626860.844262000056915, 4584078.600804000161588 ], [ 626926.312251999974251, 4584054.282863000407815 ], [ 626976.2072090000147, 4584022.973499 ], [ 627041.001134000020102, 4583986.128693000413477 ], [ 627091.246399999945424, 4583960.645584000274539 ], [ 627133.424380999989808, 4583934.565844000317156 ], [ 627215.257441999972798, 4583898.021698 ], [ 627274.062167000025511, 4583870.44684199988842 ], [ 627407.37237500003539, 4583815.141605 ], [ 627513.729454000014812, 4583787.516947000287473 ], [ 627567.168032999965362, 4583758.961455999873579 ], [ 627625.4423990000505, 4583710.379207000136375 ], [ 627655.922384000034072, 4583686.78381 ], [ 627679.863587999949232, 4583677.377349000424147 ], [ 627695.096907999948598, 4583678.534385999664664 ], [ 627705.381327999988571, 4583680.059518000110984 ], [ 627744.254648, 4583663.764538999646902 ], [ 627784.663049999973737, 4583636.313438000157475 ], [ 627856.573416, 4583578.145046999678016 ], [ 627914.329077000031248, 4583534.031430000439286 ], [ 627973.296970000024885, 4583497.080618999898434 ], [ 628032.958640999975614, 4583463.496446999721229 ], [ 628091.534727000049315, 4583442.620663000270724 ], [ 628155.673791000037454, 4583415.535740000195801 ], [ 628216.881223, 4583385.900685999542475 ], [ 628283.118735000025481, 4583362.219027999788523 ], [ 628341.335247999988496, 4583340.961241000331938 ], [ 628399.047970999963582, 4583302.381187000311911 ], [ 628455.652767000021413, 4583265.003546999767423 ], [ 628507.44366899994202, 4583235.481501 ], [ 628569.161036, 4583214.043266999535263 ], [ 628624.214898, 4583181.20380499958992 ], [ 628671.073186, 4583183.668600999750197 ], [ 628730.61480500001926, 4583161.415655000135303 ], [ 628834.077018999960274, 4583143.664668000303209 ], [ 628886.334921999950893, 4583116.241418999619782 ], [ 628925.764940000022762, 4583092.499416000209749 ], [ 628984.672851999988779, 4583063.185077000409365 ], [ 629063.559423999977298, 4583036.359446999616921 ], [ 629087.522012999979779, 4583028.334975999779999 ], [ 629113.225226999958977, 4583021.196748999878764 ], [ 629137.083180999965407, 4583016.702199 ], [ 629157.306395999970846, 4583014.830507 ], [ 629178.955532999942079, 4583008.508684 ], [ 629235.056281000026502, 4583007.721346000209451 ], [ 629277.339853000012226, 4583001.334859999828041 ], [ 629328.966890000039712, 4582999.568838999606669 ], [ 629389.042283999966457, 4583002.429708000272512 ], [ 629417.258230000035837, 4582980.13364200014621 ], [ 629439.526436000014655, 4582963.995046 ], [ 629453.099016000051051, 4582957.540814000181854 ], [ 629491.964547000010498, 4582942.143232 ], [ 629530.339382000034675, 4582931.745779000222683 ], [ 629602.36217099998612, 4582890.476700999774039 ], [ 629639.350681000039913, 4582879.521927 ], [ 629699.562810000032187, 4582874.336093000136316 ], [ 629746.9814179999521, 4582857.304952999576926 ], [ 629819.305972, 4582827.31572899967432 ], [ 629849.911801, 4582822.05595 ], [ 629874.681534999981523, 4582816.691662999801338 ], [ 629924.81738999998197, 4582798.366572 ], [ 629949.119828999973834, 4582793.882616999559104 ], [ 629980.476344999973662, 4582796.677439000457525 ], [ 629997.137607999960892, 4582793.400344000197947 ], [ 630033.005710999947041, 4582769.911198999732733 ], [ 630068.342404, 4582750.877210999839008 ], [ 630100.076507000019774, 4582733.12249100022018 ], [ 630175.112015999970026, 4582701.841594999656081 ], [ 630222.757886999985203, 4582672.301320999860764 ], [ 630238.749834000016563, 4582656.496491 ], [ 630267.025907999952324, 4582631.083932000212371 ], [ 630343.618576999986544, 4582588.204928000457585 ], [ 630378.271312, 4582557.543401 ], [ 630408.636853000032715, 4582541.098039999604225 ], [ 630461.516322999959812, 4582519.705184999853373 ], [ 630500.684886, 4582512.358907000161707 ], [ 630547.527543999953195, 4582502.474614 ], [ 630587.856554000056349, 4582480.412281 ], [ 630661.470556000014767, 4582454.019391000270844 ], [ 630711.215829, 4582432.571779999881983 ], [ 630744.871605, 4582407.691176 ], [ 630780.994223000016063, 4582370.35008000023663 ], [ 630794.537332999985665, 4582340.642121000215411 ], [ 630807.968099000048824, 4582292.6075280001387 ], [ 630822.986954999971204, 4582256.22944 ], [ 630858.860655999975279, 4582232.733176999725401 ], [ 630885.286388, 4582210.410210999660194 ], [ 630923.047020000056364, 4582182.039554 ], [ 630970.876110999961384, 4582167.255823999643326 ], [ 631050.991689000045881, 4582153.955867 ], [ 631102.965191000024788, 4582133.439592 ], [ 631132.189732, 4582105.359764000400901 ], [ 631147.314164999988861, 4582087.753077000379562 ], [ 631158.375765, 4582071.860918000340462 ], [ 631203.329235999961384, 4582042.722280999645591 ], [ 631249.410673000034876, 4582025.221067000180483 ], [ 631290.260881999973208, 4581999.595813999883831 ], [ 631334.095806000055745, 4581957.921377000398934 ], [ 631374.770895999972709, 4581917.078367000445724 ], [ 631407.060662999982014, 4581893.519709000363946 ], [ 631431.215602000011131, 4581872.956594999879599 ], [ 631451.405054999981076, 4581848.734425 ], [ 631468.304232000024058, 4581832.049025 ], [ 631486.888095999951474, 4581822.10217500012368 ], [ 631496.328569, 4581820.929670000448823 ], [ 631514.185086000012234, 4581826.173624999821186 ], [ 631524.471876000054181, 4581828.148372 ], [ 631554.431810999987647, 4581809.02371700014919 ], [ 631597.891114, 4581763.767866999842227 ], [ 631620.765797000029124, 4581739.594901000149548 ], [ 631645.116888000047766, 4581708.29663799982518 ], [ 631689.631094999960624, 4581678.708642999641597 ], [ 631741.796815, 4581647.916190999560058 ], [ 631789.651400999980979, 4581607.650117999874055 ], [ 631807.755759999970905, 4581574.450713999569416 ], [ 631845.917909999960102, 4581548.768426000140607 ], [ 631923.442919999943115, 4581505.47805199958384 ], [ 632027.36057899997104, 4581442.54535000026226 ], [ 632101.4281089999713, 4581413.742537000216544 ], [ 632154.899739000014961, 4581395.037732999771833 ], [ 632198.813070000032894, 4581367.42971200030297 ], [ 632260.770058, 4581332.121631000190973 ], [ 632297.684366, 4581304.841799000278115 ], [ 632329.04372900002636, 4581290.865557 ], [ 632359.380795, 4581274.238672999665141 ], [ 632408.159337, 4581240.967849000357091 ], [ 632469.581306, 4581204.840963999740779 ], [ 632529.500662000034936, 4581174.517710999585688 ], [ 632565.673291999963112, 4581159.530977999791503 ], [ 632614.926529000047594, 4581146.594008999876678 ], [ 632656.989896000013687, 4581132.026468999683857 ], [ 632705.990833000047132, 4581094.508055999875069 ], [ 632758.643552999943495, 4581056.334954 ], [ 632795.713941999943927, 4581040.35513 ], [ 632869.607930000056513, 4581006.825569 ], [ 632911.570757, 4580994.623177000321448 ], [ 632953.558172, 4580981.08875900041312 ], [ 632979.445208000019193, 4580964.57154 ], [ 633000.323961999965832, 4580951.993971000425518 ], [ 633021.654407999943942, 4580938.969405 ], [ 633100.449679999961518, 4580900.623228999786079 ], [ 633140.639862000010908, 4580887.056857000105083 ], [ 633180.633345999987796, 4580860.071089000441134 ], [ 633240.923839999944903, 4580827.639064 ], [ 633283.972138999961317, 4580805.185693999752402 ], [ 633317.06948399997782, 4580787.014147000387311 ], [ 633337.227014999953099, 4580764.584353 ], [ 633364.971330999978818, 4580744.526488999836147 ], [ 633392.970090999966487, 4580735.201774000190198 ], [ 633426.133840000024065, 4580713.455799999646842 ], [ 633452.868402000050992, 4580699.643438000231981 ], [ 633493.68502700002864, 4580676.694828 ], [ 633550.677205999963917, 4580653.155945999547839 ], [ 633610.921449000015855, 4580622.969421000219882 ], [ 633651.34527499997057, 4580597.326774000190198 ], [ 633703.543996999971569, 4580565.648833000101149 ], [ 633758.854887999943458, 4580535.372496999800205 ], [ 633797.73499200004153, 4580520.441638000309467 ], [ 633832.222781999967992, 4580500.065697999671102 ], [ 633912.709987999987788, 4580467.567661999724805 ], [ 633956.189645000034943, 4580446.458804000169039 ], [ 633984.757569, 4580430.894134 ], [ 634021.052879999973811, 4580409.652873000130057 ], [ 634075.168726, 4580371.749142999760807 ], [ 634120.670866, 4580338.162158999592066 ], [ 634155.587478999979794, 4580319.128341999836266 ], [ 634193.5827209999552, 4580303.294671 ], [ 634262.546816000016406, 4580280.582503000274301 ], [ 634342.439020000048913, 4580234.384316000156105 ], [ 634406.699557999963872, 4580198.259088000282645 ], [ 634484.201216000015847, 4580171.875656999647617 ], [ 634527.344744, 4580167.722764000296593 ], [ 634547.101386999944225, 4580167.645131999626756 ], [ 634562.250122, 4580173.745834999717772 ], [ 634580.954190999967977, 4580181.689531999640167 ], [ 634594.404279, 4580182.383452 ], [ 634618.835100000025705, 4580172.108598999679089 ], [ 634628.66018, 4580150.378817000426352 ], [ 634652.28673599998001, 4580106.826545 ], [ 634769.722551999962889, 4580009.165128 ], [ 634871.499964999966323, 4579957.248797999694943 ], [ 634965.761532000033185, 4579907.304085999727249 ], [ 635042.959907999960706, 4579863.350980999879539 ], [ 635259.516854000044987, 4579754.294266999699175 ], [ 635295.902782000019215, 4579729.040395 ], [ 635368.518044000025839, 4579710.271420000120997 ], [ 635450.916902999975719, 4579655.157991000451148 ], [ 635465.161463, 4579645.628515999764204 ], [ 635509.173003999982029, 4579630.169312000274658 ], [ 635537.287609, 4579615.046268000267446 ], [ 635570.4130910000531, 4579595.985496000386775 ], [ 635592.982009000028484, 4579589.255141999572515 ], [ 635656.030829000053927, 4579584.570311999879777 ], [ 635864.234003999968991, 4579456.072261 ], [ 635889.738684999989346, 4579443.655945000238717 ], [ 635920.021423000027426, 4579432.595363000407815 ], [ 635980.86199999996461, 4579398.496229000389576 ], [ 636126.416695000021718, 4579330.469846 ], [ 636200.686593999969773, 4579308.16383 ], [ 636265.496370999957435, 4579275.396522999741137 ], [ 636337.601095000049099, 4579248.575414 ], [ 636418.065811999957077, 4579204.442289999686182 ], [ 636494.158214999944903, 4579185.916237999685109 ], [ 636589.542494000052102, 4579142.854286000132561 ], [ 636697.672742999973707, 4579115.815611000172794 ], [ 636749.820174, 4579088.178097000345588 ], [ 636790.297096000052989, 4579071.893442000262439 ], [ 636891.185402999981306, 4579019.398931999690831 ], [ 637030.554792999988422, 4578977.117355999536812 ], [ 637109.52158399997279, 4578963.927331999875605 ], [ 637150.309508000034839, 4578943.230242 ], [ 637256.027326000039466, 4578902.004770999774337 ], [ 637323.366017999942414, 4578885.098535999655724 ], [ 637459.315922999987379, 4578865.450208 ], [ 637554.296746999956667, 4578828.334699000231922 ], [ 637658.942809000029229, 4578820.435457999818027 ], [ 638695.09973799996078, 4578698.6580969998613 ], [ 638738.763006999972276, 4578669.306223000399768 ], [ 638785.618356000049971, 4578633.673982 ], [ 638818.050840000039898, 4578620.056318 ], [ 638841.904530000058003, 4578601.643264999613166 ], [ 638868.305834, 4578583.501182000152767 ], [ 638915.977849000017159, 4578550.739687000401318 ], [ 638959.431309, 4578532.435815 ], [ 639008.243333, 4578520.587678999640048 ], [ 639070.145983999944292, 4578510.023702000267804 ], [ 639110.472678, 4578495.5035460004583 ], [ 639143.29628, 4578477.707705999724567 ], [ 639222.811789000057615, 4578438.661984999664128 ], [ 639276.940152999944985, 4578415.455926000140607 ], [ 639350.649210999952629, 4578384.218875999562442 ], [ 639408.857755, 4578349.519356999546289 ], [ 639464.774604000034742, 4578321.295637999661267 ], [ 639527.327475000056438, 4578299.25290699955076 ], [ 639575.394345000036992, 4578275.377096000127494 ], [ 639641.238906000042334, 4578247.60114 ], [ 639708.908398999948986, 4578223.314975 ], [ 639793.131235999986529, 4578200.048068 ], [ 639870.234612999949604, 4578185.318911000154912 ], [ 639942.346641000011005, 4578173.792864000424743 ], [ 640027.20375999994576, 4578168.044472999870777 ], [ 640091.051036000018939, 4578169.732433999888599 ], [ 640149.028001999948174, 4578176.338738 ], [ 640213.541543000028469, 4578186.859110999852419 ], [ 640253.184151, 4578192.800955999642611 ], [ 640284.26739599998109, 4578199.44380300026387 ], [ 640317.771056000026874, 4578213.363854000344872 ], [ 640352.259229999966919, 4578239.986600000411272 ], [ 640366.546821999945678, 4578254.25707000028342 ], [ 640372.809947, 4578261.053190999664366 ], [ 640395.181401, 4578285.342615 ], [ 640404.069303, 4578305.283993000164628 ], [ 640407.07681700005196, 4578312.49471400026232 ], [ 640433.667385000037029, 4578330.679670999757946 ], [ 640452.022330999956466, 4578339.764634000137448 ], [ 640466.309526999946684, 4578354.035311999730766 ], [ 640473.069767000037245, 4578371.025716999545693 ], [ 640477.442451999988407, 4578388.558535000309348 ], [ 640484.374427999951877, 4578401.43180700019002 ], [ 640483.744807000039145, 4578411.037751999683678 ], [ 640481.051554, 4578422.613992 ], [ 640483.110221000039019, 4578466.712930999696255 ], [ 640469.983280000044033, 4578472.500610000453889 ], [ 640468.606709999963641, 4578481.781112999655306 ], [ 640515.328574000042863, 4578507.153373000212014 ], [ 640537.462167000048794, 4578539.33534299954772 ], [ 640552.862781999981962, 4578574.296807000413537 ], [ 640556.343975999974646, 4578588.147305999882519 ], [ 640549.344860999961384, 4578605.537595000118017 ], [ 640534.815215999959037, 4578613.752485999837518 ], [ 640526.077566999942064, 4578620.657987999729812 ], [ 640512.942519000032917, 4578630.332662999629974 ], [ 640506.774318999960087, 4578653.658796000294387 ], [ 640499.784391999943182, 4578680.089915 ], [ 640492.319822, 4578686.953474 ], [ 640491.294908000039868, 4578690.176692999899387 ], [ 640488.4967310000211, 4578698.963193000294268 ], [ 640490.822004999965429, 4578706.382879000157118 ], [ 640509.042297999956645, 4578710.267632000148296 ], [ 640523.328610999975353, 4578724.538452000357211 ], [ 640537.531205, 4578738.807679999619722 ], [ 640541.246137000038289, 4578757.005311000160873 ], [ 640561.229214000049978, 4578756.726135999895632 ], [ 640579.463804999948479, 4578755.546827999874949 ], [ 640598.850077999988571, 4578773.104190000332892 ], [ 640604.841651999973692, 4578764.94605499971658 ], [ 640634.748524999944493, 4578758.739822999574244 ], [ 640647.85381, 4578769.589443 ], [ 640660.937124000047334, 4578778.117421999573708 ], [ 640666.582125999964774, 4578787.83394099958241 ], [ 640679.677873000036925, 4578795.718024999834597 ], [ 640687.125225999974646, 4578781.97944900020957 ], [ 640698.939279000042006, 4578774.822834 ], [ 640728.880889000021853, 4578766.829528000205755 ], [ 640748.799270999967121, 4578773.335637000389397 ], [ 640751.63279900001362, 4578789.483823000453413 ], [ 640782.161459999973886, 4578797.384312000125647 ], [ 640806.389999, 4578801.730744999833405 ], [ 640827.067909999983385, 4578788.937745999544859 ], [ 640846.459671000018716, 4578769.111673999577761 ], [ 640869.771314000012353, 4578774.562261000275612 ], [ 640893.204441, 4578766.432121000252664 ], [ 640920.950375000014901, 4578743.525434999726713 ], [ 640922.950843999977224, 4578724.561196999624372 ], [ 640934.241784999961965, 4578711.608337 ], [ 640940.04196599998977, 4578693.939636000432074 ], [ 640947.296680000028573, 4578650.088023999705911 ], [ 640952.209935000049882, 4578649.639279000461102 ], [ 640956.813942000037059, 4578644.430975000374019 ], [ 640957.778439000016078, 4578636.575256999582052 ], [ 640954.455089999944903, 4578632.301341 ], [ 640947.434565, 4578628.777462 ], [ 640933.856375999981537, 4578626.336782 ], [ 640947.064839, 4578619.807389000430703 ], [ 640950.247105999966152, 4578617.559085000306368 ], [ 640944.67151500005275, 4578616.773256000131369 ], [ 640943.247704999987036, 4578612.947192000225186 ], [ 640948.337514000013471, 4578610.735950999893248 ], [ 640945.610598, 4578603.763659999705851 ], [ 640941.191224999958649, 4578599.4684549998492 ], [ 640942.161486000055447, 4578591.746124999597669 ], [ 640938.015606999979354, 4578587.589513000100851 ], [ 640931.922489000018686, 4578585.438656000420451 ], [ 640932.540676999953575, 4578582.052098999731243 ], [ 640939.219293999951333, 4578581.637640999630094 ], [ 640943.514786000014283, 4578584.986391000449657 ], [ 640948.507638999959454, 4578580.874065999872983 ], [ 640973.232135999947786, 4578577.822673000395298 ], [ 640986.404606999945827, 4578566.261434 ], [ 640982.500703, 4578556.545176999643445 ], [ 640968.323117999942042, 4578556.947141 ], [ 640964.114348000031896, 4578549.135277000255883 ], [ 640969.816637999960221, 4578543.404106000438333 ], [ 640978.61183800001163, 4578525.382697000168264 ], [ 640987.758247000048868, 4578524.605304 ], [ 641008.622321999981068, 4578503.15338 ], [ 641029.356852, 4578487.940808 ], [ 641064.794608999975026, 4578481.033041999675333 ], [ 641089.790424, 4578478.253859000280499 ], [ 641147.075756, 4578468.639426000416279 ], [ 641207.325098, 4578461.12672 ], [ 641213.333116000052541, 4578446.583162999711931 ], [ 641211.0253279999597, 4578432.277564000338316 ], [ 641203.109053, 4578425.748373 ], [ 641181.463859000010416, 4578424.505211999639869 ], [ 641172.235408999957144, 4578429.490113000385463 ], [ 641165.570381000055932, 4578421.885776 ], [ 641161.642289999988861, 4578420.732014000415802 ], [ 641154.982771, 4578405.530989999882877 ], [ 641150.297100999974646, 4578396.854539999738336 ], [ 641127.881485000019893, 4578334.533357 ], [ 641126.474373999983072, 4578322.966395 ], [ 641128.15949, 4578313.358788999728858 ], [ 641131.411631, 4578293.330511 ], [ 641154.567109000054188, 4578247.944744000211358 ], [ 641155.569965000031516, 4578238.990255 ], [ 641153.009842999977991, 4578229.899802999570966 ], [ 641145.446854999987409, 4578223.266498000361025 ], [ 641138.144172, 4578220.892031 ], [ 641130.511928000021726, 4578220.399255 ], [ 641122.716003000037745, 4578223.157487999647856 ], [ 641117.770360999973491, 4578229.558549 ], [ 641115.447001999942586, 4578235.832918000407517 ], [ 641115.397754000034183, 4578241.807222000323236 ], [ 641116.275937999947928, 4578244.42320999968797 ], [ 641120.451083000050858, 4578247.081117000430822 ], [ 641101.684122, 4578287.176823999732733 ], [ 641099.369115, 4578286.99852 ], [ 641094.664602000033483, 4578297.358176000416279 ], [ 641094.245495000039227, 4578312.021625 ], [ 641096.905664999969304, 4578329.310549999587238 ], [ 641092.784805999952368, 4578330.318834000267088 ], [ 641086.273109999950975, 4578366.465808000415564 ], [ 641076.2061939999694, 4578422.313102999702096 ], [ 640926.393252999987453, 4578442.247132999822497 ], [ 640876.141206, 4578387.082848000340164 ], [ 640879.525187000050209, 4578336.092345000244677 ], [ 640881.683547999942675, 4578285.289068000391126 ], [ 640905.09930300002452, 4578286.321362 ], [ 640905.435267, 4578281.951957000419497 ], [ 640901.228933, 4578281.759196000173688 ], [ 640892.617451000027359, 4578282.991356000304222 ], [ 640885.275732, 4578282.626648000441492 ], [ 640887.081216000020504, 4578234.048912 ], [ 640895.018663999973796, 4578233.047992999665439 ], [ 640896.847251, 4578234.138616000302136 ], [ 640906.799070999957621, 4578214.751280999742448 ], [ 640924.101125000044703, 4578189.264921999536455 ], [ 640990.680263999965973, 4578239.460105 ], [ 640995.877053000032902, 4578232.619586000218987 ], [ 641009.845023000030778, 4578241.742887999862432 ], [ 641015.398758, 4578246.682133999653161 ], [ 641021.070783999981359, 4578248.980352999642491 ], [ 641026.575072000036016, 4578249.142883 ], [ 641032.006570999976248, 4578246.160881999880075 ], [ 641034.570727000012994, 4578242.134669999592006 ], [ 641035.571139, 4578236.312136 ], [ 641033.249268000014126, 4578230.458336000330746 ], [ 641020.278518000035547, 4578220.843476999551058 ], [ 641015.966877000057139, 4578214.440109999850392 ], [ 641014.280133, 4578196.148358000442386 ], [ 641014.99473100004252, 4578158.522567000240088 ], [ 641017.871868000016548, 4578109.543619000352919 ], [ 641053.965062999981456, 4578050.503784 ], [ 641086.00827, 4578028.447505 ], [ 641119.04031800001394, 4578019.682776000350714 ], [ 641150.709085999988019, 4578022.053638 ], [ 641195.642242999980226, 4578021.539645000360906 ], [ 641284.739381000050344, 4577985.223454000428319 ], [ 641286.339992000022903, 4577958.476993000134826 ], [ 641308.258128999965265, 4577929.016407 ], [ 641332.590408000047319, 4577901.535427000373602 ], [ 641360.909051000024192, 4577879.974177000112832 ], [ 641388.168630999978632, 4577863.801231999881566 ], [ 641419.908012000028975, 4577847.98225300014019 ], [ 641457.566232000011951, 4577837.276701999828219 ], [ 641487.282408999977633, 4577832.935953999869525 ], [ 641499.7271259999834, 4577833.478512999601662 ], [ 641515.776638000039384, 4577834.169146000407636 ], [ 641524.73906499997247, 4577811.975554999895394 ], [ 641546.838983000023291, 4577783.996337000280619 ], [ 641599.842327, 4577748.345890000462532 ], [ 641640.311863000039011, 4577728.311157000251114 ], [ 641684.289369, 4577711.25503099989146 ], [ 641709.697058000019751, 4577710.684980000369251 ], [ 641721.937465999973938, 4577713.556277999654412 ], [ 641743.360195999965072, 4577718.583917000330985 ], [ 641753.874629999976605, 4577697.542647999711335 ], [ 641769.480506, 4577680.254894999787211 ], [ 641811.286269000032917, 4577647.574702000245452 ], [ 641838.983339000027627, 4577632.244907000102103 ], [ 641858.357711000018753, 4577628.592001000419259 ], [ 641899.8071850000415, 4577616.307922 ], [ 641944.598746999981813, 4577604.778051 ], [ 641958.881013000034727, 4577603.835738000459969 ], [ 641973.372689999989234, 4577602.88644399959594 ], [ 641988.998416000045836, 4577584.62215100042522 ], [ 642008.413569999975152, 4577567.775932 ], [ 642050.546118999947794, 4577532.604481999762356 ], [ 642100.671933999983594, 4577506.05292799975723 ], [ 642150.311817000037991, 4577488.08861 ], [ 642179.044992999988608, 4577481.043584000319242 ], [ 642193.784169, 4577487.129978000186384 ], [ 642213.021388, 4577486.662870000116527 ], [ 642224.517761999974027, 4577473.693667000159621 ], [ 642248.31214000005275, 4577454.268326999619603 ], [ 642295.838072999962606, 4577424.190769 ], [ 642369.035807, 4577388.275298000313342 ], [ 642420.222320999950171, 4577373.05309300031513 ], [ 642433.035187999950722, 4577374.926118000410497 ], [ 642446.857946999953128, 4577376.952267999760807 ], [ 642454.061545999953523, 4577378.004409000277519 ], [ 642480.824543999973685, 4577345.143655999563634 ], [ 642541.402295000036247, 4577306.571968999691308 ], [ 642594.860883999965154, 4577282.277131999842823 ], [ 642650.200158, 4577268.792965999804437 ], [ 642673.134004, 4577269.388194999657571 ], [ 642685.876719000050798, 4577269.727581 ], [ 642721.213235000032, 4577239.002084 ], [ 642795.077733000041917, 4577199.19435300026089 ], [ 642838.360468999948353, 4577176.500280000269413 ], [ 642872.206601000041701, 4577166.681957 ], [ 642906.382271999958903, 4577158.41408499982208 ], [ 642916.520586999948137, 4577151.583292 ], [ 642919.368112999945879, 4577138.766892000101507 ], [ 642952.9405689999694, 4577099.933261999860406 ], [ 643001.227006, 4577065.099267000332475 ], [ 643035.165358999976888, 4577052.340254000388086 ], [ 643083.114184999954887, 4577046.132798000238836 ], [ 643091.970622999942861, 4577049.56162799987942 ], [ 643092.668521999963559, 4577049.830838999710977 ], [ 643112.541792999953032, 4577057.508592999540269 ], [ 643126.347246999968775, 4577034.96798500046134 ], [ 643149.586074, 4577014.623745 ], [ 643200.301715999958105, 4576989.979206999763846 ], [ 643235.703594999969937, 4576978.182928999885917 ], [ 643279.201052000047639, 4576970.622739999555051 ], [ 643292.784888, 4576973.334363999776542 ], [ 643306.088116999948397, 4576980.50531 ], [ 643316.334752999944612, 4576986.027684999629855 ], [ 643328.085066, 4576966.701069000177085 ], [ 643359.011076000053436, 4576936.12464 ], [ 643443.49529, 4576893.478689 ], [ 643494.096062000025995, 4576857.805026999674737 ], [ 643544.566659, 4576820.696375000290573 ], [ 643580.749967999989167, 4576807.98422 ], [ 643629.682620999985375, 4576798.290062 ], [ 643685.985946999979205, 4576777.857686 ], [ 643698.26268699998036, 4576772.602974000386894 ], [ 643724.935651, 4576761.180410999804735 ], [ 643754.745115000056103, 4576747.798662999644876 ], [ 643798.562008999986574, 4576724.221016 ], [ 643827.505149999982677, 4576709.789478999562562 ], [ 643852.533436, 4576697.312970000319183 ], [ 643872.030567000037991, 4576686.814945000223815 ], [ 643893.24734, 4576679.105495999567211 ], [ 643969.487816, 4576645.087302000261843 ], [ 643971.83613199996762, 4576644.034327000379562 ], [ 644055.056705, 4576612.698862999677658 ], [ 644106.112580999964848, 4576597.374489 ], [ 644142.214095999952406, 4576588.472984000109136 ], [ 644231.844523999956436, 4576562.009301000274718 ], [ 644293.606783000053838, 4576529.96136 ], [ 644365.533383999951184, 4576503.813764999620616 ], [ 644406.840419000014663, 4576485.79856999963522 ], [ 644443.273828999954276, 4576467.842112000100315 ], [ 644494.172423999989405, 4576449.163050999864936 ], [ 644556.227161000017077, 4576434.071802999824286 ], [ 644591.456499999971129, 4576424.477595999836922 ], [ 644650.226872000028379, 4576416.252258 ], [ 644744.236416999949142, 4576389.148945 ], [ 644833.656948999967426, 4576375.138856999576092 ], [ 644911.099506000056863, 4576387.002492999657989 ], [ 644982.414354, 4576413.48312299977988 ], [ 644997.895945, 4576447.800967999733984 ], [ 645004.425608000019565, 4576469.633833999745548 ], [ 645010.053418, 4576480.031034000217915 ], [ 645024.01821100001689, 4576489.261998999863863 ], [ 645041.356164, 4576498.116124999709427 ], [ 645067.674177999957465, 4576507.138648999854922 ], [ 645089.412510999944061, 4576520.767854999750853 ], [ 645119.909601000021212, 4576533.905833000317216 ], [ 645155.350216, 4576535.958371999673545 ], [ 645178.135662000044249, 4576542.01182399969548 ], [ 645196.037161999964155, 4576545.279836 ], [ 645220.210367999970913, 4576549.339766000397503 ], [ 645244.486406999989413, 4576548.259437999688089 ], [ 645269.7205880000256, 4576544.06628 ], [ 645291.360091999988072, 4576540.023389999754727 ], [ 645328.589491000049748, 4576530.928140999749303 ], [ 645375.629058000049554, 4576514.421459999866784 ], [ 645451.742057000054047, 4576492.677674000151455 ], [ 645522.389028999954462, 4576475.078951999545097 ], [ 645577.053624000051059, 4576458.726404 ], [ 645637.667340000043623, 4576437.562231999821961 ], [ 645737.244415999972261, 4576410.261215000413358 ], [ 645765.359892999986187, 4576408.137907999567688 ], [ 645794.316922000027262, 4576408.719437000341713 ], [ 645824.970041999942623, 4576414.477568999864161 ], [ 645859.942520000040531, 4576428.608242000453174 ], [ 645879.663335000048392, 4576441.755059000104666 ], [ 645908.256044000037946, 4576460.455915999598801 ], [ 645930.441083000041544, 4576473.874547 ], [ 645961.093843, 4576479.633263000287116 ], [ 646015.557495999964885, 4576484.982501000165939 ], [ 646108.830891, 4576492.223896999843419 ], [ 646172.039988999953493, 4576497.750353000126779 ], [ 646210.49686399998609, 4576506.355127000249922 ], [ 646254.163779999944381, 4576523.561750999651849 ], [ 646308.556745999958366, 4576554.412912 ], [ 646343.098360999953002, 4576579.044303 ], [ 646375.270692000049166, 4576598.26352300029248 ], [ 646411.747030999977142, 4576615.781517 ], [ 646472.45959700003732, 4576633.777626999653876 ], [ 646524.40781, 4576641.32355900015682 ], [ 646574.394119999953546, 4576645.687031 ], [ 646614.134053000016138, 4576646.256383 ], [ 646668.853735000011511, 4576638.865174000151455 ], [ 646727.037246000021696, 4576626.624080999754369 ], [ 646826.897281000041403, 4576585.460133999586105 ], [ 646903.905336000025272, 4576542.057903000153601 ], [ 646983.424106, 4576496.685848000459373 ], [ 647017.75350700004492, 4576475.900485999882221 ], [ 647048.09505, 4576452.357750999741256 ], [ 647088.878212000010535, 4576412.244306 ], [ 647155.078761999960989, 4576359.440273 ], [ 647182.165763000026345, 4576330.456384000368416 ], [ 647205.938189, 4576309.691061999648809 ], [ 647230.076038000057451, 4576293.620303000323474 ], [ 647263.950447999988683, 4576273.060049000196159 ], [ 647309.124928000033833, 4576249.363869000226259 ], [ 647396.629578000050969, 4576220.040915000252426 ], [ 647483.153064999962226, 4576194.952968999743462 ], [ 647537.719694999977946, 4576184.19962599966675 ], [ 647596.214815999963321, 4576176.258839 ], [ 647620.815289000049233, 4576172.916066999547184 ], [ 647639.811068000039086, 4576177.556285000406206 ], [ 647666.398843999952078, 4576184.361319 ], [ 647678.557156999944709, 4576193.7829 ], [ 647690.589750000042841, 4576198.270502000115812 ], [ 647702.449902000022121, 4576200.533246000297368 ], [ 647720.433411999954842, 4576199.777366999536753 ], [ 647730.78471699997317, 4576198.42193999979645 ], [ 647742.008062000037171, 4576198.650341999717057 ], [ 647761.140425, 4576196.574015 ], [ 647796.37109499995131, 4576187.22836900036782 ], [ 647880.549527000053786, 4576166.795535 ], [ 647917.589902000036091, 4576156.587670999579132 ], [ 647937.537927999976091, 4576147.364488 ], [ 647969.820776000036858, 4576139.303523999638855 ], [ 648008.694743999978527, 4576116.382793 ], [ 648039.17155199998524, 4576097.533850000239909 ], [ 648064.443307999987155, 4576080.600320000201464 ], [ 648077.345165999955498, 4576075.720979999750853 ], [ 648109.288286000024527, 4576051.0933250002563 ], [ 648134.42115399998147, 4576029.903256 ], [ 648149.328102999948896, 4576014.991007000207901 ], [ 648158.274392000050284, 4576005.777150000445545 ], [ 648166.23384, 4576001.019236999563873 ], [ 648180.648630999960005, 4575987.663073999807239 ], [ 648199.173765999963507, 4575971.480836000293493 ], [ 648229.30625499994494, 4575936.742766000330448 ], [ 648246.617190000019036, 4575913.60515100043267 ], [ 648283.05414300004486, 4575855.960327999666333 ], [ 648316.483231000020169, 4575802.941328999586403 ], [ 648368.248064000043087, 4575720.541760999709368 ], [ 648396.598925999947824, 4575673.916849999688566 ], [ 648425.765416000038385, 4575620.589037000201643 ], [ 648472.614600999979302, 4575548.152487000450492 ], [ 648494.435592000023462, 4575524.441205999813974 ], [ 648522.721472, 4575492.121086999773979 ], [ 648557.542375999968499, 4575458.824074000120163 ], [ 648600.53632800001651, 4575421.440523000434041 ], [ 648638.23568200005684, 4575400.964610000140965 ], [ 648670.612897000042722, 4575377.458797999657691 ], [ 648706.286556, 4575357.374915 ], [ 648745.014273999957368, 4575330.878426999785006 ], [ 648767.405170000041835, 4575312.533107000403106 ], [ 648790.346387999947183, 4575300.030259000137448 ], [ 648812.725790999946184, 4575292.880606999620795 ], [ 648834.786802000016905, 4575290.644861999899149 ], [ 648855.629274999955669, 4575281.675624 ], [ 648884.222887999960221, 4575256.527076999656856 ], [ 648917.156456000055186, 4575238.631597000174224 ], [ 649005.194319, 4575184.280887000262737 ], [ 649063.257275999989361, 4575146.08731499966234 ], [ 649098.753011, 4575123.769115 ], [ 649124.31737099995371, 4575114.897559000179172 ], [ 649194.429551, 4575091.50250899977982 ], [ 649281.967365000047721, 4575072.264871999621391 ], [ 649353.695457000052556, 4575054.635719999670982 ], [ 649370.523827999946661, 4575047.906701000407338 ], [ 649426.166638999944553, 4575007.42251200042665 ], [ 649429.22679500002414, 4575000.332596999593079 ], [ 649429.61385700001847, 4574992.510157999582589 ], [ 649428.224261000053957, 4574983.52936 ], [ 649422.048320999951102, 4574978.026522000320256 ], [ 649413.79972, 4574975.168931 ], [ 649404.341942999977618, 4574976.540436999872327 ], [ 649395.92372299998533, 4574981.52088600024581 ], [ 649392.233743999968283, 4574986.254289999604225 ], [ 649390.021146000013687, 4574990.818160999566317 ], [ 649353.149024000042118, 4575018.90452800039202 ], [ 649336.316114000044763, 4575027.888206999748945 ], [ 649258.837305999943055, 4575050.686250999569893 ], [ 649252.096677999943495, 4575033.132028000429273 ], [ 649154.581056999973953, 4575063.149867 ], [ 649148.312874999945052, 4575062.132576 ], [ 649091.188210000051185, 4574953.811028 ], [ 649032.372122999979183, 4574861.715857 ], [ 649028.127012999961153, 4574690.670994999818504 ], [ 649025.142863000044599, 4574662.642540000379086 ], [ 649024.170278999954462, 4574642.696770000271499 ], [ 649025.437761, 4574624.596283 ], [ 649034.501616999972612, 4574609.7879179995507 ], [ 649042.156135000055656, 4574587.342403000220656 ], [ 649068.518209, 4574550.297576 ], [ 649267.407485999981873, 4574447.855561000294983 ], [ 649390.216629000031389, 4574396.222883 ], [ 649455.859314, 4574371.849539999850094 ], [ 649507.46505400002934, 4574353.207808 ], [ 649540.363075, 4574348.298208000138402 ], [ 649583.620979, 4574346.245542 ], [ 649637.549131999956444, 4574352.309982 ], [ 649659.678896000026725, 4574357.464141 ], [ 649671.437997999950312, 4574364.759348000399768 ], [ 649674.665066999965347, 4574367.069449 ], [ 649675.55559, 4574372.219215 ], [ 649674.284739000024274, 4574379.023810000158846 ], [ 649668.399235000018962, 4574392.330853999592364 ], [ 649666.363795000012033, 4574398.442171 ], [ 649666.756549000041559, 4574406.61388 ], [ 649658.147779, 4574421.208762000314891 ], [ 649673.898136000032537, 4574430.70764399971813 ], [ 649682.516079999972135, 4574415.668691 ], [ 649687.096915, 4574411.620191999711096 ], [ 649693.510463000042364, 4574394.636532000266016 ], [ 649698.015528999967501, 4574388.576116999611259 ], [ 649705.629543000017293, 4574389.743770999833941 ], [ 649710.899030999979004, 4574390.074516999535263 ], [ 649714.5662, 4574392.160461000166833 ], [ 649723.925718000042252, 4574395.596612 ], [ 649740.878781000035815, 4574417.849015000276268 ], [ 649771.374426999944262, 4574485.985910000279546 ], [ 649780.31559000001289, 4574499.143221000209451 ], [ 649804.204042, 4574516.862778999842703 ], [ 649811.085929000051692, 4574531.999132 ], [ 649820.043840000056662, 4574859.795319999568164 ], [ 649817.016108999960124, 4574889.244110999628901 ], [ 649696.747916999971494, 4575136.748836000449955 ], [ 649688.563471999950707, 4575157.605637 ], [ 649689.186247, 4575171.268950000405312 ], [ 649693.953116000047885, 4575181.330168999731541 ], [ 649702.078182999975979, 4575188.539483999833465 ], [ 649712.158391, 4575189.869097 ], [ 649723.004285000031814, 4575186.960536000318825 ], [ 649731.008145999978296, 4575179.739418 ], [ 649735.696605999954045, 4575170.450690000317991 ], [ 649858.296845, 4574904.534869999624789 ], [ 649861.388528999988921, 4574886.605349999852479 ], [ 649859.184469999978319, 4574862.735388999804854 ], [ 649846.917121, 4574533.060355000197887 ], [ 649843.466841000015847, 4574508.287259999662638 ], [ 649827.328280000016093, 4574441.701243000105023 ], [ 649821.355805999948643, 4574414.954636 ], [ 649810.281203, 4574363.922931999899447 ], [ 649774.141814999980852, 4574318.871980999596417 ], [ 649755.557170000043698, 4574294.097911999560893 ], [ 649750.86156, 4574282.583147999830544 ], [ 649754.121735999942757, 4574249.162859000265598 ], [ 649772.510663000051863, 4574212.755711999721825 ], [ 649824.501215999945998, 4574153.628070999868214 ], [ 649936.743122000014409, 4574070.675653000362217 ], [ 650083.507908000028692, 4574002.099585000425577 ], [ 650211.856701000011526, 4573944.097046 ], [ 650316.348466999945231, 4573910.227238000370562 ], [ 650375.166211999952793, 4573901.148275 ], [ 650443.252598, 4573900.325399000197649 ], [ 650567.48141, 4573911.629139999859035 ], [ 650679.202963000047021, 4573940.802264999598265 ], [ 650746.735599, 4573977.556953 ], [ 650778.43981300003361, 4573986.72288899961859 ], [ 650837.880050000036135, 4573980.348491 ], [ 650918.187201999942772, 4573964.55608700029552 ], [ 651006.046307999989949, 4573952.953382999636233 ], [ 651034.88989, 4573948.63255999982357 ], [ 651064.914042999967933, 4573952.389014 ], [ 651111.556737, 4573956.491248999722302 ], [ 651151.911967, 4573960.462964000180364 ], [ 651190.265594, 4573952.753046999685466 ], [ 651215.897419000044465, 4573940.979899000376463 ], [ 651265.890194999985397, 4573902.857141000218689 ], [ 651301.240556000033394, 4573866.440124000422657 ], [ 651343.661818000022322, 4573835.990666000172496 ], [ 651390.542093000025488, 4573807.4225949998945 ], [ 651474.047742999973707, 4573746.052733999677002 ], [ 651546.487175000016578, 4573676.389193000271916 ], [ 651563.782479000044987, 4573666.009417999535799 ], [ 651589.442296999972314, 4573663.412550999782979 ], [ 651623.076869999989867, 4573666.802310000173748 ], [ 651675.762422999949194, 4573661.182207999750972 ], [ 651706.422753000049852, 4573634.521107000298798 ], [ 651737.535654, 4573607.858470000326633 ], [ 651806.672535000019707, 4573610.657749 ], [ 651861.416301000048406, 4573571.516297999769449 ], [ 651937.166252000024542, 4573537.27953 ], [ 651977.847116000019014, 4573504.564643999561667 ], [ 652013.955914000049233, 4573453.383147999644279 ], [ 652092.365298000047915, 4573421.447185999713838 ], [ 652222.735652999952435, 4573289.892101 ], [ 652282.422203999944031, 4573229.364867 ], [ 652336.697722999961115, 4573170.068606999702752 ], [ 652400.828064, 4573111.434779999777675 ], [ 652469.42678400001023, 4572947.677302000112832 ], [ 652536.566766, 4572896.26069 ], [ 652572.457869000034407, 4572877.321154000237584 ], [ 652616.729293999960646, 4572844.673836999572814 ], [ 652690.037525000050664, 4572799.208238 ], [ 652744.679464000044391, 4572765.435580999590456 ], [ 652845.068899999954738, 4572735.302109000273049 ], [ 652912.646987000014633, 4572706.29002199973911 ], [ 652956.147767000016756, 4572689.28954999987036 ], [ 653049.815956, 4572637.102905999869108 ], [ 653127.193331000045873, 4572611.864501999691129 ], [ 653147.208775999955833, 4572600.645908 ], [ 653180.585322999977507, 4572594.640545000322163 ], [ 653217.751507999957539, 4572579.751722999848425 ], [ 653243.594323000055738, 4572569.100522000342607 ], [ 653265.543469000025652, 4572551.214270000346005 ], [ 653291.830270000034943, 4572540.572595000267029 ], [ 653322.755336, 4572523.320112000219524 ], [ 653343.205786, 4572512.555497 ], [ 653366.418732000049204, 4572498.716999 ], [ 653398.786779999965802, 4572477.019070999696851 ], [ 653438.453247, 4572450.099465000443161 ], [ 653459.480103999958374, 4572433.082867000252008 ], [ 653489.171314000035636, 4572410.429116000421345 ], [ 653526.970945999957621, 4572387.047058999538422 ], [ 653554.192529, 4572374.637772000394762 ], [ 653587.903314, 4572365.17582399956882 ], [ 653604.234973000013269, 4572357.479322000406682 ], [ 653627.467716000042856, 4572343.941925999708474 ], [ 653645.697242000023834, 4572328.110717000439763 ], [ 653670.352497000014409, 4572315.05891599971801 ], [ 653700.174238999956287, 4572298.173379000276327 ], [ 653737.14433000003919, 4572273.275341999717057 ], [ 653739.166366999968886, 4572258.478865999728441 ], [ 653766.951364999986254, 4572246.804221999831498 ], [ 653781.373961, 4572246.998266999609768 ], [ 653797.527577999979258, 4572239.820450000464916 ], [ 653817.7249839999713, 4572233.961140000261366 ], [ 653829.397165999980643, 4572231.897846999578178 ], [ 653840.834090000018477, 4572230.262774 ], [ 653850.450282, 4572243.006361000239849 ], [ 653866.121059000026435, 4572245.581725000403821 ], [ 653884.515709000057541, 4572247.315104000270367 ], [ 653896.736179, 4572243.09761600010097 ], [ 653914.773603999987245, 4572240.336187000386417 ], [ 653928.162250000052154, 4572244.65162600018084 ], [ 653944.285206999978982, 4572247.236735999584198 ], [ 653972.118757999967784, 4572248.714851999655366 ], [ 654003.243050000048243, 4572243.554023999720812 ], [ 654038.9222829999635, 4572235.357611999846995 ], [ 654054.687856000033207, 4572233.459175 ], [ 654066.303438000031747, 4572236.837607 ], [ 654077.447979000047781, 4572241.094653000123799 ], [ 654083.575513000017963, 4572248.844111000187695 ], [ 654093.286354999989271, 4572257.102721 ], [ 654110.833508000010625, 4572256.130754999816418 ], [ 654136.855652999947779, 4572258.481894000433385 ], [ 654185.961645000032149, 4572252.803488999605179 ], [ 654244.84461300005205, 4572252.264495000243187 ], [ 654279.852434, 4572254.795723999850452 ], [ 654314.642799000022933, 4572267.174645000137389 ], [ 654335.668386999983341, 4572271.652985 ], [ 654356.789201, 4572271.646073999814689 ], [ 654383.321579999988899, 4572270.876686000265181 ], [ 654408.043274999945424, 4572270.946406000293791 ], [ 654452.527662000036798, 4572271.447226 ], [ 654490.442201999947429, 4572263.744798 ], [ 654514.939952000044286, 4572253.069383 ], [ 654567.709870000020601, 4572222.857692999765277 ], [ 654678.361424, 4572134.098414000123739 ], [ 654704.803331000031903, 4572116.745067999698222 ], [ 654724.481243000016548, 4572099.92538100015372 ], [ 654736.537006999948062, 4572093.251051999628544 ], [ 654743.540448999963701, 4572081.082153 ], [ 654753.736535000032745, 4572066.526515999808908 ], [ 654763.913750999956392, 4572052.859073 ], [ 654777.533629999961704, 4572035.688395 ], [ 654791.958007000037469, 4572023.233256 ], [ 654815.227683000033721, 4572006.945677 ], [ 654849.153198000043631, 4571986.397799000144005 ], [ 654881.047551000025123, 4571966.028940999880433 ], [ 654915.818087000050582, 4571947.520889 ], [ 654967.583204000024125, 4571912.358869000338018 ], [ 655005.310568999964744, 4571892.337018 ], [ 655056.887283000047319, 4571876.653798 ], [ 655110.761458000051789, 4571858.543022000230849 ], [ 655177.228259, 4571829.072060000151396 ], [ 655229.049779, 4571801.965814 ], [ 655292.544524000026286, 4571764.590628 ], [ 655342.070969, 4571739.457654999569058 ], [ 655391.434095000033267, 4571722.374327999539673 ], [ 655441.84413800004404, 4571708.457084000110626 ], [ 655477.060158999986015, 4571690.405410000123084 ], [ 655495.281385999987833, 4571679.154620000161231 ], [ 655537.846081000054255, 4571664.614822999574244 ], [ 655626.61797799996566, 4571632.925943999551237 ], [ 655658.776572, 4571621.529609999619424 ], [ 655687.050635, 4571612.727098999544978 ], [ 655708.981037999968976, 4571606.710062 ], [ 655750.662054999964312, 4571601.782619999721646 ], [ 655768.235223999945447, 4571599.693277000449598 ], [ 655804.564796000020579, 4571593.085346999578178 ], [ 655846.697718000039458, 4571577.638353000395 ], [ 655875.072659999947064, 4571564.15140900015831 ], [ 655918.731908999965526, 4571540.451445000246167 ], [ 655954.830459999968298, 4571523.542759000323713 ], [ 655984.808005, 4571509.190902999602258 ], [ 656020.504409000044689, 4571500.104599 ], [ 656044.993082999950275, 4571500.630150999873877 ], [ 656067.049723000032827, 4571499.304185000248253 ], [ 656085.687604999984615, 4571499.93754000030458 ], [ 656101.893698, 4571498.708228000439703 ], [ 656112.922371000051498, 4571497.834289999678731 ], [ 656128.708438999950886, 4571495.485279999673367 ], [ 656147.80351, 4571485.365557 ], [ 656160.993711999966763, 4571478.262442000210285 ], [ 656188.627635000040755, 4571468.115187999792397 ], [ 656213.800992000033148, 4571467.978461000137031 ], [ 656233.340106999967247, 4571468.398299000225961 ], [ 656274.395596000016667, 4571461.44992099981755 ], [ 656334.484086000011303, 4571447.291322999633849 ], [ 656371.302402999950573, 4571438.675122999586165 ], [ 656430.211307000019588, 4571416.661208 ], [ 656475.901358, 4571392.563856 ], [ 656529.923847, 4571367.535415999591351 ], [ 656609.561857, 4571343.281201999634504 ], [ 656674.675566000049002, 4571325.42373 ], [ 656889.609501000028104, 4571227.969894000329077 ], [ 656979.247778999968432, 4571197.470844999887049 ], [ 657114.256116, 4571167.59761600010097 ], [ 657202.401675999979489, 4571153.130361 ], [ 657243.973368, 4571123.228255 ], [ 657378.927584000048228, 4571086.305402000434697 ], [ 657735.851985999965109, 4571002.146882000379264 ], [ 657880.75198099995032, 4570954.319128000177443 ], [ 658030.122272999957204, 4570909.879135999828577 ], [ 658108.251716000027955, 4570904.257577000185847 ], [ 658135.823760999948718, 4570919.552361000329256 ], [ 658154.806022000033408, 4570935.637892999686301 ], [ 658167.123467999976128, 4570948.00189 ], [ 658215.371800999972038, 4570961.58077699970454 ], [ 658282.352433, 4570982.298875000327826 ], [ 658404.377452000044286, 4570993.464367999695241 ], [ 658492.259143, 4570983.294264 ], [ 658596.492049, 4570964.962311999872327 ], [ 658719.62526500003878, 4570939.568938000127673 ], [ 658804.12892299995292, 4570926.052079999819398 ], [ 658880.35149100003764, 4570934.881423999555409 ], [ 658977.850081000011414, 4570957.51689499989152 ], [ 659069.1079440000467, 4570980.028292000293732 ], [ 659167.349413000047207, 4570987.054215 ], [ 659253.345371, 4570962.056628 ], [ 659280.910848999978043, 4570951.530541 ], [ 659359.461763, 4570885.828303 ], [ 659397.543011000030674, 4570848.608222000300884 ], [ 659454.481853, 4570789.120023 ], [ 659520.423243999946862, 4570756.310271999798715 ], [ 659601.105211999965832, 4570722.002925000153482 ], [ 659663.682251999969594, 4570705.082248999737203 ], [ 659707.196749, 4570690.742510000243783 ], [ 659732.134561000042595, 4570676.694763000123203 ], [ 659752.626521000056528, 4570661.705255 ], [ 659762.351962000015192, 4570649.678275000303984 ], [ 659769.091356000048108, 4570635.486363000236452 ], [ 659775.81663999997545, 4570624.226563000120223 ], [ 659780.935166000039317, 4570610.576647999696434 ], [ 659797.356498999986798, 4570603.128773 ], [ 659812.51248899998609, 4570603.306295 ], [ 659834.082602999988012, 4570612.488713 ], [ 659854.594644999946468, 4570624.435960999689996 ], [ 659870.226537000038661, 4570629.267063000239432 ], [ 659893.69704, 4570635.481267999857664 ], [ 659906.103234000038356, 4570641.041282 ], [ 659911.899515999946743, 4570643.456907000392675 ], [ 659922.760203000041656, 4570646.1283 ], [ 659938.953294, 4570646.395542000420392 ], [ 659957.113215000019409, 4570639.919301000423729 ], [ 659966.880865999963135, 4570630.181682 ], [ 659958.997425999958068, 4570604.927195999771357 ], [ 659961.254887999966741, 4570571.254006000235677 ], [ 659982.834616999956779, 4570541.138190999627113 ], [ 660016.756866000010632, 4570522.157270999625325 ], [ 660072.958683999953791, 4570512.119761000387371 ], [ 660162.323163000051863, 4570520.67403700016439 ], [ 660239.889241999946535, 4570540.199319999665022 ], [ 660290.986745, 4570574.692791 ], [ 660355.025156000046991, 4570580.580877999775112 ], [ 660406.213132999953814, 4570584.71987900044769 ], [ 660436.028937999974005, 4570600.739493999630213 ], [ 660451.604395000031218, 4570640.404345000162721 ], [ 660458.51717899995856, 4570675.390594 ], [ 660446.646979999961331, 4570702.531386000104249 ], [ 660457.511574, 4570720.587837000377476 ], [ 660472.616638, 4570718.888421 ], [ 660491.894407000043429, 4570714.559733999893069 ], [ 660542.480275999987498, 4570716.320516999810934 ], [ 660631.093370000016876, 4570715.900193000212312 ], [ 660702.508962000021711, 4570710.613385999575257 ], [ 660899.585148000041954, 4570681.892136 ], [ 660949.743995000026189, 4570681.757977999746799 ], [ 661067.512799000018276, 4570642.366937000304461 ], [ 661188.875387000036426, 4570593.649124000221491 ], [ 661335.519234, 4570514.525596999563277 ], [ 661463.802601999952458, 4570417.369211999699473 ], [ 661619.752754000015557, 4570300.669037000276148 ], [ 661678.076378999976441, 4570271.929821000434458 ], [ 661849.036364000057802, 4570235.399616999551654 ], [ 662002.873390999971889, 4570162.869213 ], [ 662291.746639000019059, 4570036.736941000446677 ], [ 662456.74741399998311, 4569927.464582 ], [ 662681.607766999979503, 4569831.930498000234365 ], [ 662694.012646000017412, 4569826.665103999897838 ], [ 662706.7437739999732, 4569787.328133 ], [ 662746.823146000038832, 4569733.785075999796391 ], [ 662778.964896, 4569715.865224 ], [ 662887.062110000057146, 4569693.380963999778032 ], [ 662992.375406999955885, 4569675.101324000395834 ], [ 663073.578090999973938, 4569687.362525000236928 ], [ 663138.584203999955207, 4569691.541434999555349 ], [ 663195.03063299995847, 4569689.086330000311136 ], [ 663256.743364, 4569671.576457000337541 ], [ 663291.940477999974973, 4569650.172830999828875 ], [ 663338.814016000018455, 4569626.132354999892414 ], [ 663398.564163999981247, 4569623.275333999656141 ], [ 663491.254040000028908, 4569646.91823 ], [ 663549.541636000038125, 4569662.513158 ], [ 663578.532283999957144, 4569673.017690000124276 ], [ 663615.756254, 4569677.442641999572515 ], [ 663676.979373999987729, 4569694.048813000321388 ], [ 663712.281387, 4569703.7961550001055 ], [ 663739.511682000011206, 4569692.323567000217736 ], [ 663769.932462000055239, 4569679.123413999564946 ], [ 663790.134970000013709, 4569660.761393000371754 ], [ 663814.265876000048593, 4569627.258898999541998 ], [ 663847.748448999947868, 4569558.143983 ], [ 663905.905620999983512, 4569491.362323 ], [ 663965.721935000037774, 4569451.055381 ], [ 664019.338100999942981, 4569426.282435 ], [ 664055.931028999970295, 4569418.598795999772847 ], [ 664080.726185000035912, 4569415.570081000216305 ], [ 664108.449503000010736, 4569402.754739999771118 ], [ 664128.010769000044093, 4569392.454602000303566 ], [ 664157.767331999959424, 4569389.09375 ], [ 664185.783340999973007, 4569383.005611999891698 ], [ 664230.309888000017963, 4569382.211081 ], [ 664276.686166999978013, 4569379.681311000138521 ], [ 664309.244246999965981, 4569351.746848000213504 ], [ 664359.057548000011593, 4569335.854562999680638 ], [ 664439.379926000023261, 4569304.478865999728441 ], [ 664445.279118999955244, 4569279.34154099971056 ], [ 664459.212003999971785, 4569246.632434000261128 ], [ 664483.50948, 4569201.139093999750912 ], [ 664500.645817999960855, 4569179.132811999879777 ], [ 664523.309510000050068, 4569151.419854000210762 ], [ 664561.003547, 4569134.799408 ], [ 664584.41224900004454, 4569107.147904999554157 ], [ 664600.735661000013351, 4569074.781909000128508 ], [ 664603.84242, 4569068.620608 ], [ 664613.164452999946661, 4569037.462535000406206 ], [ 664602.827253, 4569025.676376 ], [ 664594.155593, 4569013.261428999714553 ], [ 664589.850922000012361, 4568998.634812000207603 ], [ 664593.578458999982104, 4568980.22433099988848 ], [ 664608.501945000025444, 4568950.836941 ], [ 664639.124778000055812, 4568930.402354000136256 ], [ 664703.969972, 4568906.443622999824584 ], [ 664791.299102999968454, 4568873.919358000159264 ], [ 664804.511766999959946, 4568868.298023999668658 ], [ 664843.769337999983691, 4568851.581055000424385 ], [ 664899.672028, 4568834.263957999646664 ], [ 664946.439716, 4568814.274228 ], [ 665002.979933000053279, 4568803.248377 ], [ 665036.995701999985613, 4568794.44465 ], [ 665064.153803, 4568780.864585 ], [ 665090.425685000023805, 4568777.161756999790668 ], [ 665118.250392999965698, 4568773.372069000266492 ], [ 665155.351333, 4568763.461434000171721 ], [ 665215.438735999981873, 4568750.940360999666154 ], [ 665258.801724000019021, 4568742.516486000269651 ], [ 665301.906150999944657, 4568721.123912 ], [ 665363.957428999943659, 4568695.252344000153244 ], [ 665403.835039000026882, 4568678.285778 ], [ 665439.115927999955602, 4568668.090799000114202 ], [ 665468.113166, 4568669.172181 ], [ 665491.513643000042066, 4568673.436601 ], [ 665508.038161, 4568678.522219000384212 ], [ 665530.428314000018872, 4568682.608276000246406 ], [ 665546.112138999975286, 4568694.061993 ], [ 665555.947701000026427, 4568684.377359 ], [ 665573.845101000042632, 4568681.807587999850512 ], [ 665589.144213999970816, 4568682.166805 ], [ 665590.432828000048175, 4568694.059534000232816 ], [ 665602.410655000014231, 4568696.331547999754548 ], [ 665630.985466000041924, 4568701.236255000345409 ], [ 665641.032768000033684, 4568721.292837999761105 ], [ 665674.479887999943458, 4568735.317269000224769 ], [ 665689.380752000026405, 4568725.181618999689817 ], [ 665705.572964000049978, 4568727.916330000385642 ], [ 665754.547050999943167, 4568740.750695999711752 ], [ 665775.181574000045657, 4568737.255149999633431 ], [ 665796.678548999945633, 4568727.181113 ], [ 665843.878360999980941, 4568711.927759000100195 ], [ 665859.814254999975674, 4568703.104569000191987 ], [ 665868.045904999948107, 4568697.238284000195563 ], [ 665877.881551000056788, 4568699.70630699954927 ], [ 665887.914984000031836, 4568695.336272999644279 ], [ 665902.931880000047386, 4568676.083948000334203 ], [ 665912.084338000044227, 4568671.749401000328362 ], [ 665939.428709, 4568657.454711999744177 ], [ 665971.551175000029616, 4568649.056405999697745 ], [ 665997.077733000041917, 4568658.969428 ], [ 666012.055698000011034, 4568663.121173 ], [ 666024.352924, 4568666.089871999807656 ], [ 666041.598613, 4568668.949337 ], [ 666051.259199999971315, 4568669.169765000231564 ], [ 666087.79340800002683, 4568663.982903 ], [ 666113.220669999951497, 4568653.99946799967438 ], [ 666133.921670999960043, 4568637.698791 ], [ 666163.375542999943718, 4568623.564152999781072 ], [ 666176.18151999998372, 4568624.078725 ], [ 666184.909903, 4568625.844283999875188 ], [ 666199.340414999984205, 4568612.855213000439107 ], [ 666213.581542999949306, 4568598.984302000142634 ], [ 666226.9314, 4568580.460978000424802 ], [ 666249.139319999958389, 4568566.10562099982053 ], [ 666274.656700000050478, 4568551.837049 ], [ 666311.452690999954939, 4568529.728485000319779 ], [ 666346.744052, 4568510.373839999549091 ], [ 666390.998466999968514, 4568492.801629999652505 ], [ 666421.470601, 4568477.81372 ], [ 666462.061282000038773, 4568462.835202000103891 ], [ 666490.195696, 4568451.837453999556601 ], [ 666519.272979, 4568438.839704999700189 ], [ 666543.566455999971367, 4568428.642923000268638 ], [ 666582.706264000036754, 4568418.108427000232041 ], [ 666647.890065000043251, 4568399.661609999835491 ], [ 666722.38854099996388, 4568377.174315 ], [ 666791.162383000017144, 4568359.044254999607801 ], [ 666845.96330099995248, 4568341.927465000189841 ], [ 666900.844672000035644, 4568321.680420000106096 ], [ 666949.310393000021577, 4568306.662952999584377 ], [ 666974.624871999956667, 4568300.978672999888659 ], [ 667006.230555000016466, 4568295.872056 ], [ 667049.197586999973282, 4568285.216761000454426 ], [ 667084.461552000022493, 4568277.061938 ], [ 667117.952860999968834, 4568267.977926 ], [ 667151.37443099997472, 4568261.569531000219285 ], [ 667184.968684999970719, 4568248.011586000211537 ], [ 667207.575546000036411, 4568242.69912 ], [ 667241.953561999951489, 4568234.080358999781311 ], [ 667283.572317000012845, 4568223.395428 ], [ 667309.782404000055976, 4568218.166088 ], [ 667324.685643999953754, 4568212.821298999711871 ], [ 667341.601597000029869, 4568212.554825000464916 ], [ 667382.485155, 4568205.052702000364661 ], [ 667420.137796, 4568191.133703 ], [ 667427.01153100002557, 4568189.714455000124872 ], [ 667449.510778, 4568185.088952999562025 ], [ 667467.184263000031933, 4568179.23055399954319 ], [ 667492.417407999979332, 4568177.122999000363052 ], [ 667547.054644000018016, 4568167.627789 ], [ 667572.308571, 4568164.62122100032866 ], [ 667620.735767, 4568151.395627999678254 ], [ 667652.83819699997548, 4568144.070446000434458 ], [ 667679.513465999974869, 4568137.964464999735355 ], [ 667703.862350999959745, 4568134.948602000251412 ], [ 667741.865417000022717, 4568125.515901999548078 ], [ 667774.813004, 4568120.454583000391722 ], [ 667829.135740000056103, 4568115.186432000249624 ], [ 667873.604872999945655, 4568107.491980000399053 ], [ 667910.506928000017069, 4568106.554762000218034 ], [ 667957.009670000057667, 4568098.663343999534845 ], [ 667985.45785, 4568093.499138999730349 ], [ 668013.451716999989003, 4568088.768884999677539 ], [ 668076.944916, 4568076.327263000421226 ], [ 668164.074485, 4568061.988416999578476 ], [ 668199.624245999963023, 4568051.379439 ], [ 668222.551744000054896, 4568042.056269999593496 ], [ 668245.812720000045374, 4568037.895111000165343 ], [ 668270.927883, 4568040.930611000396311 ], [ 668289.863521000021137, 4568038.91346799954772 ], [ 668329.04460200003814, 4568026.822800000198185 ], [ 668365.429269999964163, 4568018.922117999754846 ], [ 668404.954184000031091, 4568011.549706 ], [ 668444.560270000016317, 4568010.455559000372887 ], [ 668491.682567000039853, 4568004.83680700045079 ], [ 668528.11068299994804, 4568005.213599000126123 ], [ 668551.997218, 4568002.65637 ], [ 668569.340906, 4568001.691691 ], [ 668596.603024999960326, 4567999.634898000396788 ], [ 668644.960717999958433, 4567989.557992000132799 ], [ 668707.637531999964267, 4567923.816352000460029 ], [ 668751.917414000025019, 4567914.989714999683201 ], [ 668821.010022999951616, 4567844.898850000463426 ], [ 668871.008066999958828, 4567783.329985000193119 ], [ 668889.715141, 4567713.870524000376463 ], [ 668884.790295999962837, 4567616.069834000431001 ], [ 668847.528716000029817, 4567593.699814000166953 ], [ 668842.262039000052027, 4567510.243200000375509 ], [ 668852.272051000036299, 4567466.553154 ], [ 668847.723349999985658, 4567391.177832 ], [ 668838.495982000022195, 4567323.74753800034523 ], [ 668713.238135, 4567293.961728 ], [ 668547.836335, 4567327.765493 ], [ 668184.866885000024922, 4567151.792531000450253 ], [ 668113.514122999971732, 4567047.071360999718308 ], [ 667983.451593999983743, 4566952.659932999871671 ], [ 667791.90321799996309, 4566793.195012000389397 ], [ 667702.18142599996645, 4566743.629448000341654 ], [ 667627.497959999949671, 4566705.163946 ], [ 667564.764854999957606, 4566655.321757 ], [ 667462.502217, 4566564.248346 ], [ 667387.075397999957204, 4566518.592515000142157 ], [ 667326.149404000025243, 4566468.794103000313044 ], [ 667253.933846, 4566400.808402 ], [ 667159.19678, 4566334.10604 ], [ 667076.96592700004112, 4566310.702594 ], [ 666958.312806, 4566070.467619 ], [ 666897.624529000022449, 4565970.48106599971652 ], [ 666741.548269000020809, 4565792.120399000123143 ], [ 666692.537135, 4565771.281743999570608 ], [ 666648.190974000026472, 4565743.374335999600589 ], [ 666606.719486000016332, 4565707.468500000424683 ], [ 666433.548985, 4565686.480999000370502 ], [ 666418.550476999953389, 4565634.141451999545097 ], [ 666327.595364999957383, 4565676.885042999871075 ], [ 666322.599954999983311, 4565672.716536999680102 ], [ 666318.764869999955408, 4565669.518712 ], [ 666242.322836, 4565628.32901700027287 ], [ 666251.848510000039823, 4565605.241724000312388 ], [ 666207.532148999976926, 4565575.549428000114858 ], [ 666209.482071000034921, 4565431.278164000250399 ], [ 666218.296847000019625, 4565399.654736000113189 ], [ 666234.723833999945782, 4565370.00452100019902 ], [ 666241.435411000042222, 4565332.057075000368059 ], [ 666227.283133000019006, 4565301.709087999537587 ], [ 666200.141687999945134, 4565288.537742 ], [ 666167.95412899996154, 4565279.283621000126004 ], [ 666133.757923000026494, 4565279.403455000370741 ], [ 666094.844154000049457, 4565289.268716 ], [ 666069.3735690000467, 4565281.523361999541521 ], [ 666040.454906999948435, 4565247.695613999851048 ], [ 665997.41373599995859, 4565221.166299000382423 ], [ 665922.389934999984689, 4565196.596915000118315 ], [ 665768.846443000016734, 4565182.349002 ], [ 665751.173233999987133, 4565207.495299000293016 ], [ 665752.869614999974146, 4565231.727132 ], [ 665758.078535999986343, 4565260.08220100030303 ], [ 665753.728131999960169, 4565293.151727000251412 ], [ 665737.979704999946989, 4565312.965563000179827 ], [ 665718.015354000031948, 4565320.131478000432253 ], [ 665698.3041240000166, 4565316.539548000320792 ], [ 665674.508832999970764, 4565294.493266000412405 ], [ 665647.702724999981001, 4565266.535801 ], [ 665623.142691000015475, 4565238.640618000179529 ], [ 665605.326787000056356, 4565230.615520999766886 ], [ 665590.703332999954, 4565220.874645999632776 ], [ 665548.623348, 4565211.398467999882996 ], [ 665518.036918999976479, 4565191.431128 ], [ 665508.715179000049829, 4565166.126407999545336 ], [ 665485.917906000046059, 4565139.604740999639034 ], [ 665441.748208999983035, 4565143.089189000427723 ], [ 665285.28976800001692, 4565098.305104999803007 ], [ 665258.160757999983616, 4565064.521297999657691 ], [ 665230.845828, 4564999.353400999680161 ], [ 665207.004549999954179, 4564939.651763999834657 ], [ 665218.275053999968804, 4564839.50251 ], [ 665302.893934000050649, 4564758.956310999579728 ], [ 665303.78834700002335, 4564719.532232999801636 ], [ 665300.996867, 4564683.601301000453532 ], [ 665267.346804999979213, 4564659.533491999842227 ], [ 665247.068787000025623, 4564601.7010009996593 ], [ 665248.436206000042148, 4564461.882888999767601 ], [ 665328.35709099995438, 4564429.627624000422657 ], [ 665414.003078000037931, 4564383.162774999625981 ], [ 665442.983535, 4564295.956678999587893 ], [ 665532.972504999954253, 4564296.211865999735892 ], [ 665564.940402999985963, 4564235.9775419998914 ], [ 665523.310933999950066, 4564166.895596000365913 ], [ 665533.109458000049926, 4564052.361749 ], [ 665590.060555999982171, 4564001.648017999716103 ], [ 665671.210271000047214, 4563915.628189000301063 ], [ 665730.414085000054911, 4563845.250005000270903 ], [ 665761.805567999952473, 4563731.207356000319123 ], [ 665803.385666999965906, 4563644.288989 ], [ 665868.75916200003121, 4563539.972831999883056 ], [ 665999.933058999944478, 4563471.234682999551296 ], [ 666047.813353999983519, 4563423.905485999770463 ], [ 666105.254463, 4563351.690353999845684 ], [ 666157.432925999979489, 4563352.879529999569058 ], [ 666207.277571000042371, 4563377.320462999865413 ], [ 666305.700182999949902, 4563442.336668999865651 ], [ 666377.446538000018336, 4563493.282432000152767 ], [ 666460.944518, 4563502.364565 ], [ 666604.93623899994418, 4563502.96615600027144 ], [ 666668.63359500002116, 4563551.042808 ], [ 666716.660194, 4563576.356677000410855 ], [ 666777.97731600003317, 4563571.483354999683797 ], [ 666830.822906999965198, 4563543.100824999623001 ], [ 666898.730301999952644, 4563486.371380000375211 ], [ 666954.933689999976195, 4563429.374439000152051 ], [ 666988.945481, 4563359.328474 ], [ 667051.262834999943152, 4563310.536719 ], [ 667315.244806000031531, 4563377.563346000388265 ], [ 667422.4082959999796, 4563453.548410000279546 ], [ 667585.53998700005468, 4563443.845165000297129 ], [ 667658.051637999946252, 4563382.751714999787509 ], [ 667697.728796000010334, 4563340.620415000244975 ], [ 667827.217884000041522, 4563189.375156999565661 ], [ 667840.658512, 4563113.916020999662578 ], [ 667834.880102999974042, 4562934.897656000219285 ], [ 667867.339211000013165, 4562854.044646999798715 ], [ 667836.789996, 4562793.25746 ], [ 667758.120115000056103, 4562710.746395000256598 ], [ 667721.747376000043005, 4562687.493412000127137 ], [ 667670.922896999982186, 4562666.596431000158191 ], [ 667609.379871999961324, 4562641.865493999794126 ], [ 667462.954737000050955, 4562511.15777499973774 ], [ 667478.749471000046469, 4562333.069083999842405 ], [ 667539.251949000055902, 4562207.1157830003649 ], [ 667718.479118000017479, 4562164.603954999707639 ], [ 667832.681182999978773, 4562052.440208000130951 ], [ 667979.320624000043608, 4562056.716253999620676 ], [ 668248.036028999951668, 4561920.315689999610186 ], [ 668190.027766000013798, 4561820.326290000230074 ], [ 668167.588292, 4561778.553225999698043 ], [ 668135.223117999965325, 4561737.451177 ], [ 668103.288397000054829, 4561716.975897000171244 ], [ 668079.363815000047907, 4561700.28439399972558 ], [ 668046.646820000023581, 4561674.41502199973911 ], [ 668003.610427999985404, 4561627.69143099989742 ], [ 667975.726931000011973, 4561587.582066999748349 ], [ 667949.658367999945767, 4561546.625970999710262 ], [ 667916.961383000016212, 4561441.834606000222266 ], [ 667904.14773199998308, 4561411.936529000289738 ], [ 667874.665768999955617, 4561362.826604000292718 ], [ 667862.627004, 4561298.877913 ], [ 667847.173974000033922, 4561266.231069000437856 ], [ 667818.308178000035696, 4561229.687761000357568 ], [ 667781.948562999954447, 4561205.535464 ], [ 667728.124409000040032, 4561197.121817000210285 ], [ 667685.786113, 4561197.936823000200093 ], [ 667647.218957999954, 4561191.674033000133932 ], [ 667626.848692000028677, 4561176.854260999709368 ], [ 667600.591405999963172, 4561143.959746999666095 ], [ 667576.672173999948427, 4561127.270189000293612 ], [ 667546.828365999972448, 4561132.860721999779344 ], [ 667510.232909000013024, 4561158.024259 ], [ 667481.418497, 4561158.262384999543428 ], [ 667462.933427999960259, 4561139.898473000153899 ], [ 667454.736335000023246, 4561104.731006000190973 ], [ 667444.176033, 4561055.157693999819458 ], [ 667417.4518940000562, 4561003.425037000328302 ], [ 667391.193023000028916, 4560970.531331 ], [ 667360.512937000021338, 4560973.415311999619007 ], [ 667318.811983000021428, 4560985.910584 ], [ 667285.698540000012144, 4560977.075613000430167 ], [ 667231.67345799994655, 4560938.169563 ], [ 667195.885841000010259, 4560888.918212999589741 ], [ 667192.16255, 4560854.742315 ], [ 667193.60063, 4560791.992650999687612 ], [ 667189.967812999966554, 4560754.230941999703646 ], [ 667173.994878, 4560704.534136 ], [ 667127.030120000010356, 4560553.666375 ], [ 667145.89356, 4560516.42007299978286 ], [ 667216.14378000004217, 4560358.362944999709725 ], [ 667222.449852, 4560319.040640000253916 ], [ 667147.199074, 4560145.086551999673247 ], [ 667137.515502, 4560017.489104 ], [ 667122.406426999950781, 4559941.697422999888659 ], [ 667090.598144000046887, 4559863.912761 ], [ 667068.02541, 4559748.572487999685109 ], [ 667057.436714999959804, 4559660.410240000113845 ], [ 667034.218084999942221, 4559585.332994 ], [ 666996.566789999953471, 4559644.665602000430226 ], [ 666939.000651999958791, 4560074.838740999810398 ], [ 666876.930797999957576, 4560544.35381400026381 ], [ 666833.343118999968283, 4560954.164374999701977 ], [ 666787.093263000017032, 4561086.747252999804914 ], [ 666698.560413000057451, 4561178.897218000143766 ], [ 666667.004730000044219, 4561180.864292999729514 ], [ 666621.276612999965437, 4561133.188257000409067 ], [ 666572.844106000033207, 4561124.90637500025332 ], [ 666519.544606999959797, 4561172.120307999663055 ], [ 666515.312105000019073, 4561199.826987000182271 ], [ 666573.757363999960944, 4561281.883186000399292 ], [ 666587.011562000028789, 4561332.416236000135541 ], [ 666568.214699, 4561366.954943000338972 ], [ 666439.195606000022963, 4561458.183310000225902 ], [ 666284.843013999983668, 4561553.62372799962759 ], [ 666185.313892, 4561615.170571999624372 ], [ 666131.456142000039108, 4561648.478269999846816 ], [ 665850.166365999961272, 4561672.645469999872148 ], [ 665801.319005000055768, 4561676.844445999711752 ], [ 665687.12214, 4561631.194933 ], [ 665676.109566999948584, 4561623.591315999627113 ], [ 665645.458927999949083, 4561602.445434999652207 ], [ 665621.321092, 4561589.734094000421464 ], [ 665538.708213999983855, 4561546.215008 ], [ 665531.296161000034772, 4561546.702153 ], [ 665498.135213, 4561548.882121000438929 ], [ 665491.002820999943651, 4561551.097377999685705 ], [ 665480.777430000016466, 4561554.275503000244498 ], [ 665417.439534, 4561573.954877000302076 ], [ 665411.337397000053898, 4561578.104136000387371 ], [ 665368.979913000017405, 4561606.935034000314772 ], [ 665353.427662999951281, 4561617.457066000439227 ], [ 665339.920993000036106, 4561626.581473000347614 ], [ 665295.838431000011042, 4561656.395588000304997 ], [ 665292.639658999978565, 4561656.845164 ], [ 665263.178042000043206, 4561660.953920000232756 ], [ 665251.587055000010878, 4561662.568520000204444 ], [ 665248.735998000018299, 4561662.115144999697804 ], [ 665230.292052999953739, 4561659.175785000436008 ], [ 665218.929746999987401, 4561657.363277000375092 ], [ 665186.105421000043862, 4561652.121076 ], [ 665184.862812999985181, 4561649.560333999805152 ], [ 665139.804643000010401, 4561556.844358 ], [ 665113.843987999949604, 4561503.405298000201583 ], [ 665094.65249, 4561481.943649999797344 ], [ 665065.558430999983102, 4561449.394444 ], [ 665062.392885999986902, 4561449.855983999557793 ], [ 665046.548644999973476, 4561452.152223999612033 ], [ 664996.002175000030547, 4561459.47282399982214 ], [ 664970.929419000050984, 4561453.529478999786079 ], [ 664771.817829999956302, 4561420.326031000353396 ], [ 664745.508103, 4561422.697530999779701 ], [ 664644.624624000047334, 4561431.805143999867141 ], [ 664586.898647999973036, 4561436.022924000397325 ], [ 664550.840833000023849, 4561438.663904 ], [ 664446.263232999946922, 4561484.735507999546826 ], [ 664424.271487000049092, 4561502.167747999541461 ], [ 664407.728274, 4561533.629863999783993 ], [ 664386.205563000054099, 4561574.56583600025624 ], [ 664374.413937999983318, 4561597.004476999863982 ], [ 664435.389911000034772, 4561807.339525000192225 ], [ 664442.184032000019215, 4561912.384023999795318 ], [ 664443.402430000016466, 4561931.283715000376105 ], [ 664421.295587999979034, 4561965.041833000257611 ], [ 664410.00755099998787, 4561982.282184000127017 ], [ 664398.712491999962367, 4561987.181584999896586 ], [ 664317.534808999975212, 4562021.030382 ], [ 664193.559219000046141, 4562072.721842000260949 ], [ 664061.109050999977626, 4562118.170896999537945 ], [ 663992.72858500003349, 4562116.632802999578416 ], [ 663927.6605, 4562085.689705999568105 ], [ 663921.475701999966986, 4562082.751512000337243 ], [ 663894.78573, 4562087.983205 ], [ 663861.598400000017136, 4562094.479682999663055 ], [ 663869.258869000012055, 4560445.013049 ], [ 663803.374023000011221, 4559118.956949000246823 ], [ 663788.882604000042193, 4558827.331523000262678 ], [ 663782.572719000047073, 4558661.473789 ], [ 663772.891665, 4558407.123052 ], [ 664262.865558000048622, 4558413.254288 ], [ 664212.27529100002721, 4558265.638305 ], [ 664200.318951, 4558143.295250000432134 ], [ 664275.671079, 4558061.993080000393093 ], [ 664394.671436000033282, 4558001.19051400013268 ], [ 664579.841358999954537, 4558049.304177000187337 ], [ 665048.814825, 4558118.483581 ], [ 665125.876842000056058, 4558178.819695999845862 ], [ 665239.76185400004033, 4558127.689806000329554 ], [ 665406.768870000028983, 4558111.943636000156403 ], [ 665577.318450000020675, 4557940.016293000429869 ], [ 665675.27157600002829, 4557727.38992 ], [ 665712.274178000050597, 4557673.223399000242352 ], [ 665749.679492000024766, 4557569.525131000205874 ], [ 665772.521405, 4557518.980769 ], [ 665779.51107, 4557458.501628999598324 ], [ 665769.677019000053406, 4557350.232280000112951 ], [ 665768.65223, 4557326.94917 ], [ 665756.355202, 4557301.655181 ], [ 665757.28211300005205, 4557282.270797999575734 ], [ 665762.072580000036396, 4557259.497343 ], [ 665766.54562500002794, 4557181.532873 ], [ 665832.772938000038266, 4557081.76594700012356 ], [ 665848.520983000053093, 4557022.752023000270128 ], [ 665845.726100999978371, 4556981.65614499989897 ], [ 665783.461717, 4556912.695833999663591 ], [ 665708.615623999969102, 4556827.188807000406086 ], [ 665680.897561999969184, 4556692.477350999601185 ], [ 665670.258956999983639, 4556660.63427499961108 ], [ 665637.088456999976188, 4556614.117804000154138 ], [ 665576.524163000052795, 4556543.643016000278294 ], [ 665527.609293999965303, 4556515.609140999615192 ], [ 665444.960567999980412, 4556425.785236 ], [ 665404.12744399998337, 4556355.247980000451207 ], [ 665356.338913999963552, 4556281.076829999685287 ], [ 665278.559514999971725, 4556207.049503000453115 ], [ 665234.013283999986015, 4556013.543905000202358 ], [ 665209.502933999989182, 4555961.838297000154853 ], [ 665163.676244999980554, 4555799.550610000267625 ], [ 665137.193951, 4555772.615523000247777 ], [ 665027.683339999988675, 4555675.003401 ], [ 664927.296675, 4555611.699815000407398 ], [ 664853.070085000013933, 4555547.188357999548316 ], [ 664845.716742999968119, 4555503.113548000343144 ], [ 664969.533455000026152, 4555416.978972 ], [ 665006.613247000030242, 4555371.141322 ], [ 664997.093192999949679, 4555353.875966999679804 ], [ 664963.809877000050619, 4555351.325125000439584 ], [ 664939.262133999960497, 4555340.896254999563098 ], [ 664956.03131, 4555256.900264999829233 ], [ 664940.002178000053391, 4555216.195136000402272 ], [ 664873.231531, 4555159.771815000101924 ], [ 664823.369609000044875, 4555092.389471 ], [ 664702.994553999975324, 4554976.088135000318289 ], [ 664609.846574999974109, 4554864.911871000193059 ], [ 664516.570139999967068, 4554751.479205000214279 ], [ 664508.991885000024922, 4554701.957103 ], [ 664514.37997400003951, 4554662.579370000399649 ], [ 664536.451342000043951, 4554602.927930999547243 ], [ 664527.608250000048429, 4554475.256876000203192 ], [ 664551.950624000048265, 4554434.517462000250816 ], [ 664584.694192999973893, 4554381.393338000401855 ], [ 664615.97618, 4554315.984628000296652 ], [ 664611.672252999967895, 4554107.240601000376046 ], [ 664623.069747, 4554037.518713999539614 ], [ 664655.27249, 4553968.220937999896705 ], [ 664706.058726000017487, 4553874.205160000361502 ], [ 664719.136867000022903, 4553813.451839 ], [ 664649.487976999953389, 4553784.946899999864399 ], [ 664572.828529000049457, 4553747.309837999753654 ], [ 664556.523215999943204, 4553390.508275000378489 ], [ 664544.196908000041731, 4553270.423445000313222 ], [ 664513.072462999960408, 4553238.699438 ], [ 664456.21035499998834, 4553202.397970999591053 ], [ 664486.710453000036068, 4553128.562548000365496 ], [ 664570.442025, 4553052.337124000303447 ], [ 664625.046733999974094, 4552988.919386000372469 ], [ 664680.912187000038102, 4552949.767369999550283 ], [ 664744.090130000025965, 4552939.571599000133574 ], [ 664721.120574999949895, 4552868.387117000296712 ], [ 664590.206336, 4552454.766936999745667 ], [ 664547.250046, 4552446.524965000338852 ], [ 664512.846021999954246, 4552447.639413 ], [ 664473.979097999981605, 4552372.232979999855161 ], [ 664426.94866, 4552379.262027 ], [ 664367.577972, 4552373.884514999575913 ], [ 664353.643672000034712, 4552352.022580999881029 ], [ 664290.992677, 4552332.209820999763906 ], [ 664273.113016000017524, 4552325.521347000263631 ], [ 664248.394218, 4552314.72503099963069 ], [ 664067.487673999974504, 4552236.932838000357151 ], [ 664078.853128000046127, 4552210.429491000249982 ], [ 664088.911038000020199, 4552178.920612 ], [ 664096.1103979999898, 4552139.261272000148892 ], [ 664099.417719000019133, 4552097.070953999646008 ], [ 664103.692844999954104, 4552042.450702999718487 ], [ 664109.139735999982804, 4551916.867936000227928 ], [ 664093.108919000020251, 4551826.947626000270247 ], [ 664084.362017999985255, 4551786.497445000335574 ], [ 664090.681481000036001, 4551778.586156000383198 ], [ 664096.826730999979191, 4551765.705860000103712 ], [ 664109.601684, 4551758.805773000232875 ], [ 664236.088644, 4551743.116548 ], [ 664279.934124000021257, 4551726.173205999657512 ], [ 664322.691067000036128, 4551710.194247 ], [ 664365.972592000034638, 4551682.84198599960655 ], [ 664411.956358000054024, 4551642.565858 ], [ 664461.569197, 4551597.861864999867976 ], [ 664501.762999000027776, 4551571.862724999897182 ], [ 664524.334752999944612, 4551539.236132999882102 ], [ 664542.833086000056937, 4551497.942893999628723 ], [ 664561.887424999964423, 4551459.583510000258684 ], [ 664599.412727999966592, 4551367.734233000315726 ], [ 664614.413585999980569, 4551350.466067999601364 ], [ 664663.809428, 4551306.958044 ], [ 664727.25691, 4551251.814799999818206 ], [ 664746.467879, 4551237.918416 ], [ 664853.671282000024803, 4551158.513725999742746 ], [ 664876.946952000027522, 4551143.99834099970758 ], [ 664865.987300000037067, 4551117.237418999895453 ], [ 664822.593165999976918, 4551023.999671 ], [ 664794.258405999979004, 4550970.233621000312269 ], [ 664776.809584000031464, 4550933.452041000127792 ], [ 664728.883256, 4550818.952879999764264 ], [ 664709.143095999956131, 4550751.396185000427067 ], [ 664700.509922, 4550711.192161000333726 ], [ 664693.825378000037745, 4550678.496341000311077 ], [ 664691.10530000005383, 4550649.621907999739051 ], [ 664689.641920999973081, 4550615.688457 ], [ 664687.41571600001771, 4550568.597505999729037 ], [ 664684.973256999976002, 4550529.621380000375211 ], [ 664686.185916000045836, 4550492.160384000279009 ], [ 664687.548578000045381, 4550455.502515999600291 ], [ 664691.441235000034794, 4550402.017966999672353 ], [ 664703.300996999954805, 4550304.082208000123501 ], [ 664720.747097000014037, 4550201.407033000141382 ], [ 664727.546749999979511, 4550154.31927500013262 ], [ 664732.723134999978356, 4550114.759292 ], [ 664734.555479999980889, 4550079.644864000380039 ], [ 664736.022733, 4550027.516433999873698 ], [ 664736.582184999948367, 4549969.791547999717295 ], [ 664732.390460000024177, 4549902.473833999596536 ], [ 664727.94156499998644, 4549864.507813000120223 ], [ 664722.473032, 4549797.150287000462413 ], [ 664718.111268999986351, 4549750.82220199983567 ], [ 664715.448358000023291, 4549733.578789999708533 ], [ 664706.212583999964409, 4549693.938930000178516 ], [ 664566.747554, 4549729.368269000202417 ], [ 664524.130633000051603, 4549740.084516 ], [ 664503.994773000013083, 4549753.10556 ], [ 664473.390051999944262, 4549791.050184999592602 ], [ 664434.67124000005424, 4549828.801555999554694 ], [ 664328.187005999963731, 4549912.638825000263751 ], [ 664260.833268000045791, 4549940.773380000144243 ], [ 664253.494272000039928, 4549941.986049000173807 ], [ 664212.868690000032075, 4549948.683322999626398 ], [ 664139.923796999966726, 4549944.348241999745369 ], [ 664044.183038000017405, 4549913.155851 ], [ 663968.112008000025526, 4549882.527475999668241 ], [ 663955.694342999951914, 4549878.594963000155985 ], [ 663873.250100999954157, 4549864.575082999654114 ], [ 663728.239382000057958, 4549837.571395000442863 ], [ 663711.024301999947056, 4550042.887140999548137 ], [ 663689.965623999945819, 4550103.29670500010252 ], [ 663657.985072999959812, 4550134.249262000434101 ], [ 663508.593352, 4550211.040543000213802 ], [ 663463.946784000028856, 4550231.569783000275493 ], [ 663420.265343999955803, 4550243.512492000125349 ], [ 663193.787218000041321, 4550260.508093000389636 ], [ 663142.423230999964289, 4550250.677032999694347 ], [ 663083.098413, 4550230.761074 ], [ 663028.535832999972627, 4550230.578634000383317 ], [ 662933.53975899994839, 4550243.336406 ], [ 662925.904633000027388, 4550246.176587999798357 ], [ 662816.423571, 4550298.478233999572694 ], [ 662728.232328000012785, 4550346.556261000223458 ], [ 662607.428304999950342, 4550427.888461000286043 ], [ 662564.081182, 4550457.071259000338614 ], [ 662342.627017, 4550639.027853 ], [ 662289.674297000048682, 4550655.836441 ], [ 662279.467937999987043, 4550620.421717000193894 ], [ 662242.167839, 4550567.98955599963665 ], [ 662216.911222000024281, 4550544.292918000370264 ], [ 662193.768199000041932, 4550564.761982999742031 ], [ 662182.790717000025325, 4550572.082893 ], [ 662137.050683, 4550591.051759 ], [ 662109.559491000021808, 4550599.939655999653041 ], [ 662095.264579999959096, 4550601.489094999618828 ], [ 662082.307256, 4550601.835258999839425 ], [ 662069.991395000019111, 4550601.295947999693453 ], [ 662014.023251999984495, 4550591.870625000447035 ], [ 661994.599220999982208, 4550590.141105 ], [ 661981.894096, 4550592.381292000412941 ], [ 661969.956585000036284, 4550597.148767 ], [ 661600.983207999961451, 4550808.241577000357211 ], [ 661455.02600099996198, 4550884.948895 ], [ 661433.186364999972284, 4550901.716881999745965 ], [ 661423.265824, 4550909.562016 ], [ 661412.95471700001508, 4550921.019558999687433 ], [ 661404.148856000043452, 4550935.475986000150442 ], [ 661397.999491999973543, 4550947.214162000454962 ], [ 661389.755083999945782, 4550958.695098999887705 ], [ 661373.198024000041187, 4550975.990724000148475 ], [ 661348.155095999944024, 4551002.007404999807477 ], [ 661304.729058000026271, 4551036.693664999678731 ], [ 661104.368836999987252, 4551178.808403000235558 ], [ 661115.619225000031292, 4551210.90094199962914 ], [ 661124.575506999972276, 4551238.799940000288188 ], [ 660990.436074999975972, 4551323.984454999677837 ], [ 660988.532552000018768, 4551369.638282 ], [ 661119.45973, 4551748.893677 ], [ 661151.854969999985769, 4551824.171058 ], [ 661302.521049999981187, 4551861.402249 ], [ 661291.784402000019327, 4551915.091966000385582 ], [ 661298.646866000024602, 4551987.197017 ], [ 661219.710661, 4552026.543293000198901 ], [ 661188.056601000018418, 4552081.671546 ], [ 661195.632768000010401, 4552098.544006999582052 ], [ 661232.592572, 4552098.114482999779284 ], [ 661253.99291200004518, 4552107.960827000439167 ], [ 661268.381448999978602, 4552133.269666000269353 ], [ 661279.307945, 4552211.951046000234783 ], [ 661358.812738999957219, 4552388.990437 ], [ 661268.605374000035226, 4552485.135037000291049 ], [ 661286.224205999984406, 4552537.261838000267744 ], [ 661350.388621, 4552655.093832000158727 ], [ 661318.518347, 4552733.797771999612451 ], [ 661259.846281999954954, 4552798.959583999589086 ], [ 661278.606708999956027, 4552821.754696999676526 ], [ 661272.108083000057377, 4552842.926528999581933 ], [ 661228.139348999946378, 4552906.524520999751985 ], [ 661074.557320000021718, 4553209.005041000433266 ], [ 661070.529483000049368, 4553260.676852 ], [ 661041.698989999946207, 4553267.195057 ], [ 660868.461371000041254, 4553225.528044000267982 ], [ 660682.986780000035651, 4553206.999591000378132 ], [ 660563.42472699994687, 4553218.502039999701083 ], [ 660475.946084999945015, 4553219.94737400021404 ], [ 660451.809480000054464, 4553231.169336999766529 ], [ 660432.548642999958247, 4553280.518837000243366 ], [ 660384.308031999971718, 4553314.526573999784887 ], [ 660360.657503, 4553327.736585999839008 ], [ 660356.340006000013091, 4553351.478294 ], [ 660405.56892400002107, 4553405.662296 ], [ 660395.763537000049837, 4553524.107156000100076 ], [ 660387.981811000034213, 4553571.364902 ], [ 660344.897689, 4553639.218972999602556 ], [ 660254.072230000048876, 4553726.153264 ], [ 660168.088818000047468, 4553817.993033000268042 ], [ 660133.495647000032477, 4553907.904588 ], [ 660123.186984000029042, 4554052.985171999782324 ], [ 660095.750420999946073, 4554107.654481999576092 ], [ 660035.307924999971874, 4554124.613812999799848 ], [ 659969.842210000031628, 4554103.60989 ], [ 659890.045006999978796, 4554024.323946 ], [ 659721.450787, 4554004.877449000254273 ], [ 659640.046483000041917, 4553953.24985499959439 ], [ 659614.05151699995622, 4554001.676644000224769 ], [ 659642.150076000019908, 4554060.781269 ], [ 659715.688449, 4554068.718622 ], [ 659851.214670000015758, 4554063.139108999632299 ], [ 659892.956706000026315, 4554085.133636999875307 ], [ 659920.12127700005658, 4554196.801180999726057 ], [ 659983.266199999954551, 4554236.314282 ], [ 660025.924407999962568, 4554256.297050000168383 ], [ 660044.768584999954328, 4554350.82216 ], [ 659718.136646999977529, 4554583.652215999551117 ], [ 659591.894561999943107, 4554761.844274999573827 ], [ 659411.61231, 4555280.942566 ], [ 659140.688582999981008, 4555488.109241999685764 ], [ 658685.566568, 4555653.240325000137091 ], [ 658624.816804999951273, 4555717.998447 ], [ 658470.151304999948479, 4555910.652316000312567 ], [ 658196.714573999983259, 4556581.713624999858439 ], [ 658021.536490999977104, 4556774.575789 ], [ 657871.972898000036366, 4556781.838093000464141 ], [ 657761.327984999981709, 4556677.783153999596834 ], [ 657732.642400000011548, 4556587.783892 ], [ 657694.628985999966972, 4556455.720339000225067 ], [ 657596.105966, 4556312.899286 ], [ 657451.215475999983028, 4556238.911267999559641 ], [ 657343.95330399996601, 4556250.817572000436485 ], [ 657274.101907999953255, 4556322.221029999665916 ], [ 657262.392836999963038, 4556405.506058 ], [ 657352.41599100001622, 4556665.620035000145435 ], [ 657389.342108999961056, 4556733.802906 ], [ 657406.0291079999879, 4556812.312713 ], [ 657399.261681, 4556854.407556000165641 ], [ 657400.674636999960057, 4557142.592125999741256 ], [ 657277.50093800004106, 4557280.744583999738097 ], [ 657196.833677000016905, 4557337.520546999759972 ], [ 657108.966738000046462, 4557365.319307000376284 ], [ 656964.061533999978565, 4557377.58691 ], [ 656799.051026999950409, 4557321.794152 ], [ 656726.789977999986149, 4557280.857105 ], [ 656624.394624999957159, 4557290.933857000432909 ], [ 656584.919541000039317, 4557310.924398999661207 ], [ 656560.971926999976858, 4557351.46299699973315 ], [ 656550.158198000048287, 4557419.640091000124812 ], [ 656564.996338999946602, 4557485.634743000380695 ], [ 656648.350388000020757, 4557783.083641 ], [ 656642.755377999972552, 4557882.672593999654055 ], [ 656409.998004000051878, 4557987.710521000437438 ], [ 656250.38208799995482, 4558043.971757999621332 ], [ 656240.856631999951787, 4558110.166373999789357 ], [ 656170.849434999981895, 4558167.791900999844074 ], [ 656073.972389, 4558112.772731999866664 ], [ 655965.034807999967597, 4558043.046938999556005 ], [ 655876.90919599996414, 4557982.563969999551773 ], [ 655719.408984999987297, 4557891.035245000384748 ], [ 655612.291188, 4557832.516487999819219 ], [ 655514.820271000033244, 4557680.827666000463068 ], [ 655443.233952000038698, 4557654.212617999874055 ], [ 655082.489492999971844, 4557521.221843999810517 ], [ 655095.181768, 4557500.310269 ], [ 655100.977406000019982, 4557481.584712999872863 ], [ 655106.556825999985449, 4557452.091849000193179 ], [ 655105.56091799994465, 4557414.395624999888241 ], [ 655092.975039000040852, 4557399.455934000201523 ], [ 655064.540759, 4557395.120172999799252 ], [ 655011.357399999978952, 4557397.134421000257134 ], [ 654981.81524799996987, 4557388.43262100033462 ], [ 654966.356173999956809, 4557371.599531999789178 ], [ 654948.636150000034831, 4557323.62994800042361 ], [ 654938.016109999967739, 4557308.998826 ], [ 654915.032358999946155, 4557288.31869800016284 ], [ 654870.209217000054196, 4557253.547194000333548 ], [ 654839.500203000032343, 4557240.056354999542236 ], [ 654784.27613300003577, 4557232.154908999800682 ], [ 654735.005235000047833, 4557219.4485 ], [ 654670.614289000048302, 4557198.025314999744296 ], [ 654653.872240000055172, 4557190.584512 ], [ 654643.951804999960586, 4557182.921654 ], [ 654634.283213000046089, 4557169.310793000273407 ], [ 654627.120117999962531, 4557151.95439700037241 ], [ 654594.272769000031985, 4557038.356460000388324 ], [ 654548.241902000037953, 4556913.317258999682963 ], [ 654518.616484, 4556846.52617400046438 ], [ 654484.488758999970742, 4556791.324563000351191 ], [ 654341.546848000027239, 4556641.779706999659538 ], [ 654256.004957000026479, 4556528.703293000347912 ], [ 654121.690766999963671, 4556383.632741999812424 ], [ 654046.116415999946184, 4556315.186072000302374 ], [ 653979.033721999963745, 4556281.983815999701619 ], [ 653914.581291, 4556251.836489000357687 ], [ 653876.170022999984212, 4556222.260415 ], [ 653825.63905, 4556134.628959000110626 ], [ 653811.740513999946415, 4556109.223600000143051 ], [ 653804.643320000031963, 4556082.606406999751925 ], [ 653807.514234, 4556040.360603 ], [ 653836.662944999989122, 4555938.857304000295699 ], [ 653835.022663000039756, 4555852.85525 ], [ 653828.253712999983691, 4555773.942514000460505 ], [ 653820.482865000027232, 4555651.269702999852598 ], [ 653805.713991999975406, 4555555.461635 ], [ 653810.189137, 4555519.580562000162899 ], [ 653829.184236999950372, 4555474.464305999688804 ], [ 653898.066297000041232, 4555325.327181999571621 ], [ 653904.060226000030525, 4555290.32226200029254 ], [ 653898.188552999985404, 4555255.322917999699712 ], [ 653872.12169299996458, 4555212.312327000312507 ], [ 653855.028428000048734, 4555223.692443000152707 ], [ 653832.352725, 4555239.375633000396192 ], [ 653770.562108000041917, 4555283.391354000195861 ], [ 653701.670363000012003, 4555333.689097999595106 ], [ 653643.511488000047393, 4555370.396127999760211 ], [ 653591.453483000048436, 4555389.338623000308871 ], [ 653569.135244, 4555396.85542600043118 ], [ 653524.392134999972768, 4555410.976223999634385 ], [ 653483.520709999953397, 4555421.080167000181973 ], [ 653426.456999000045471, 4555427.712209000252187 ], [ 653353.826307000010274, 4555431.485624000430107 ], [ 653312.558445999980904, 4555430.086578000336885 ], [ 653278.826187000027858, 4555425.324946999549866 ], [ 653225.75218800001312, 4555409.495303999632597 ], [ 653207.708387000020593, 4555405.007446000352502 ], [ 653163.385041999979876, 4555395.137299999594688 ], [ 653144.127838999964297, 4555390.446460999548435 ], [ 653078.018096999963745, 4555372.345510000362992 ], [ 653062.767416000016965, 4555390.852168999612331 ], [ 653044.437684, 4555407.228497999720275 ], [ 653024.683878000010736, 4555418.632500999607146 ], [ 653004.425113999983296, 4555426.083052 ], [ 652977.671625999966636, 4555435.319175999611616 ], [ 652929.485332999960519, 4555450.337760999798775 ], [ 652902.207777000032365, 4555457.741663999855518 ], [ 652852.87051799998153, 4555472.803298000246286 ], [ 652816.131908999988809, 4555482.508655999787152 ], [ 652777.56473600002937, 4555491.320737999863923 ], [ 652750.65171200002078, 4555494.1568 ], [ 652724.544628, 4555496.199005999602377 ], [ 652700.952663999982178, 4555497.22760699968785 ], [ 652670.550083999987692, 4555497.08105400018394 ], [ 652612.178456999943592, 4555494.051339000463486 ], [ 652455.425050999969244, 4555485.092601999640465 ], [ 652395.669342000037432, 4555481.99132 ], [ 652348.371396000031382, 4555478.650437000207603 ], [ 652271.970089999958873, 4555470.438341000117362 ], [ 652209.663712, 4555465.219575 ], [ 652149.180340999970213, 4555459.150758 ], [ 652077.125313999946229, 4555457.139940000139177 ], [ 652049.459386999951676, 4555457.030716000124812 ], [ 652031.823339, 4555458.352006999775767 ], [ 652007.125004000030458, 4555460.903668999671936 ], [ 651981.406486000050791, 4555464.866968999616802 ], [ 651958.418616999988444, 4555468.753859999589622 ], [ 651929.085723, 4555474.108275 ], [ 651896.029390000039712, 4555483.272773999720812 ], [ 651868.779867999954149, 4555492.224895999766886 ], [ 651845.212926, 4555500.953756 ], [ 651824.389738, 4555509.784122999757528 ], [ 651797.010579, 4555522.965485 ], [ 651770.825904999976046, 4555538.07101 ], [ 651753.201315999962389, 4555549.367065000347793 ], [ 651728.344862999976613, 4555565.622100000269711 ], [ 651701.822761000017636, 4555584.052877999842167 ], [ 651684.429047000012361, 4555597.586338999681175 ], [ 651660.890968999941833, 4555617.089915 ], [ 651622.461098000057973, 4555648.946229999884963 ], [ 651556.337120000040159, 4555704.785276999697089 ], [ 651503.265646000043489, 4555750.755052000284195 ], [ 651439.721879999968223, 4555805.349088000133634 ], [ 651378.519205000018701, 4555857.226561999879777 ], [ 651286.573278, 4555934.879677000455558 ], [ 650998.450053, 4556178.253974 ], [ 650915.826473, 4556239.91051399987191 ], [ 650835.480753000010736, 4556297.038995999842882 ], [ 650772.068431, 4556340.045737000182271 ], [ 650681.825909, 4556402.891427 ], [ 650663.361455, 4556416.016331999562681 ], [ 650629.601203999947757, 4556438.444267 ], [ 650602.342517000040971, 4556457.874296000227332 ], [ 650544.08293000003323, 4556499.089882999658585 ], [ 650497.412724000052549, 4556534.469305999577045 ], [ 650470.27278799994383, 4556554.690817999653518 ], [ 650453.681084000039846, 4556568.643369999714196 ], [ 650434.775482999975793, 4556584.069919999688864 ], [ 650423.602858999976888, 4556594.169052000157535 ], [ 650391.327382000046782, 4556623.259282000362873 ], [ 650191.708747999975458, 4556815.051579999737442 ], [ 650110.020460000028834, 4556778.375265999697149 ], [ 650068.625343999941833, 4556776.625045999884605 ], [ 650013.332472000038251, 4556793.437614000402391 ], [ 649971.624476999975741, 4556806.930944999679923 ], [ 649928.871288000023924, 4556827.589054999873042 ], [ 649892.375233000027947, 4556850.175082 ], [ 649855.14731499995105, 4556864.660629999823868 ], [ 649833.630680999951437, 4556859.732134999707341 ], [ 649756.053105999948457, 4556865.327161000110209 ], [ 649686.398456000024453, 4556880.048418999649584 ], [ 649591.902997000026517, 4556876.313226000405848 ], [ 649488.036184999975376, 4556868.178049 ], [ 649455.801556000020355, 4556843.006102999672294 ], [ 649410.03610100003425, 4556797.598944 ], [ 649376.147377999965101, 4556755.578142000362277 ], [ 649316.215082, 4556679.505374999716878 ], [ 649243.102259999956004, 4556576.641319000162184 ], [ 649234.906885999953374, 4556565.200694000348449 ], [ 649219.724284, 4556541.533373000100255 ], [ 649196.429554000031203, 4556508.093201999552548 ], [ 649069.41382999997586, 4556327.417267000302672 ], [ 648975.417442, 4556192.232119999825954 ], [ 648963.164559999946505, 4556172.212585000321269 ], [ 648956.850186, 4556159.888829999603331 ], [ 648951.059137, 4556149.075136999599636 ], [ 648947.552054999978282, 4556140.307195000350475 ], [ 648944.834612000035122, 4556133.165804999880493 ], [ 648930.502448000013828, 4556098.165618999861181 ], [ 648910.557035999954678, 4556057.619950000196695 ], [ 648883.707630999968387, 4556003.994517000392079 ], [ 648852.386752999969758, 4555957.997161 ], [ 648704.54345, 4555798.084479000419378 ], [ 648662.113598000025377, 4555771.820417 ], [ 648638.09537899994757, 4555756.771111999638379 ], [ 648469.305216999957338, 4555673.161434000357985 ], [ 648420.294883999973536, 4555654.972865000367165 ], [ 648390.208593999966979, 4555583.935394999571145 ], [ 648364.330955000012182, 4555547.924619999714196 ], [ 648345.899736, 4555524.793177999556065 ], [ 648327.447663999977522, 4555502.683163999579847 ], [ 648306.537215000018477, 4555479.234954000450671 ], [ 648298.381601999979466, 4555463.63139299955219 ], [ 648294.060283, 4555451.071091 ], [ 648287.31896299996879, 4555435.285222999751568 ], [ 648273.64346699998714, 4555424.800847000442445 ], [ 648249.922031000023708, 4555401.651193000376225 ], [ 648234.492139999987558, 4555395.27403 ], [ 648211.766833, 4555369.368091999553144 ], [ 648157.542123000021093, 4555307.56042299978435 ], [ 648150.345363999949768, 4555296.407985 ], [ 648140.270642000017688, 4555283.075875 ], [ 648129.510387000045739, 4555265.864826000295579 ], [ 648121.709637, 4555255.921892000362277 ], [ 648103.976849999977276, 4555232.227760000154376 ], [ 648092.087244000053033, 4555211.484237999655306 ], [ 648066.5126679999521, 4555167.006563999690115 ], [ 648062.627314000041224, 4555160.252848000265658 ], [ 648057.469804, 4555152.462671999819577 ], [ 648053.659544000052847, 4555143.244845 ], [ 648053.748708999948576, 4555135.527645999565721 ], [ 648055.091071999981068, 4555128.124603999778628 ], [ 648053.225738, 4555084.660472 ], [ 648015.690398999955505, 4555090.886138999834657 ], [ 648009.758451999980025, 4555100.184294000267982 ], [ 647979.033121000044048, 4555104.759925000369549 ], [ 647965.626781000057235, 4555104.155287000350654 ], [ 647957.015663999947719, 4554927.243641000241041 ], [ 647944.996230000047944, 4554918.259534999728203 ], [ 647937.263733000028878, 4554917.358881000429392 ], [ 647938.219733000034466, 4554868.054401 ], [ 647929.392808999982662, 4554841.564516000449657 ], [ 647911.727430999977514, 4554823.170091000385582 ], [ 647879.650798000046052, 4554774.119048999622464 ], [ 647832.506302000023425, 4554744.277444000355899 ], [ 647818.653294999967329, 4554749.117344000376761 ], [ 647817.148578000022098, 4554728.017962000332773 ], [ 647823.337614999967627, 4554713.482605 ], [ 647838.535108000040054, 4554703.205528000369668 ], [ 647843.038306999951601, 4554699.364927000366151 ], [ 647848.478756999946199, 4554693.610763000324368 ], [ 647852.134711000020616, 4554684.744016 ], [ 647854.431320999981835, 4554565.396044 ], [ 647853.383493999950588, 4554554.923672 ], [ 647849.637119999970309, 4554532.968174000270665 ], [ 647833.819356000050902, 4554513.689527000300586 ], [ 647809.763056, 4554501.896665999665856 ], [ 647797.509534999961033, 4554485.755562 ], [ 647807.872806000057608, 4554452.512474999763072 ], [ 647848.476955999969505, 4554401.000021000392735 ], [ 647859.502532999962568, 4554388.172948 ], [ 647862.074154000030831, 4554367.322618000209332 ], [ 647852.380171000026166, 4554359.985089000314474 ], [ 647853.732122999965213, 4554310.16667400021106 ], [ 647802.721392999985255, 4554195.171842999756336 ], [ 647761.140972999972291, 4554138.310372999869287 ], [ 647718.410113999969326, 4554127.128925999626517 ], [ 647651.236735000042245, 4554105.313849000260234 ], [ 647661.312295999960043, 4554075.907598 ], [ 647671.789021000033244, 4554064.479674000293016 ], [ 647674.817676999955438, 4554054.65612499974668 ], [ 647671.26430799998343, 4554044.721834000200033 ], [ 647633.508720000041649, 4553995.490822999738157 ], [ 647598.047750000027008, 4553966.942102000117302 ], [ 647576.669674, 4553962.156813999637961 ], [ 647549.606517, 4553956.090675000101328 ], [ 647517.454393, 4553949.999696999788284 ], [ 647390.72848100005649, 4553925.963944000191987 ], [ 647275.886409000027925, 4553897.305203 ], [ 647211.432228000019677, 4553876.259916 ], [ 647159.667903000023216, 4553851.872157 ], [ 647118.915828999946825, 4553816.944273999892175 ], [ 647078.243895999970846, 4553778.430886999703944 ], [ 647032.995321, 4553698.521068999543786 ], [ 647010.230307, 4553665.754839000292122 ], [ 646958.311074999975972, 4553648.551323000341654 ], [ 646913.603201000019908, 4553631.493084000423551 ], [ 646915.680492999963462, 4553587.464735000394285 ], [ 646916.734007, 4553565.128775999881327 ], [ 646929.255949000013061, 4553520.021966 ], [ 646960.647359999944456, 4553454.170078 ], [ 646954.785153000033461, 4553431.173131000250578 ], [ 646932.633298999979161, 4553421.331976000219584 ], [ 646909.627792999963276, 4553421.369516000151634 ], [ 646885.370844000019133, 4553433.532354 ], [ 646841.412935000029393, 4553468.556334 ], [ 646795.929175999946892, 4553490.077909000217915 ], [ 646739.434046, 4553521.263423000462353 ], [ 646703.357614999986254, 4553538.598441 ], [ 646704.546143000014126, 4553545.919164 ], [ 646680.802088, 4553692.479857999831438 ], [ 646578.697667, 4553657.82393 ], [ 646521.139550999971107, 4553652.061122000217438 ], [ 646500.842629999970086, 4553615.880870999768376 ], [ 646450.931368, 4553590.191591000184417 ], [ 646393.088033, 4553555.858612 ], [ 646363.255495000048541, 4553520.620725999586284 ], [ 646336.419405000051484, 4553479.589909999631345 ], [ 646344.424211999983527, 4553431.715238999575377 ], [ 646300.800155999953859, 4553442.637191000394523 ], [ 646274.173699000035413, 4553427.621844000183046 ], [ 646224.911868999945, 4553402.535836 ], [ 646183.591591999982484, 4553405.774558999575675 ], [ 646173.374690999975428, 4553444.198082 ], [ 646150.584272, 4553488.112254000268877 ], [ 646114.609986, 4553518.479864999651909 ], [ 646086.054760999977589, 4553502.893559000454843 ], [ 646087.352872999967076, 4553445.066712999716401 ], [ 646098.438367999973707, 4553413.590784000232816 ], [ 646103.446130999946035, 4553391.211666 ], [ 646099.619308999972418, 4553351.963243000209332 ], [ 646068.47840499994345, 4553315.67875299975276 ], [ 645988.244748999946751, 4553318.096955000422895 ], [ 645937.42600700003095, 4553313.706235 ], [ 645896.304517999989912, 4553303.600796000100672 ], [ 645872.909256999962963, 4553299.591141999699175 ], [ 645840.547588999965228, 4553265.071447 ], [ 645838.23945, 4553233.405803999863565 ], [ 645855.319903000025079, 4553209.990113000385463 ], [ 645820.727479, 4553204.757747 ], [ 645745.787110000033863, 4553174.16527699958533 ], [ 645680.792122000013478, 4553155.311146999709308 ], [ 645641.570303000044078, 4553183.872669000178576 ], [ 645596.467108999961056, 4553188.505436000414193 ], [ 645503.882069000042975, 4553202.933303999714553 ], [ 645443.701499999966472, 4553214.38612600043416 ], [ 645464.558546000043862, 4553050.450520000420511 ], [ 645443.935585999977775, 4553044.676005999557674 ], [ 645454.294639999978244, 4553025.112897000275552 ], [ 645446.136386999976821, 4552990.610081999562681 ], [ 645432.422172000049613, 4552991.781153 ], [ 645403.904316999949515, 4552939.503359000198543 ], [ 645408.542407999979332, 4552923.79137699957937 ], [ 645426.380720000015572, 4552932.764531999826431 ], [ 645424.086098999949172, 4552903.27621900010854 ], [ 645458.710843999986537, 4552803.075574000366032 ], [ 645436.533886000048369, 4552785.02001 ], [ 645401.116573999985121, 4552716.811995999887586 ], [ 645338.107435000012629, 4552731.352686 ], [ 645147.284686999977566, 4552647.131788999773562 ], [ 645042.751982999965549, 4552600.455435999669135 ], [ 644793.605506, 4552456.691315 ], [ 644699.374923, 4552324.661922999657691 ], [ 644691.736219999962486, 4552311.227808999828994 ], [ 644682.744663, 4552299.088581000454724 ], [ 644676.66373599995859, 4552289.283703999593854 ], [ 644668.484706999966875, 4552274.284064999781549 ], [ 644660.834253999986686, 4552261.438384000211954 ], [ 644654.473806999973021, 4552252.172204 ], [ 644647.722204, 4552242.7205969998613 ], [ 644639.283141999971122, 4552230.670099999755621 ], [ 644623.570109999971464, 4552201.594391999766231 ], [ 644619.822503000032157, 4552198.677113999612629 ], [ 644724.445674999966286, 4552059.897595999762416 ], [ 644785.515338000026532, 4552070.979464 ], [ 644798.191356000024825, 4552113.422806000337005 ], [ 644822.037681999965571, 4552138.139703 ], [ 644870.041577000054531, 4552171.409285999834538 ], [ 644967.577088000020012, 4552252.351176000200212 ], [ 645019.590357, 4552310.845745 ], [ 645053.521566999959759, 4552326.778486999683082 ], [ 645103.898231999948621, 4552331.364974999800324 ], [ 645148.8755110000493, 4552335.855771999806166 ], [ 645201.973691000021063, 4552339.59734100010246 ], [ 645276.249898000038229, 4552320.42569 ], [ 645382.585754, 4552254.968039000406861 ], [ 645401.094902000040747, 4552206.190818999893963 ], [ 645490.808091999962926, 4552136.150542000308633 ], [ 645580.778554999968037, 4552098.435604000464082 ], [ 645584.693941000034101, 4552071.802992000244558 ], [ 645600.856105000013486, 4552063.372937000356615 ], [ 645665.263582000043243, 4552087.767296999692917 ], [ 645649.300027000019327, 4552063.437711000442505 ], [ 645591.727110999985598, 4552046.798414000310004 ], [ 645578.484596000052989, 4552032.618735999800265 ], [ 645590.399428999982774, 4552022.760276 ], [ 645619.378620999981649, 4552015.707085999660194 ], [ 645616.479852000018582, 4552003.077107000164688 ], [ 645659.750267000054009, 4552025.040443000383675 ], [ 645730.240424999967217, 4552015.6712849996984 ], [ 645747.883365000016056, 4552057.31585600040853 ], [ 645776.160788999986835, 4552040.375834999606013 ], [ 645811.6521659999853, 4552023.124347999691963 ], [ 645832.483652999973856, 4552018.153060000389814 ], [ 645840.598010999965481, 4551995.424808000214398 ], [ 645862.92244400002528, 4552005.743378999643028 ], [ 645864.609283, 4552034.053576 ], [ 645872.395758999977261, 4552073.26959399972111 ], [ 645897.44772399996873, 4552036.951905 ], [ 645968.89028299995698, 4552047.228821 ], [ 645961.378740999964066, 4552026.254671 ], [ 645953.867375000030734, 4552005.269427999854088 ], [ 645949.172753000049852, 4551951.310332000255585 ], [ 645963.229368999949656, 4551861.085756000131369 ], [ 645986.912556999945082, 4551686.290221 ], [ 646010.608304, 4551546.690785000100732 ], [ 646054.057828000048175, 4551436.039931000210345 ], [ 646062.879423000034876, 4551414.558799999766052 ], [ 646066.673842999967746, 4551392.821829999797046 ], [ 646063.677142999949865, 4551372.91509999986738 ], [ 646030.411300000036135, 4551260.366556 ], [ 646028.814781000022776, 4551256.169843999668956 ], [ 646026.133615999948233, 4551238.124184999614954 ], [ 646030.88032, 4551171.614637999795377 ], [ 646035.147591999964789, 4551111.870352 ], [ 646039.233006000053138, 4551096.180990999564528 ], [ 646053.974626000039279, 4551039.511180999688804 ], [ 646058.578922000015154, 4551021.821951 ], [ 646062.303427999955602, 4551012.011717 ], [ 646075.534450000035577, 4550977.157813999801874 ], [ 646087.497465000022203, 4550945.643814999610186 ], [ 646092.756527, 4550931.777122999541461 ], [ 646095.115284999948926, 4550925.571386000141501 ], [ 646095.514437000034377, 4550921.56999299954623 ], [ 646099.056565999984741, 4550898.59521 ], [ 646100.322428000043146, 4550873.064967 ], [ 646101.438743000035174, 4550861.758864999748766 ], [ 646101.28784, 4550860.90066900011152 ], [ 646089.116867, 4550792.554087 ], [ 646065.275397000019439, 4550703.994444999843836 ], [ 646061.596644000033848, 4550693.403396000154316 ], [ 646059.722903999965638, 4550687.935039999894798 ], [ 646055.384582999977283, 4550677.974994 ], [ 646053.863053999957629, 4550674.224033 ], [ 646053.454882, 4550673.205218000337481 ], [ 646050.716124000027776, 4550666.453487999737263 ], [ 646045.530211, 4550655.59914099983871 ], [ 646035.623917000018992, 4550636.243169000372291 ], [ 646031.876004999969155, 4550628.271835999563336 ], [ 646025.789150999975391, 4550617.51059199962765 ], [ 646025.052294000051916, 4550616.962789 ], [ 646016.861866, 4550603.405231 ], [ 646007.767642, 4550590.085097 ], [ 645994.544946999987587, 4550570.596393000334501 ], [ 645993.116346, 4550568.502132000401616 ], [ 645981.883763000019826, 4550552.018523000180721 ], [ 645977.715564999962226, 4550544.471984 ], [ 645974.035332, 4550538.156867999583483 ], [ 645970.304507000022568, 4550531.007775999605656 ], [ 645950.62110600003507, 4550484.091155 ], [ 645945.92338099994231, 4550472.757954999804497 ], [ 645942.075637000030838, 4550463.463045 ], [ 645929.995054999948479, 4550382.035519000142813 ], [ 645934.003942999988794, 4550370.609381999820471 ], [ 645937.816330999950878, 4550359.767958999611437 ], [ 645944.524454000056721, 4550340.654596 ], [ 645949.245598, 4550334.384859000332654 ], [ 646079.896991000045091, 4550175.561917999759316 ], [ 646097.535006999969482, 4550154.045738999731839 ], [ 646117.165071, 4550132.92476399987936 ], [ 646152.668468000018038, 4550100.414769999682903 ], [ 646154.423144, 4550098.806079999543726 ], [ 646161.255444, 4550093.711458000354469 ], [ 646171.584704000037163, 4550086.021173000335693 ], [ 646195.601922999951057, 4550074.550487999804318 ], [ 646208.157011999981478, 4550071.536016000434756 ], [ 646217.661854999954812, 4550067.683195999823511 ], [ 646227.365492000011727, 4550066.077824000269175 ], [ 646234.153845999971963, 4550064.869579000398517 ], [ 646260.253168000024743, 4550056.861422999761999 ], [ 646285.664272999973036, 4550048.395352000370622 ], [ 646300.780013000010513, 4550041.711612000130117 ], [ 646302.961808, 4550039.75609099958092 ], [ 646314.966169000021182, 4550025.624526999890804 ], [ 646324.459275000030175, 4550001.347186 ], [ 646328.371761000016704, 4549986.376408999785781 ], [ 646330.304026999976486, 4549973.365175999701023 ], [ 646329.772951000020839, 4549961.259839000180364 ], [ 646328.613988999975845, 4549936.847317 ], [ 646326.746875999961048, 4549897.416082000359893 ], [ 646319.630068000056781, 4549747.305995999835432 ], [ 646319.585221000015736, 4549744.08428500033915 ], [ 646318.31863999995403, 4549650.63313 ], [ 646315.09386300004553, 4549601.756683999672532 ], [ 646311.844550000037998, 4549552.002360000275075 ], [ 646308.074235999956727, 4549500.982625000178814 ], [ 646301.859494999982417, 4549445.70478199981153 ], [ 646293.789495000033639, 4549397.053632999770343 ], [ 646289.35800200002268, 4549364.390456000342965 ], [ 646287.292148999986239, 4549349.178043000400066 ], [ 646276.102957000024617, 4549303.951971 ], [ 646251.338063, 4549229.456334999762475 ], [ 646236.349924999987707, 4549172.448490999639034 ], [ 646223.296688999980688, 4549108.593465999700129 ], [ 646198.998319, 4548970.679688000120223 ], [ 646193.938357, 4548926.098191999830306 ], [ 646193.074341999948956, 4548918.861890000291169 ], [ 646181.861311999964528, 4548835.607837 ], [ 646164.619052, 4548750.822987999767065 ], [ 646155.673597999964841, 4548702.143546000123024 ], [ 646152.491247999947518, 4548680.522845 ], [ 646155.483080000034533, 4548666.211098000407219 ], [ 646163.956972999963909, 4548648.4103509997949 ], [ 646181.4545559999533, 4548629.901234 ], [ 646195.249077999964356, 4548616.704749999567866 ], [ 646211.704710999969393, 4548605.349522000178695 ], [ 646223.927306000026874, 4548598.907611000351608 ], [ 646241.832551999948919, 4548589.458346 ], [ 646258.319339000037871, 4548580.758228999562562 ], [ 646260.918457999941893, 4548579.388539999723434 ], [ 646312.168022, 4548550.825261999852955 ], [ 646314.707440000027418, 4548549.920861000195146 ], [ 646346.702320000040345, 4548528.103348 ], [ 646365.953211999963969, 4548512.317386999726295 ], [ 646377.070648, 4548497.268508999608457 ], [ 646387.396824000054039, 4548476.817303 ], [ 646394.118916, 4548456.294064999558032 ], [ 646401.838261, 4548431.292740999720991 ], [ 646444.356696999981068, 4548334.230193000286818 ], [ 646453.019442999968305, 4548312.501906 ], [ 646456.090136999962851, 4548304.788940999656916 ], [ 646483.308910000021569, 4548236.507899000309408 ], [ 646513.983447000035085, 4548145.494954000227153 ], [ 646552.432628000038676, 4548026.794320999644697 ], [ 646574.651315000024624, 4547952.671593000181019 ], [ 646584.816652999958023, 4547895.377998 ], [ 646591.48543, 4547832.627911999821663 ], [ 646598.657824, 4547789.657022000290453 ], [ 646613.902511999942362, 4547748.6358040003106 ], [ 646638.225236000027508, 4547705.097513999789953 ], [ 646665.227107999962755, 4547662.523645999841392 ], [ 646669.246146, 4547652.808407000266016 ], [ 646671.860782, 4547646.485773 ], [ 646672.238437999971211, 4547627.623827000148594 ], [ 646671.900215000030585, 4547622.685882999561727 ], [ 646671.627343000029214, 4547618.682172000408173 ], [ 646668.058308999985456, 4547566.45579900033772 ], [ 646667.979352000053041, 4547564.521731999702752 ], [ 646667.255932, 4547546.914962000213563 ], [ 646666.845271000056528, 4547536.777847999706864 ], [ 646670.935306000057608, 4547512.603702999651432 ], [ 646682.31502099998761, 4547484.977093 ], [ 646700.947398000047542, 4547451.553888999857008 ], [ 646704.581083999946713, 4547444.718570999801159 ], [ 646747.838156000012532, 4547363.265452000312507 ], [ 646750.694746, 4547357.880613000132143 ], [ 646755.164585000020452, 4547347.074923999607563 ], [ 646770.013459000037983, 4547293.584843999706209 ], [ 646776.320603, 4547241.423003000207245 ], [ 646772.955681000021286, 4547209.6583740003407 ], [ 646797.418885000050068, 4547089.590221 ], [ 646731.267600000021048, 4547102.325625999830663 ], [ 646709.374569999985397, 4547105.430100999772549 ], [ 646648.280895999982022, 4547112.447850000113249 ], [ 646591.87028100003954, 4547115.650407000444829 ], [ 646459.564934000023641, 4547192.647154999896884 ], [ 646453.944017000030726, 4547216.479803999885917 ], [ 646453.088921000016853, 4547259.677016000263393 ], [ 646438.42885899997782, 4547289.537366 ], [ 646376.877268000040203, 4547276.656909000128508 ], [ 646337.949705000035465, 4547269.060042000375688 ], [ 646315.927036999957636, 4547261.856506999582052 ], [ 646266.382509000017308, 4547218.474818999879062 ], [ 646183.500270999968052, 4547187.244803999550641 ], [ 646150.762752, 4547184.092783999629319 ], [ 646100.507571000023745, 4547189.343248000368476 ], [ 646043.13592399994377, 4547203.281616000458598 ], [ 646005.647084000054747, 4547208.243006999604404 ], [ 645972.362818000023253, 4547199.205713000148535 ], [ 645935.854062999947928, 4547180.286480000242591 ], [ 645855.519823999959044, 4547117.258494 ], [ 645760.689405999961309, 4547180.275742 ], [ 645627.794074999983422, 4547252.821734 ], [ 645522.071351, 4547320.178930000402033 ], [ 645554.964664999977686, 4547366.656387000344694 ], [ 645597.370428, 4547433.980525 ], [ 645552.976690000039525, 4547435.830485999584198 ], [ 645530.057695999974385, 4547462.740743 ], [ 645495.034388000029139, 4547500.67230200022459 ], [ 645465.479094999958761, 4547516.389213000424206 ], [ 645425.942457000026479, 4547528.498497 ], [ 645365.42137300001923, 4547556.495389999821782 ], [ 645279.162438999977894, 4547608.682358999736607 ], [ 645257.039781, 4547637.052997999824584 ], [ 645244.897053999942727, 4547675.894752000458539 ], [ 645195.432151000015438, 4547806.455300999805331 ], [ 645111.084211, 4547979.61671799980104 ], [ 645050.061332999961451, 4548088.803045 ], [ 645014.927992000011727, 4548132.565228000283241 ], [ 644974.688644999987446, 4548168.496624999679625 ], [ 644935.010442, 4548206.671663000248373 ], [ 644877.759365999954753, 4548252.018117999657989 ], [ 644761.735912999953143, 4548352.177949000149965 ], [ 644664.694539000047371, 4548470.128817000426352 ], [ 644557.483155000023544, 4548602.751179999671876 ], [ 644341.064675000030547, 4548863.662765 ], [ 644223.031081, 4548988.235345999710262 ], [ 644102.002365999971516, 4549109.341155 ], [ 644039.994302000035532, 4549217.70484699960798 ], [ 643951.176479000016116, 4549336.559073000214994 ], [ 643899.024035, 4549371.661957000382245 ], [ 643836.630515999975614, 4549403.665300000458956 ], [ 643702.751774, 4549472.437250999733806 ], [ 643666.496047999942675, 4549505.621426999568939 ], [ 643559.142414, 4549681.456915000453591 ], [ 643522.36984499997925, 4549751.803601999767125 ], [ 643503.789021000033244, 4549769.908723999746144 ], [ 643405.363732, 4549833.938830999657512 ], [ 643318.832588, 4549878.956259000115097 ], [ 643297.829950000043027, 4549892.905216 ], [ 643272.881636, 4549923.847002999857068 ], [ 643270.50442600005772, 4549953.431420000270009 ], [ 643277.258111999952234, 4549982.728101000189781 ], [ 643289.872595999971963, 4550022.967919000424445 ], [ 643300.886827999958768, 4550059.100517 ], [ 643307.664711000048555, 4550127.491035000421107 ], [ 643300.315507999970578, 4550185.709483999758959 ], [ 643264.972746000043117, 4550252.364759 ], [ 643229.868354000034742, 4550325.333087 ], [ 643159.152881999965757, 4550437.997639999724925 ], [ 643035.525104, 4550582.846680999733508 ], [ 642967.375149999978021, 4550716.275802999734879 ], [ 642794.956756999948993, 4550993.003755999729037 ], [ 642622.0752639999846, 4551307.497898999601603 ], [ 642571.342197000049055, 4551374.278172999620438 ], [ 642340.622104999958538, 4551574.858690000139177 ], [ 642123.383073, 4551741.590203000232577 ], [ 642029.11016100004781, 4551812.237165999598801 ], [ 641969.850840999977663, 4551847.003731999546289 ], [ 641847.792659000027925, 4551908.551027 ], [ 641783.203210999956354, 4551937.995869999751449 ], [ 641776.360195999965072, 4551953.000706999562681 ], [ 641762.126492999959737, 4551982.666603 ], [ 641739.433885999955237, 4552025.773453 ], [ 641728.061330000055023, 4552048.686874999664724 ], [ 641724.752427999977954, 4552078.564504999667406 ], [ 641718.126501000020653, 4552138.308505999855697 ], [ 641717.836569000035524, 4552153.273759 ], [ 641702.28766499995254, 4552180.182201 ], [ 641668.943521999986842, 4552209.478074000217021 ], [ 641634.275455, 4552236.016382999718189 ], [ 641608.19767599995248, 4552242.319455999881029 ], [ 641572.459149, 4552253.877564 ], [ 641544.758058, 4552273.754262000322342 ], [ 641519.707217999966815, 4552297.758227 ], [ 641490.453523, 4552327.134004999883473 ], [ 641459.989432999980636, 4552348.312486000359058 ], [ 641437.799402000033297, 4552365.575183999724686 ], [ 641404.422585999942385, 4552396.226483000442386 ], [ 641383.522715999977663, 4552417.590167 ], [ 641366.877968000015244, 4552430.884364999830723 ], [ 641353.225191000034101, 4552430.620504000224173 ], [ 641335.545447999960743, 4552426.191858000122011 ], [ 641313.758580000023358, 4552423.049936999566853 ], [ 641275.704675000044517, 4552412.785912999883294 ], [ 641222.847451, 4552391.363527 ], [ 641194.567012000014074, 4552370.404809 ], [ 641160.723618000047281, 4552354.780763999558985 ], [ 641124.063957000034861, 4552343.189535999670625 ], [ 641072.356461000046693, 4552332.663184000179172 ], [ 641034.12653, 4552331.925958000123501 ], [ 640995.896600999985822, 4552331.188931000418961 ], [ 640967.656307999975979, 4552337.741316 ], [ 640895.075030999956653, 4552352.07997400034219 ], [ 640853.916019, 4552371.289047 ], [ 640802.648984999977984, 4552412.493402999825776 ], [ 640734.073172, 4552457.074412999674678 ], [ 640668.67374200001359, 4552490.711151000112295 ], [ 640588.799134999979287, 4552520.5940450001508 ], [ 640529.831761999987066, 4552520.738010000437498 ], [ 640536.47511, 4552703.491332000121474 ], [ 640638.934555000043474, 4552872.71611800044775 ], [ 640798.761260000057518, 4552968.703729 ], [ 640802.589778000023216, 4553092.664215999655426 ], [ 640906.111118, 4553206.161934000439942 ], [ 640959.186498999944888, 4553355.849184 ], [ 641179.982531000045128, 4553690.489472 ], [ 641182.707600999972783, 4553694.629092999733984 ], [ 641341.30369700002484, 4553852.544153000228107 ], [ 641514.429015, 4553925.894336 ], [ 641808.435834, 4554050.492417000234127 ], [ 642008.264407000038773, 4553924.608399 ], [ 642151.26391900004819, 4554431.713390000164509 ], [ 642177.333845000015572, 4554525.178154 ], [ 642266.842047999962233, 4554648.086961000226438 ], [ 642323.043014999944717, 4554722.769936 ], [ 642389.914035000023432, 4554817.352354000322521 ], [ 642344.504117000033148, 4554847.042855000123382 ], [ 642290.253509999951348, 4554903.4271 ], [ 642267.321498999954201, 4554918.096043 ], [ 642285.735999000025913, 4554950.006887 ], [ 642307.252816000021994, 4554978.690793000161648 ], [ 642318.771681000012904, 4554993.863878999836743 ], [ 642336.738050000043586, 4555014.271351999603212 ], [ 642355.308247999986634, 4555032.1251299995929 ], [ 642386.467750999960117, 4555051.134925999678671 ], [ 642402.88652199995704, 4555072.089943000115454 ], [ 642426.466092000016943, 4555102.169379999861121 ], [ 642434.44200100004673, 4555131.94477 ], [ 642441.232679, 4555153.167592000216246 ], [ 642453.777182, 4555179.877930000424385 ], [ 642466.958628, 4555196.738498999737203 ], [ 642487.943000999977812, 4555206.576693999581039 ], [ 642516.162755999946967, 4555237.635425000451505 ], [ 642532.125420999946073, 4555250.507744000293314 ], [ 642550.39824300003238, 4555260.737487000413239 ], [ 642576.735475, 4555272.923802999779582 ], [ 642603.500134999980219, 4555286.007047000341117 ], [ 642633.681177000049502, 4555309.030403999611735 ], [ 642655.684149999986403, 4555335.481515999883413 ], [ 642711.430709999985993, 4555410.159106999635696 ], [ 642723.800669000018388, 4555422.5174719998613 ], [ 642738.097851000027731, 4555428.627442000433803 ], [ 642747.357645999989472, 4555415.803058999590576 ], [ 642753.65223, 4555416.37026899959892 ], [ 642758.010851999977604, 4555423.629971000365913 ], [ 642761.348635999951512, 4555437.155794999562204 ], [ 642772.489729000022635, 4555443.215283 ], [ 642794.423783999984153, 4555450.374177999794483 ], [ 642809.513690000050701, 4555461.88625399954617 ], [ 642831.342914000037126, 4555473.974335 ], [ 642837.932686000014655, 4555482.632648999802768 ], [ 642858.512997000012547, 4555512.643906 ], [ 642892.161347000044771, 4555542.466520000249147 ], [ 642924.101051999954507, 4555567.769004999659956 ], [ 642994.54052599996794, 4555650.810560000129044 ], [ 643021.422733000013977, 4555680.945663999766111 ], [ 643052.525160999968648, 4555702.645089999772608 ], [ 643086.519603000022471, 4555737.861940000206232 ], [ 643094.716910999966785, 4555779.304026000201702 ], [ 642989.415896, 4555705.452434999868274 ], [ 642961.843679000041448, 4555687.409637999720871 ], [ 642761.810528, 4555653.745292999781668 ], [ 642655.786378000047989, 4555641.62352 ], [ 642649.72119399998337, 4555640.927590999752283 ], [ 642625.468309000018053, 4555637.311119999736547 ], [ 642604.526645999983884, 4555649.019151999615133 ], [ 642558.756398999947123, 4555663.385814 ], [ 642546.472768999985419, 4555669.421117999590933 ], [ 642538.102298000012524, 4555683.173779999837279 ], [ 642526.611235999967903, 4555695.066389 ], [ 642502.043672000057995, 4555707.592462999746203 ], [ 642467.458833000040613, 4555725.765100999735296 ], [ 642436.10889200004749, 4555739.514089999720454 ], [ 642417.896706999978051, 4555749.920896000228822 ], [ 642399.955728000029922, 4555745.983949 ], [ 642359.253062000032514, 4555731.285968 ], [ 642328.60138, 4555732.476913000456989 ], [ 642264.490068000042811, 4555740.65742199961096 ], [ 642251.648322000051849, 4555752.52414199989289 ], [ 642240.35797300003469, 4555777.42631599958986 ], [ 642228.894172, 4555787.520711 ], [ 642206.794172000023536, 4555812.212516999803483 ], [ 642216.103118999977596, 4555866.236026999540627 ], [ 642217.854413999943063, 4555892.291686000302434 ], [ 642214.340730000054464, 4555910.626085000112653 ], [ 642220.956770000047982, 4555940.807951999828219 ], [ 642228.113038999959826, 4555966.524589999578893 ], [ 642232.453407000051811, 4555998.017117000184953 ], [ 642243.890288, 4556012.144607 ], [ 642249.834847999969497, 4556030.663146999664605 ], [ 642243.697196000022814, 4556045.348071999847889 ], [ 642228.964521000045352, 4556061.653753000311553 ], [ 642209.734215999953449, 4556054.549115999601781 ], [ 642183.389724, 4556066.153114000335336 ], [ 642186.614754999987781, 4556085.507160999812186 ], [ 642201.95544599997811, 4556153.552911000326276 ], [ 642219.144046999979764, 4556218.947013 ], [ 642216.248947000014596, 4556252.086778 ], [ 642209.195643999963067, 4556290.532056 ], [ 642211.879088000045158, 4556337.696363000199199 ], [ 642221.030629000044428, 4556376.901356999762356 ], [ 642221.663756, 4556482.799251000396907 ], [ 642216.405221999972127, 4556545.057637999765575 ], [ 642206.03966, 4556591.512575999833643 ], [ 642195.148938999976963, 4556711.524136000312865 ], [ 642192.435177, 4556804.784804999828339 ], [ 642182.000915999989957, 4556831.502886 ], [ 642171.739534000051208, 4556896.35160700045526 ], [ 642169.045057000010274, 4556942.056319000199437 ], [ 642172.661345000029542, 4556987.428524999879301 ], [ 642183.194418999948539, 4557140.609131 ], [ 642203.39591299998574, 4557213.225502000190318 ], [ 642217.893197000026703, 4557270.104565000161529 ], [ 642167.49368900002446, 4557252.897246999666095 ], [ 642089.259109999984503, 4557246.887836 ], [ 642044.493616999941878, 4557233.467123 ], [ 642010.684421999962069, 4557212.174487000331283 ], [ 641961.395530999987386, 4557199.543727000243962 ], [ 641912.760128000052646, 4557199.498103000223637 ], [ 641841.43657100002747, 4557208.885440999642015 ], [ 641809.021877, 4557208.255962999537587 ], [ 641738.996969999978319, 4557197.023299000225961 ], [ 641676.564673000015318, 4557211.960141000337899 ], [ 641590.54773800005205, 4557235.413928000256419 ], [ 641555.422238999977708, 4557235.632607 ], [ 641506.708896999945864, 4557240.063908999785781 ], [ 641450.184921000036411, 4557229.106728999875486 ], [ 641398.835582999978215, 4557200.602651 ], [ 641387.238106, 4557223.845223000273108 ], [ 641378.078280000016093, 4557231.742003000341356 ], [ 641374.540935999946669, 4557251.864341 ], [ 641387.842391000012867, 4557262.439372999593616 ], [ 641399.165858999942429, 4557282.394074999727309 ], [ 641396.387447000015527, 4557309.705616000108421 ], [ 641388.920862999977544, 4557346.344331 ], [ 641388.538915000041015, 4557366.072408 ], [ 641388.505824, 4557391.193680999800563 ], [ 641392.202646999969147, 4557409.656895999796689 ], [ 641395.726187000051141, 4557436.635110000148416 ], [ 641401.558831, 4557460.970370999537408 ], [ 641405.212150000035763, 4557481.676180000416934 ], [ 641409.12742499995511, 4557512.26035900041461 ], [ 641407.316464000032283, 4557535.992273 ], [ 641402.228949000011198, 4557565.946774000301957 ], [ 641397.340749999973923, 4557586.042951 ], [ 641393.524059999966994, 4557597.186176000162959 ], [ 641398.049089999985881, 4557619.252701999619603 ], [ 641405.416773000033572, 4557657.067153999581933 ], [ 641409.366735000046901, 4557685.852834000252187 ], [ 641420.029325000010431, 4557739.89045299962163 ], [ 641369.442800999968313, 4557817.408595999702811 ], [ 641366.673386999987997, 4557844.264984999783337 ], [ 641372.38426800002344, 4557874.872821999713778 ], [ 641382.006856999942102, 4557889.419288 ], [ 641378.966624, 4557906.852482999674976 ], [ 641380.754759000032209, 4557931.109449 ], [ 641387.632392999948934, 4557947.835097 ], [ 641405.361749000032432, 4557985.405994 ], [ 641403.803928000037558, 4558019.471474999561906 ], [ 641398.428268000017852, 4558041.346289999783039 ], [ 641387.755286999978125, 4558081.054836999624968 ], [ 641379.905455, 4558114.543131000362337 ], [ 641371.810930000036024, 4558137.264906999655068 ], [ 641351.045519000035711, 4558163.317521999590099 ], [ 641338.959615999949165, 4558182.819036999717355 ], [ 641336.146954, 4558211.918031999841332 ], [ 641338.100359000032768, 4558227.204488 ], [ 641325.407046, 4558278.091134999878705 ], [ 641310.333423999953084, 4558312.339251999743283 ], [ 641303.913093999959528, 4558341.812672999687493 ], [ 641304.263927, 4558370.084424000233412 ], [ 641308.207317000022158, 4558422.181610000319779 ], [ 641282.588186, 4558443.220445999875665 ], [ 641241.323603000026196, 4558528.538468999788165 ], [ 641197.229207, 4558574.930706 ], [ 641104.443040000041947, 4558901.720778999850154 ], [ 641087.361062000039965, 4558932.743022000417113 ], [ 641073.653895, 4558957.633337000384927 ], [ 641048.037253999966197, 4558978.672949000261724 ], [ 641026.60647, 4559012.410012999549508 ], [ 640963.11676, 4559086.460497999563813 ], [ 640936.704694999963976, 4559148.733032000251114 ], [ 640939.195569999981672, 4559206.177276999689639 ], [ 640955.122682000044733, 4559267.479379000142217 ], [ 640974.03907599998638, 4559406.870532000437379 ], [ 640954.130009999964386, 4559411.861325000412762 ], [ 640844.659390000044368, 4559439.34552 ], [ 640787.725466000032611, 4559471.376358999870718 ], [ 640786.972133000032045, 4559436.47769 ], [ 640785.083009999943897, 4559349.09209099970758 ], [ 640779.730105999973603, 4559178.932896999642253 ], [ 640775.485508000012487, 4559150.563907000236213 ], [ 640611.538655000040308, 4559155.910825000144541 ], [ 640536.83644500002265, 4559154.472051000222564 ], [ 640441.4133950000396, 4559153.534892000257969 ], [ 640408.273546000011265, 4559144.82321 ], [ 640347.793964999960735, 4559152.633662999607623 ], [ 640290.351667999988422, 4559143.45524699985981 ], [ 640234.635553000029176, 4559137.897699999623001 ], [ 640186.099698, 4559133.378073999658227 ], [ 640129.520175999961793, 4559126.016684000380337 ], [ 640087.499075000057928, 4559110.861079 ], [ 640049.750768000027165, 4559107.437907 ], [ 640029.927479999954812, 4559107.957151000387967 ], [ 640006.376205999986269, 4559115.579413999803364 ], [ 640016.89745699998457, 4559130.130196000449359 ], [ 639976.344775, 4559132.040013000369072 ], [ 639944.187753999955021, 4559118.8735959995538 ], [ 639869.25789, 4559082.453429000452161 ], [ 639825.329513999982737, 4559072.638117000460625 ], [ 639788.64992999995593, 4559060.285357000306249 ], [ 639767.740172000019811, 4559070.646622999571264 ], [ 639723.537033000029624, 4559075.175599000416696 ], [ 639694.823914999957196, 4559070.139181000180542 ], [ 639680.08882199996151, 4559040.259745 ], [ 639656.249253000016324, 4559015.592538 ], [ 639636.46924200002104, 4558994.10164500027895 ], [ 639633.450592000037432, 4559011.080462000332773 ], [ 639618.892407999956049, 4559018.876015 ], [ 639598.940183999948204, 4559026.568428999744356 ], [ 639578.893844999955036, 4559038.745908999815583 ], [ 639614.529846000019461, 4559078.476072000339627 ], [ 639659.253203999949619, 4559093.680611000396311 ], [ 639683.740971000050195, 4559131.820696 ], [ 639737.986012, 4559261.122062999755144 ], [ 639696.785767999943346, 4559249.56054599955678 ], [ 639659.823823999962769, 4559252.440401 ], [ 639584.608377999975346, 4559277.911285 ], [ 639514.915644999942742, 4559297.213616999797523 ], [ 639453.575384999974631, 4559303.215756 ], [ 639389.534124, 4559309.166818999685347 ], [ 639307.345442999969237, 4559322.846057999879122 ], [ 639204.437235999968834, 4559337.019458999857306 ], [ 639211.147430000011809, 4559315.624114000238478 ], [ 639229.918943000026047, 4559275.62316 ], [ 639256.897464000037871, 4559182.858968 ], [ 639192.436507, 4559163.69324 ], [ 639097.057815999956802, 4559255.153714999556541 ], [ 638968.008003999944776, 4559223.997637 ], [ 638947.56793000001926, 4559162.614695999771357 ], [ 638837.437243000022136, 4559035.843833000399172 ], [ 638751.133917000028305, 4559028.827459 ], [ 638692.038937999983318, 4559011.556326 ], [ 638651.809776999987662, 4558996.44319 ], [ 638622.010948000010103, 4559001.252454999834299 ], [ 638588.320093999966048, 4558973.703075 ], [ 638583.343185, 4558951.185761 ], [ 638534.486527999979444, 4558916.174313999712467 ], [ 638473.373580000014044, 4558910.539012 ], [ 638394.779881999944337, 4558829.219306999817491 ], [ 638332.26508499996271, 4558754.480046999640763 ], [ 638317.311330000055023, 4558736.260679 ], [ 638277.657631000038236, 4558690.652764 ], [ 638249.256383999949321, 4558668.591632000170648 ], [ 638180.565381000051275, 4558587.462032999843359 ], [ 638147.023683, 4558551.843720999546349 ], [ 638109.998453999985941, 4558604.962170000188053 ], [ 638089.215672999969684, 4558656.599980000406504 ], [ 638062.657581, 4558727.852624 ], [ 638046.25241700001061, 4558833.381253000348806 ], [ 638050.298386999987997, 4558905.212775999680161 ], [ 638040.856073, 4558928.356521000154316 ], [ 638015.723374999943189, 4558924.294065999798477 ], [ 638005.908400999964215, 4558967.154821 ], [ 637827.698802000028081, 4558902.638720000162721 ], [ 637802.018483, 4558893.346919000148773 ], [ 637728.897142000030726, 4558856.08385 ], [ 637683.653016000054777, 4558867.791004000231624 ], [ 637560.4924390000524, 4558809.862018000334501 ], [ 637442.462519999942742, 4558766.380525000393391 ], [ 637330.036502999952063, 4558712.233786 ], [ 637213.807451999979094, 4558668.79 ], [ 637145.506170999957249, 4558613.687742999754846 ], [ 637086.017184, 4558617.057091999799013 ], [ 637097.700145, 4558666.608458999544382 ], [ 637084.282790999975987, 4558709.413664000108838 ], [ 637069.550240000011399, 4558727.072875999845564 ], [ 637071.83065500005614, 4558749.538305999711156 ], [ 637062.800748000037856, 4558798.700710999779403 ], [ 637045.080951999989338, 4558831.552135 ], [ 636979.686455999966711, 4558861.72074200026691 ], [ 636919.964087, 4558877.647625000216067 ], [ 636846.870391999953426, 4558886.138841000385582 ], [ 636802.500609999988228, 4558899.655806000344455 ], [ 636757.18283900001552, 4558915.853976000100374 ], [ 636709.164248000015505, 4558931.990728000178933 ], [ 636695.322277000057511, 4558949.667321999557316 ], [ 636693.467438000021502, 4559000.763593000359833 ], [ 636709.598336, 4559053.085184999741614 ], [ 636727.40666700003203, 4559111.713018000125885 ], [ 636718.127550999983214, 4559174.320196 ], [ 636702.766860999981873, 4559225.163505 ], [ 636684.152058999985456, 4559257.99895 ], [ 636635.061952000018209, 4559283.089498000219464 ], [ 636563.256102000013925, 4559319.416344 ], [ 636503.37089699995704, 4559344.305755999870598 ], [ 636466.117988000041805, 4559362.444473000243306 ], [ 636422.724828999955207, 4559372.394697000272572 ], [ 636374.936251000035554, 4559375.97717500012368 ], [ 636434.150987999979407, 4559435.389213000424206 ], [ 636430.092392000020482, 4559507.956190000288188 ], [ 636442.281652000034228, 4559578.139340000227094 ], [ 636451.341696999967098, 4559623.142753000371158 ], [ 636433.894650000031106, 4559641.651939 ], [ 636411.163010000018403, 4559653.78761599957943 ], [ 636363.158445999957621, 4559669.027115000411868 ], [ 636339.294900999986567, 4559693.702480000443757 ], [ 636321.511900000041351, 4559681.709200999699533 ], [ 636303.86438799998723, 4559710.976423 ], [ 636308.872796999989077, 4559731.693385999649763 ], [ 636292.970291999983601, 4559763.680820999667048 ], [ 636257.751356999971904, 4559817.730114 ], [ 636105.943604000029154, 4559896.502117999829352 ], [ 635975.307656000019051, 4559950.572657000273466 ], [ 635948.770818999968469, 4559973.389161 ], [ 635880.465136999962851, 4560016.062283 ], [ 635854.045624000020325, 4560032.606549999676645 ], [ 635845.880865999963135, 4560084.473841999657452 ], [ 635833.132657999987714, 4560092.299277000129223 ], [ 635827.130270999972709, 4560124.471935000270605 ], [ 635739.427131999982521, 4560096.841279 ], [ 635699.368202000041492, 4560072.62973599974066 ], [ 635654.435971, 4560165.204551000148058 ], [ 635621.176968000014313, 4560211.219236000441015 ], [ 635608.078311000019312, 4560229.799986000172794 ], [ 635569.402709000045434, 4560284.687644000165164 ], [ 635518.99315, 4560333.07168 ], [ 635502.816553000011481, 4560380.070515999570489 ], [ 635488.928676999988966, 4560449.312237 ], [ 635467.85259100003168, 4560516.199356 ], [ 635415.50333600002341, 4560671.007504999637604 ], [ 635391.977214999962598, 4560774.58708 ], [ 635352.057415000046603, 4560888.623966 ], [ 635323.2982019999763, 4560983.133201999589801 ], [ 635349.361538000055589, 4561032.104382 ], [ 635293.185714000021107, 4561004.997088000178337 ], [ 635245.13451400003396, 4560975.408822 ], [ 635124.510413000010885, 4560927.451116999611259 ], [ 635172.362000999972224, 4560822.522421999834478 ], [ 635134.27924099995289, 4560740.22318600025028 ], [ 635029.222471000044607, 4560668.211956 ], [ 634976.702615999965928, 4560628.303449000231922 ], [ 634936.823792999959551, 4560600.745462000370026 ], [ 634833.146978999953717, 4560572.34148 ], [ 634688.799349999986589, 4560540.989098000340164 ], [ 634609.683533999952488, 4560535.941750000230968 ], [ 634496.558762999949977, 4560471.075011 ], [ 634417.310005999985151, 4560473.201589999720454 ], [ 634373.697688000043854, 4560446.399842999875546 ], [ 634266.109308999963105, 4560422.896285999566317 ], [ 634167.94828300003428, 4560376.256964 ], [ 634076.258106000022963, 4560320.764577000401914 ], [ 634011.894475999986753, 4560296.271340000443161 ], [ 633955.517001, 4560228.868800999596715 ], [ 633843.287568000028841, 4560164.040205 ], [ 633845.290711999987252, 4560251.056146999821067 ], [ 633857.618227, 4560314.950822000391781 ], [ 633735.559199000010267, 4560345.618370000272989 ], [ 633712.510521000018343, 4560210.173905 ], [ 633723.708575999946333, 4560081.232010999694467 ], [ 633701.702628999948502, 4559835.228311000391841 ], [ 633721.813505999976769, 4559380.600455 ], [ 633713.342473000055179, 4559092.743804999627173 ], [ 633637.966895999968983, 4558702.867914999835193 ], [ 633498.708311000023969, 4558367.574858999811113 ], [ 633469.31583600002341, 4558363.128278000280261 ], [ 633432.285431000054814, 4558346.792533 ], [ 633342.662909999955446, 4558305.030678999610245 ], [ 633227.974152000038885, 4558237.358598000369966 ], [ 633083.854244000045583, 4558167.197294999845326 ], [ 633042.49395499995444, 4558118.489807999692857 ], [ 632955.297833999968134, 4557943.677492000162601 ], [ 632947.612894000019878, 4557879.914047 ], [ 632930.823795999982394, 4557776.837933000177145 ], [ 632843.518139000050724, 4557515.380195000208914 ], [ 632849.80781000002753, 4557513.362361 ], [ 632943.326205000048503, 4557483.346973 ], [ 633185.201553000020795, 4557405.706779000349343 ], [ 633198.770563, 4557452.353144000284374 ], [ 633206.224490000051446, 4557452.777851999737322 ], [ 633271.590153999975882, 4557456.546969000250101 ], [ 633285.957987, 4557409.266423 ], [ 633331.95320999994874, 4557405.619426 ], [ 633372.675923999981023, 4557394.702244999818504 ], [ 633356.208996, 4557310.077205999754369 ], [ 633364.502768, 4557299.911622 ], [ 633395.243124000029638, 4557293.298887999728322 ], [ 633425.265973999979906, 4557276.345022999681532 ], [ 633451.318052000016905, 4557255.298511000350118 ], [ 633471.284226999967359, 4557246.690115000121295 ], [ 633503.788147000013851, 4557242.34227 ], [ 633532.206201000022702, 4557239.274735 ], [ 633544.233116999967024, 4557246.679937000386417 ], [ 633561.788533000042662, 4557271.222172000445426 ], [ 633575.514808999956585, 4557308.699012000113726 ], [ 633575.820281, 4557316.778331000357866 ], [ 633592.836724999942817, 4557297.355039999820292 ], [ 633610.306295000016689, 4557277.484747 ], [ 633623.913665, 4557271.903299000114202 ], [ 633641.137211999972351, 4557265.943827000446618 ], [ 633651.754125999985263, 4557251.778643 ], [ 633662.403529, 4557235.381852 ], [ 633676.966403000056744, 4557227.130442 ], [ 633689.791130000026897, 4557215.249043 ], [ 633719.081244, 4557189.32075 ], [ 633749.005419999943115, 4557153.531341000460088 ], [ 633771.236064000055194, 4557119.855549000203609 ], [ 633790.691389000043273, 4557090.149187999777496 ], [ 633803.729895, 4557066.622159999795258 ], [ 633818.120972999953665, 4557067.774272999726236 ], [ 633833.699436999973841, 4557102.153794 ], [ 633850.677922999951988, 4557133.871468000113964 ], [ 633870.28538200003095, 4557194.334154999814928 ], [ 633890.937224, 4557222.076853999868035 ], [ 633897.59409999998752, 4557251.795233 ], [ 633901.639515000046231, 4557276.990197 ], [ 633899.202449999982491, 4557311.483826000243425 ], [ 633891.303416999988258, 4557324.798947 ], [ 633871.971770999953151, 4557347.766231999732554 ], [ 633849.419681999948807, 4557374.716962000355124 ], [ 633940.390647999942303, 4557397.918611000292003 ], [ 633944.169808999984525, 4557339.228350000455976 ], [ 633949.168370999977924, 4557287.734658 ], [ 633968.640326999942772, 4557257.140610000118613 ], [ 633991.095128000015393, 4557260.240111 ], [ 634007.223823999986053, 4557265.022700999863446 ], [ 634029.826137, 4557235.385796000249684 ], [ 633978.878225, 4557214.716349000111222 ], [ 633943.720809999969788, 4557192.093534000217915 ], [ 633931.685151000041515, 4557160.921589000150561 ], [ 633912.136698000016622, 4557121.982389999553561 ], [ 633891.698082000017166, 4557082.138488999567926 ], [ 633882.743145999964327, 4557055.054445000365376 ], [ 633884.47222800005693, 4557034.452008999884129 ], [ 633885.16365899995435, 4557021.460071999579668 ], [ 633880.459334000013769, 4557007.469673999585211 ], [ 633868.76934799994342, 4556982.134621 ], [ 633860.234089000034146, 4556956.41318800020963 ], [ 633858.915112999966368, 4556930.36869200039655 ], [ 633876.798268000013195, 4556912.749884 ], [ 633876.080145000014454, 4556878.198435000143945 ], [ 633868.943999000010081, 4556825.138554000295699 ], [ 633869.016091999947093, 4556772.199691000394523 ], [ 633873.503547, 4556723.839506999589503 ], [ 633889.096038999967277, 4556683.756613000296056 ], [ 633898.617100000032224, 4556631.446289000101388 ], [ 633899.497562999953516, 4556607.685437000356615 ], [ 633893.383852, 4556573.0239920001477 ], [ 633892.122179000056349, 4556543.393462000414729 ], [ 633882.828278, 4556510.02862 ], [ 633910.125366, 4556519.280155000276864 ], [ 633932.199388999957591, 4556519.007411000318825 ], [ 633964.632521, 4556518.258374 ], [ 633992.304110000026412, 4556519.443349 ], [ 634012.615377999958582, 4556529.233466999605298 ], [ 634040.937921999953687, 4556531.996454999782145 ], [ 634091.119707999983802, 4556521.034509999677539 ], [ 634135.868927999981679, 4556511.983250999823213 ], [ 634171.918686000048183, 4556510.401991999708116 ], [ 634193.082431999966502, 4556510.790755 ], [ 634242.535441000014544, 4556514.842287000268698 ], [ 634289.887903, 4556535.891495999880135 ], [ 634323.078718999982812, 4556542.787513 ], [ 634333.63099900004454, 4556581.562351999804378 ], [ 634349.439202000037767, 4556603.386812999844551 ], [ 634395.308111, 4556606.473936 ], [ 634408.991938999970444, 4556597.297074000351131 ], [ 634458.509368999977596, 4556622.440798999741673 ], [ 634487.959690000046976, 4556637.33139600045979 ], [ 634507.260845000040717, 4556640.38545 ], [ 634491.774280000012368, 4556625.740758 ], [ 634555.075443999958225, 4556611.658566 ], [ 634587.262010999955237, 4556600.135332999750972 ], [ 634614.489268, 4556588.976172000169754 ], [ 634628.725389000028372, 4556573.535222000442445 ], [ 634644.668074000044726, 4556539.290655000135303 ], [ 634659.177365000010468, 4556509.495251 ], [ 634679.947384000057355, 4556482.06973799970001 ], [ 634707.917861999943852, 4556455.221281000413001 ], [ 634731.541348000057042, 4556436.044459000229836 ], [ 634790.295127999968827, 4556407.84286000020802 ], [ 634857.20406300004106, 4556367.631617999635637 ], [ 634865.476451999973506, 4556372.437587999738753 ], [ 634943.314232000033371, 4556388.678825999610126 ], [ 634984.327085, 4556398.865229999646544 ], [ 634989.035258000018075, 4556399.840680999681354 ], [ 635020.347564999945462, 4556338.061301000416279 ], [ 635035.827069, 4556304.930607999674976 ], [ 635049.255124000017531, 4556272.883685999549925 ], [ 635091.218022000044584, 4556268.495438000187278 ], [ 635114.527162999962457, 4556213.298434999771416 ], [ 635167.107721999986097, 4556235.349589000456035 ], [ 635211.059885, 4556253.221192000433803 ], [ 635253.264489999972284, 4556260.277142999693751 ], [ 635382.845576000050642, 4556266.264523999765515 ], [ 635425.445597999962047, 4556265.565960000269115 ], [ 635544.013293999945745, 4556269.25308100041002 ], [ 635582.675369999953546, 4556272.66920099966228 ], [ 635648.301462, 4556279.262623 ], [ 635725.148403999977745, 4556263.875982999801636 ], [ 635728.433934999979101, 4556232.530202999711037 ], [ 635730.957948000053875, 4556217.773245999589562 ], [ 635726.857044999953359, 4556208.057337 ], [ 635718.979613999952562, 4556196.016822 ], [ 635717.173747999942861, 4556183.866994 ], [ 635718.816295000026003, 4556168.205206000246108 ], [ 635720.752257999964058, 4556148.950633999891579 ], [ 635722.927460000035353, 4556128.567730000242591 ], [ 635732.130465000052936, 4556106.316374000161886 ], [ 635747.388902000035159, 4556084.832774999551475 ], [ 635784.986930000013672, 4556060.632574999704957 ], [ 635822.924604999949224, 4556066.946143000386655 ], [ 635812.749827999970876, 4556101.262299000285566 ], [ 635834.877143000019714, 4556118.532084999606013 ], [ 635864.820948999957182, 4556126.729597000405192 ], [ 635898.279620000044815, 4556119.722315000370145 ], [ 635912.629231999977492, 4556111.015871999785304 ], [ 635927.833881999948062, 4556092.452418999746442 ], [ 635935.55718, 4556076.670579999685287 ], [ 635950.342166000045836, 4556056.755574 ], [ 635958.618928999989294, 4556035.59780399966985 ], [ 635960.500014, 4556007.146750000305474 ], [ 635963.045414999942295, 4555991.26858 ], [ 635976.09832600003574, 4555979.628430999815464 ], [ 635991.35062000004109, 4555970.705710000358522 ], [ 636005.835338999982923, 4555966.488643 ], [ 636019.246744, 4555972.124571000225842 ], [ 636036.237429999979213, 4555978.504615999758244 ], [ 636051.108572999946773, 4555977.881969000212848 ], [ 636062.740802000043914, 4555982.129955000244081 ], [ 636081.782262000022456, 4555975.310325999744236 ], [ 636111.612189, 4555969.813401999883354 ], [ 636131.149701999966055, 4555972.420761999674141 ], [ 636147.112047999980859, 4555974.061990999616683 ], [ 636161.955108999973163, 4555878.096715999767184 ], [ 636179.90200600004755, 4555761.110728000290692 ], [ 636200.13460800005123, 4555617.913549000397325 ], [ 636228.586002000025474, 4555624.29663799982518 ], [ 636260.617728000041097, 4555601.660810000263155 ], [ 636282.874037, 4555585.939318999648094 ], [ 636363.261567999958061, 4555536.519483 ], [ 636427.900803999975324, 4555482.541853000409901 ], [ 636448.916288999957033, 4555454.625829 ], [ 636463.726075000013225, 4555418.686707999557257 ], [ 636497.408592000021599, 4555389.119408999569714 ], [ 636522.532032000017352, 4555410.98943 ], [ 636543.491610000026412, 4555436.868637000210583 ], [ 636584.393320000031963, 4555492.72845400031656 ], [ 636611.394297000020742, 4555566.375408999621868 ], [ 636660.929886, 4555687.087938000448048 ], [ 636681.760448000044562, 4555680.747508999891579 ], [ 636702.288930000038818, 4555666.771858000196517 ], [ 636717.001216999953613, 4555650.899411000311375 ], [ 636740.349693999974988, 4555630.701894000172615 ], [ 636764.092828999971971, 4555613.199419000186026 ], [ 636780.081154000014067, 4555601.382350999861956 ], [ 636792.259031999972649, 4555600.266531 ], [ 636802.112072000047192, 4555603.593915999867022 ], [ 636807.450005, 4555606.825671000406146 ], [ 636812.300918999942951, 4555612.302772999741137 ], [ 636816.245108, 4555642.439822000451386 ], [ 636818.527644000016153, 4555664.916128000244498 ], [ 636820.006454000016674, 4555737.486425000242889 ], [ 636867.959190999972634, 4555742.560282999649644 ], [ 636904.719079999951646, 4555728.000799000263214 ], [ 636917.85366200003773, 4555723.760199000127614 ], [ 636934.932087, 4555749.645651999861002 ], [ 636944.138358999975026, 4555763.278349 ], [ 637020.083611999987625, 4555748.099085999652743 ], [ 637036.902642, 4555739.896409999579191 ], [ 637060.586252999957651, 4555749.758313000202179 ], [ 637077.077286000014283, 4555759.04112199973315 ], [ 637125.358747, 4555778.349312 ], [ 637146.457665, 4555781.877140999771655 ], [ 637187.61546, 4555772.332569000311196 ], [ 637274.678058000048622, 4555804.464199 ], [ 637301.544863000046462, 4555773.128815 ], [ 637313.977335999952629, 4555734.781043999828398 ], [ 637323.128049000049941, 4555703.090595000423491 ], [ 637428.33307099994272, 4555760.70849800016731 ], [ 637432.141840999945998, 4555763.090138000436127 ], [ 637446.177176999975927, 4555746.240160999819636 ], [ 637458.274205000023358, 4555713.716819000430405 ], [ 637475.486506000044756, 4555684.199449 ], [ 637487.599368000053801, 4555662.893275000154972 ], [ 637494.655080999946222, 4555647.100367999635637 ], [ 637499.533394000027329, 4555627.001876999624074 ], [ 637500.329706000047736, 4555596.73142800014466 ], [ 637498.575401999987662, 4555558.339091000147164 ], [ 637481.609577000024728, 4555514.496357000432909 ], [ 637466.933779999963008, 4555480.569779999554157 ], [ 637457.262146000051871, 4555468.049333999864757 ], [ 637451.124826999963261, 4555447.066155999898911 ], [ 637464.261336000054143, 4555431.165488 ], [ 637483.428063999977894, 4555417.843775000423193 ], [ 637498.788955, 4555403.317707000300288 ], [ 637509.390575999976136, 4555390.512348 ], [ 637513.945333000039682, 4555376.016189999878407 ], [ 637513.939611, 4555352.227531 ], [ 637512.716032000025734, 4555333.369128 ], [ 637513.259150999947451, 4555316.554114 ], [ 637522.719520000042394, 4555304.615755000151694 ], [ 637549.510395, 4555305.11998699977994 ], [ 637556.952445999952033, 4555292.466227999888361 ], [ 637576.61093800002709, 4555276.688515 ], [ 637587.010326000046916, 4555274.64094000030309 ], [ 637600.835846, 4555258.2981319995597 ], [ 637602.415216999943368, 4555246.211476 ], [ 637612.217838000040501, 4555179.994668000377715 ], [ 637613.589013000018895, 4555154.888132999651134 ], [ 637658.644403000012971, 4555154.392900999635458 ], [ 637698.930676999967545, 4555167.268280000425875 ], [ 637699.295290000038221, 4555267.78241700027138 ], [ 637706.995800000033341, 4555271.281468000262976 ], [ 637747.277809, 4555284.790097 ], [ 637800.429396, 4555295.709652000106871 ], [ 637878.626108000054955, 4555311.544421999715269 ], [ 637989.945375000010245, 4555355.82545099966228 ], [ 638032.915434999973513, 4555374.106422999873757 ], [ 638099.323311000014655, 4555407.245898 ], [ 638215.565214999951422, 4555500.078191 ], [ 638259.82947899994906, 4555541.29634500015527 ], [ 638292.71564099995885, 4555608.309272999875247 ], [ 638387.70839399995748, 4555447.696149 ], [ 638409.156054000020958, 4555432.842958999797702 ], [ 638413.328691, 4555426.64720300026238 ], [ 638456.294930999982171, 4555345.800029000267386 ], [ 638519.860628, 4555224.063148000277579 ], [ 638559.599179000011645, 4555170.97543300036341 ], [ 638584.510200000018813, 4555140.029392999596894 ], [ 638590.340803000028245, 4555117.706182000227273 ], [ 638638.456852999981493, 4555097.984178000129759 ], [ 638670.638059000018984, 4555063.589146999642253 ], [ 638742.500562999979593, 4554979.704643 ], [ 638774.787009999970905, 4554948.22176199965179 ], [ 638639.537796000018716, 4554319.874842000193894 ], [ 638563.724058000021614, 4553945.659652000293136 ], [ 638624.345851000049151, 4553933.337546000257134 ], [ 638604.710746999946423, 4553837.277595999650657 ], [ 638562.719336000038311, 4553628.236681999638677 ], [ 638581.895326999947429, 4553377.275825999677181 ], [ 638578.036180000053719, 4553295.519539999775589 ], [ 638569.792999999946915, 4553254.971541999839246 ], [ 638547.976099999970756, 4553170.176318 ], [ 638514.64807, 4553121.967732000164688 ], [ 638472.378879999974743, 4553070.002840000204742 ], [ 638452.388635999988765, 4553031.031736000441015 ], [ 638435.237804000033066, 4552984.917902000248432 ], [ 638414.756387999979779, 4552924.392413999885321 ], [ 638408.875713999965228, 4552901.836333000101149 ], [ 638452.488378999987617, 4552882.915798 ], [ 638390.693974999943748, 4552743.723589000292122 ], [ 638366.758257, 4552701.457468000240624 ], [ 638344.06131500005722, 4552684.269489999860525 ], [ 638319.407270999974571, 4552677.739428999833763 ], [ 638302.957107000052929, 4552665.989393999800086 ], [ 638281.921095, 4552638.23812900017947 ], [ 638267.408815999981016, 4552615.941027999855578 ], [ 638228.043471000040881, 4552538.511652999557555 ], [ 638177.747834000037983, 4552499.857238999567926 ], [ 638143.24013599997852, 4552474.672791000455618 ], [ 638208.952271000016481, 4552442.474765 ], [ 638239.434362999978475, 4552426.891936999745667 ], [ 638252.385157000040635, 4552409.178705999627709 ], [ 638275.972194000030868, 4552366.900716999545693 ], [ 638289.258813999942504, 4552341.653080999851227 ], [ 638137.55488199996762, 4552310.500147 ], [ 638126.93048900004942, 4552276.637983 ], [ 638127.430487000034191, 4552250.160214999690652 ], [ 638120.039393999963067, 4552211.87240600027144 ], [ 638119.581582000013441, 4552188.519481999799609 ], [ 638124.408214999944903, 4552147.319454999640584 ], [ 638121.945737999980338, 4552110.912746000103652 ], [ 638110.65994599997066, 4552064.455338000319898 ], [ 638105.764533999958076, 4552013.198754999786615 ], [ 638089.621321000042371, 4551937.474917000159621 ], [ 638093.295184000045992, 4551910.168619000352919 ], [ 638096.070986, 4551882.378929000347853 ], [ 638080.868724000058137, 4551852.017631 ], [ 638060.326256999978796, 4551818.412666000425816 ], [ 638045.182984999963082, 4551784.909648000262678 ], [ 638024.427389999968, 4551714.940615000203252 ], [ 638013.703813, 4551662.208204000256956 ], [ 637996.783346000011079, 4551603.539531 ], [ 637971.50789300003089, 4551555.807969000190496 ], [ 637821.810460999957286, 4551238.372759999707341 ], [ 637690.373357999953441, 4550943.629564999602735 ], [ 637601.69736400002148, 4550941.961563999764621 ], [ 637664.980877000023611, 4550711.631477000191808 ], [ 637494.670411000028253, 4550674.846134000457823 ], [ 637422.421859, 4550630.810003000311553 ], [ 637392.979999999981374, 4550585.779008000157773 ], [ 637353.922218000050634, 4550403.534885000437498 ], [ 637329.666779999970458, 4550324.262852 ], [ 637340.192309999954887, 4550261.680057000368834 ], [ 637281.758369000046514, 4550048.388101999647915 ], [ 637241.963005000026897, 4549882.734093000181019 ], [ 637166.782141000032425, 4549972.257938999682665 ], [ 637138.853696999954991, 4550002.73049 ], [ 637189.888566000037827, 4550055.172586999833584 ], [ 637139.434499999973923, 4550078.015413000248373 ], [ 637106.904069000040181, 4550106.147401999682188 ], [ 637089.408509999979287, 4550126.020864999853075 ], [ 637076.801033, 4550149.139909000135958 ], [ 637063.051374000031501, 4550185.697618000209332 ], [ 637017.108555000042543, 4550231.98087 ], [ 636990.846479000058025, 4550261.04139 ], [ 636985.292321000015363, 4550306.859244000166655 ], [ 636980.742658999981359, 4550381.159652000293136 ], [ 636810.956448000040837, 4550651.515579000115395 ], [ 636774.895119, 4550749.648322000168264 ], [ 636717.052922999951988, 4550889.020372999832034 ], [ 636652.530617999960668, 4550929.605669000186026 ], [ 636596.425687000039034, 4550989.605778999626637 ], [ 636551.323428999981843, 4551030.432288000360131 ], [ 636480.034903, 4551092.4931849995628 ], [ 636444.06972000002861, 4551165.08621700014919 ], [ 636388.024897999945097, 4551290.101188999600708 ], [ 636384.94435, 4551395.424966 ], [ 636343.550208, 4551500.267887 ], [ 636314.13198399997782, 4551579.624632 ], [ 636265.828771000029519, 4551656.830597000196576 ], [ 636262.289059999980964, 4551701.653564999811351 ], [ 636212.658923999988474, 4551755.002476999536157 ], [ 636166.340309, 4551872.370554000139236 ], [ 636150.438061999971978, 4551949.158630999736488 ], [ 636170.710888999979943, 4551968.348880999721587 ], [ 636183.837028000038117, 4551994.669215999543667 ], [ 636165.93909, 4552036.526273 ], [ 636137.292798000038601, 4552074.607318 ], [ 636077.115766, 4552086.880998999811709 ], [ 636038.256106000044383, 4552117.287236999720335 ], [ 636016.339317, 4552158.958824000321329 ], [ 635968.559855, 4552279.743560999631882 ], [ 635946.001646999968216, 4552305.355805999599397 ], [ 635907.434487, 4552306.549269 ], [ 635894.535017000045627, 4552335.372964000329375 ], [ 635846.927709999959916, 4552399.567444999702275 ], [ 635846.319236999959685, 4552432.328774999827147 ], [ 635826.565524999983609, 4552452.607229 ], [ 635815.009649000014178, 4552492.78371199965477 ], [ 635778.913091999944299, 4552544.187678 ], [ 635728.854365000035614, 4552595.321577000431716 ], [ 635651.972148000029847, 4552669.879680000245571 ], [ 635569.382336999988183, 4552861.219075 ], [ 635536.45053899998311, 4552936.004526999779046 ], [ 635505.165808000019751, 4552971.340253000147641 ], [ 635501.730881000054069, 4553010.768085000105202 ], [ 635474.406441000057384, 4553074.896363999694586 ], [ 635450.459805, 4553169.338925000280142 ], [ 635391.612878000014462, 4553264.101452000439167 ], [ 635338.473324000020511, 4553238.430015999823809 ], [ 635290.261856999946758, 4553214.649261999875307 ], [ 635230.786349999951199, 4553166.428155000321567 ], [ 635195.851367000024766, 4553113.608199000358582 ], [ 635158.500791999977082, 4553055.135475999675691 ], [ 635134.899914999958128, 4553015.652134000323713 ], [ 635100.634360000025481, 4552968.34233000036329 ], [ 635099.18591799994465, 4552949.458324999548495 ], [ 635074.445679, 4552922.969882999546826 ], [ 635041.665495999972336, 4552867.947258000262082 ], [ 635020.816827, 4552801.695252999663353 ], [ 634986.750358000048436, 4552718.929720999673009 ], [ 634954.295575, 4552629.34200800023973 ], [ 634981.480257999966852, 4552467.48056 ], [ 635000.379328, 4552373.687644000165164 ], [ 634989.988664999953471, 4552348.241860999725759 ], [ 634938.141791000030935, 4552447.379444000311196 ], [ 634861.448941000038758, 4552488.821220999583602 ], [ 634778.732305999961682, 4552515.815515000373125 ], [ 634729.144702999969013, 4552525.807538 ], [ 634654.648704000050202, 4552500.958557999692857 ], [ 634605.29096200002823, 4552622.599484000355005 ], [ 634556.11066300002858, 4552714.136887 ], [ 634538.090926000033505, 4552787.412786000408232 ], [ 634535.28628200001549, 4552874.58398300036788 ], [ 634544.334466999978758, 4552937.885361 ], [ 634558.787533, 4553058.43527099955827 ], [ 634562.420798999955878, 4553105.622894999571145 ], [ 634573.900533, 4553143.093209000304341 ], [ 634608.36248400004115, 4553203.586338000372052 ], [ 634560.818379999953322, 4553217.34838099963963 ], [ 634467.652152, 4553261.411531999707222 ], [ 634415.407319, 4553285.138551999814808 ], [ 634337.389134999946691, 4553333.535283000208437 ], [ 634371.445347000029869, 4553372.741631999611855 ], [ 634381.837932999944314, 4553395.82111 ], [ 634319.918866000021808, 4553382.111948000267148 ], [ 634269.760314999963157, 4553365.931733 ], [ 634196.104550000047311, 4553353.363002999685705 ], [ 634125.984411000041291, 4553344.902281999588013 ], [ 634105.008998999954201, 4553333.745215999893844 ], [ 634088.215035, 4553344.154044000431895 ], [ 634072.318580999970436, 4553451.263895999640226 ], [ 634063.353175999945961, 4553492.74515699967742 ], [ 634030.355468999943696, 4553523.10235199984163 ], [ 633992.867500999942422, 4553544.626259 ], [ 633953.897900999989361, 4553560.859195999801159 ], [ 633899.706771000055596, 4553572.771158000454307 ], [ 633865.291249, 4553582.469080000184476 ], [ 633857.396996999974363, 4553595.329084999859333 ], [ 633858.288630999973975, 4553620.477145000360906 ], [ 633862.328354, 4553645.682845000177622 ], [ 633868.701713999966159, 4553691.576396999880672 ], [ 633877.530051999958232, 4553725.843035000376403 ], [ 633894.236235999967903, 4553748.593183999881148 ], [ 633901.029727000044659, 4553782.533853 ], [ 633851.754525, 4553905.813245000317693 ], [ 633830.944041999988258, 4553953.607916999608278 ], [ 633797.164105999981984, 4553997.045121000148356 ], [ 633798.008182000019588, 4554117.932833 ], [ 633770.829917000024579, 4554165.466733999550343 ], [ 633738.974627000046894, 4554207.962103 ], [ 633734.700390000012703, 4554244.687529999762774 ], [ 633736.498738000052981, 4554269.396851999685168 ], [ 633708.376349000027403, 4554304.786477999761701 ], [ 633676.838068000040948, 4554312.549887999892235 ], [ 633601.81565500004217, 4554367.89406600035727 ], [ 633546.037633999949321, 4554289.158590000122786 ], [ 633521.546657999977469, 4554224.632543000392616 ], [ 633498.55563900002744, 4554151.51614 ], [ 633470.877461, 4554014.524388000369072 ], [ 633452.222773000015877, 4553975.658924999646842 ], [ 633396.066815000027418, 4554090.408599999733269 ], [ 633330.96473300002981, 4554152.944125999696553 ], [ 633296.58651099994313, 4554164.477668000385165 ], [ 633279.117936, 4554179.817870000377297 ], [ 633257.902026999974623, 4554207.261392000131309 ], [ 633211.756145, 4554218.081063999794424 ], [ 633186.629601, 4554212.692396 ], [ 633149.238189000054263, 4554188.223333000205457 ], [ 633139.29234499996528, 4554140.477496 ], [ 633150.925178, 4554120.499645000323653 ], [ 633164.255451999953948, 4554099.075705000199378 ], [ 633176.037556000053883, 4554065.84068899974227 ], [ 633138.62337100005243, 4554078.541272999718785 ], [ 633112.643144999979995, 4554095.103927999734879 ], [ 633079.766425000037998, 4554119.648104 ], [ 633053.365839999984019, 4554184.234396999701858 ], [ 633045.644981, 4554187.680932999588549 ], [ 633015.391404, 4554184.853755 ], [ 632987.540143999969587, 4554187.523182 ], [ 632971.175366000039503, 4554195.310254000127316 ], [ 632957.240315999952145, 4554193.701922000385821 ], [ 632939.720266000018455, 4554191.139983999542892 ], [ 632911.71106, 4554195.572591000236571 ], [ 632885.086064000031911, 4554198.231383999809623 ], [ 632861.555490000057034, 4554179.401955000124872 ], [ 632840.623946, 4554165.872711 ], [ 632819.802291000029072, 4554162.92901 ], [ 632770.877233, 4554187.171845999546349 ], [ 632734.338766, 4554190.106460000388324 ], [ 632712.077521999948658, 4554175.342956 ], [ 632685.463667999953032, 4554152.871086999773979 ], [ 632662.667860000045039, 4554143.028850000351667 ], [ 632642.203203000011854, 4554133.362250000238419 ], [ 632616.446135999984108, 4554108.540738999843597 ], [ 632576.748035999946296, 4554062.044126000255346 ], [ 632556.633492999942973, 4554036.29237600043416 ], [ 632531.271534000057727, 4554011.411727 ], [ 632503.845306999981403, 4554008.215954000130296 ], [ 632475.124627999961376, 4554002.30931800045073 ], [ 632449.551483000046574, 4553982.111627000384033 ], [ 632428.844134000013582, 4553923.22207900043577 ], [ 632410.867492, 4553893.90024199988693 ], [ 632360.656731000053696, 4553805.935739999637008 ], [ 632362.341901, 4553716.101327000185847 ], [ 632257.100952, 4553603.90911400038749 ], [ 632185.092295999987982, 4553531.365830999799073 ], [ 632114.474777000024915, 4553415.215417000465095 ], [ 632047.574141000048257, 4553282.386016 ], [ 631994.509136999957263, 4553187.820763000287116 ], [ 631954.555495999986306, 4553144.27738399989903 ], [ 631926.745569000020623, 4553137.489968 ], [ 631878.417719000019133, 4553128.433581000193954 ], [ 631854.533248999970965, 4553094.897798 ], [ 631843.535788999986835, 4553058.795888000167906 ], [ 631845.03867000003811, 4553022.01983099989593 ], [ 631819.769875, 4553024.251787999644876 ], [ 631746.496578000020236, 4553039.989151 ], [ 631695.141466, 4553039.963646999560297 ], [ 631669.273708999971859, 4553015.299290999770164 ], [ 631654.847975000040606, 4552975.50453899987042 ], [ 631585.873719000024721, 4552921.279536999762058 ], [ 631561.19676800002344, 4552872.394078000448644 ], [ 631533.503877999959514, 4552809.061963000334799 ], [ 631505.931241999962367, 4552738.546993000432849 ], [ 631498.084164, 4552673.77288 ], [ 631417.319354000035673, 4552676.741092000156641 ], [ 631176.891351000056602, 4552761.433849000371993 ], [ 631144.627525000018068, 4552588.878444000147283 ], [ 631089.778584999963641, 4552561.508947 ], [ 631061.308609000057913, 4552547.339200999587774 ], [ 631041.275308000040241, 4552489.799065999686718 ], [ 631006.413769999984652, 4552443.254161999560893 ], [ 630990.035770999966189, 4552404.803043000400066 ], [ 630997.112958000041544, 4552365.117321000434458 ], [ 630933.037946, 4552262.301137000322342 ], [ 630895.713188000023365, 4552220.943346999585629 ], [ 630876.031069000018761, 4552148.340206 ], [ 630847.485942000057548, 4552091.30367000028491 ], [ 630816.911865000030957, 4552052.821213999763131 ], [ 630747.806813, 4551977.358089 ], [ 630701.856447000056505, 4551871.414504 ], [ 630670.901076999958605, 4551755.899842999875546 ], [ 630762.750886, 4551661.491585999727249 ], [ 630773.038725, 4551631.524683999828994 ], [ 630766.086169000016525, 4551606.946622 ], [ 630751.884241999941878, 4551598.830265999771655 ], [ 630729.026201999979094, 4551602.230889 ], [ 630713.799445000011474, 4551603.047136000357568 ], [ 630690.85673, 4551569.810119000263512 ], [ 630675.380341000040062, 4551564.847255 ], [ 630673.334342999965884, 4551557.592295000329614 ], [ 630632.959599999943748, 4551529.630088999867439 ], [ 630605.666422000038438, 4551513.728724 ], [ 630572.942782999947667, 4551450.511031 ], [ 630517.019706, 4551372.098553 ], [ 630519.628954999963753, 4551294.108562 ], [ 630505.828849000041373, 4551207.841214000247419 ], [ 630506.444650999968871, 4551170.960594000294805 ], [ 630491.331305, 4551150.768253000453115 ], [ 630440.382677000015974, 4551027.32468399964273 ], [ 630393.061123, 4550968.47867 ], [ 630322.106460000039078, 4550892.25439800042659 ], [ 630254.203453000052832, 4550805.912823 ], [ 630145.276613999973051, 4550694.110972000285983 ], [ 630113.313395999954082, 4550674.619341 ], [ 630044.247747999965213, 4550724.364589000120759 ], [ 629995.268333000014536, 4550803.485123000107706 ], [ 629950.248975, 4550851.726087000221014 ], [ 629861.959125000052154, 4550977.56863799970597 ], [ 629840.955887999967672, 4551007.502000999636948 ], [ 629743.41631400003098, 4551087.650453000329435 ], [ 629712.768087, 4551154.193527 ], [ 629662.079023999976926, 4551176.560480000451207 ], [ 629636.25798, 4551179.323463999666274 ], [ 629620.330498000024818, 4551234.833735999651253 ], [ 629593.498184000025503, 4551293.28254699986428 ], [ 629558.707780000055209, 4551338.652983999811113 ], [ 629558.556428999989294, 4551338.661409 ], [ 629542.554289, 4551339.133223 ], [ 629525.017660000012256, 4551368.395851000212133 ], [ 629527.110341000021435, 4551413.886405999772251 ], [ 629565.916379999951459, 4551447.678067999891937 ], [ 629579.902805999969132, 4551470.891293000429869 ], [ 629570.060142999980599, 4551523.422189 ], [ 629573.237182999961078, 4551564.578754000365734 ], [ 629538.023810000042431, 4551629.64236200042069 ], [ 629500.433643999975175, 4551670.521374000236392 ], [ 629436.832675999961793, 4551706.509346 ], [ 629375.580517999944277, 4551761.70692399982363 ], [ 629294.291211999952793, 4551806.267426 ], [ 629154.693895000033081, 4551909.333931 ], [ 629104.516901999944821, 4551978.755012 ], [ 629042.631597000057809, 4552018.219119000248611 ], [ 629048.099357999977656, 4552056.317447000183165 ], [ 629058.410645000054501, 4552081.241670999675989 ], [ 629051.976161999977194, 4552091.278269000351429 ], [ 629011.880886, 4552111.137764999642968 ], [ 628938.803786, 4552141.876546000130475 ], [ 628921.267203000024892, 4552134.682248 ], [ 628916.042331999982707, 4552125.661616000346839 ], [ 628917.313744000042789, 4552091.64671599958092 ], [ 628919.686538, 4552028.02267299965024 ], [ 628894.030597000033595, 4551927.701914999634027 ], [ 628873.960741000017151, 4551885.004374000243843 ], [ 628510.777437999960966, 4551441.795179000124335 ], [ 628418.714635999989696, 4551323.097485999576747 ], [ 628379.293912000022829, 4551288.590638999827206 ], [ 628211.320772, 4551136.448332999832928 ], [ 628154.274002, 4551093.804875999689102 ], [ 628040.265001000021584, 4550993.97320600040257 ], [ 627954.816656999988481, 4550922.849696000106633 ], [ 627845.624291999964043, 4550835.998506999574602 ], [ 627776.514465000014752, 4550770.959543 ], [ 627755.266017999965698, 4550737.462163999676704 ], [ 627731.581264000036754, 4550704.921786 ], [ 627714.081888000015169, 4550674.155197000131011 ], [ 627708.124612999963574, 4550644.856042000465095 ], [ 627701.479046999942511, 4550628.038072000257671 ], [ 627698.072255, 4550609.999541000463068 ], [ 627694.904581999988295, 4550589.81080500036478 ], [ 627698.161587, 4550569.734172999858856 ], [ 627702.854697, 4550554.979712000116706 ], [ 627740.728965000016615, 4550435.917097999714315 ], [ 627765.102319000056013, 4550359.284575999714434 ], [ 627744.78672600002028, 4550286.702696999534965 ], [ 627739.928892, 4550248.305486000142992 ], [ 627765.825520999962464, 4550177.807329 ], [ 627796.750856, 4550113.80466500017792 ], [ 627813.932963000028394, 4550081.977765999734402 ], [ 627819.433907, 4550063.328498000279069 ], [ 627820.862836000043899, 4550058.478334000334144 ], [ 627826.515705000027083, 4550039.309786000289023 ], [ 627811.50506, 4550007.87578499969095 ], [ 627783.392935000010766, 4549956.901414000429213 ], [ 627773.06370399997104, 4549897.431258000433445 ], [ 627736.447247999953106, 4549868.185600999742746 ], [ 627727.207515000016429, 4549848.324025000445545 ], [ 627713.404386, 4549842.497352000325918 ], [ 627698.260391999967396, 4549839.845567 ], [ 627682.00852799997665, 4549805.33634200040251 ], [ 627670.20493, 4549720.0214609997347 ], [ 627672.505632000043988, 4549676.263324 ], [ 627677.675383000052534, 4549561.460795000195503 ], [ 627717.208919, 4549407.224046000279486 ], [ 627723.842477999976836, 4549216.255482999607921 ], [ 627757.973231000010855, 4549111.75295399967581 ], [ 627846.451795, 4548991.452913000248373 ], [ 627848.437420999980532, 4548946.067996 ], [ 627862.51963400002569, 4548891.255136 ], [ 627899.67341100005433, 4548841.898041999898851 ], [ 627927.234759000013582, 4548805.344212000258267 ], [ 627937.331825, 4548746.852717 ], [ 627956.869628999964334, 4548685.727726999670267 ], [ 627996.484269, 4548592.304871000349522 ], [ 628035.863319, 4548533.559112000279129 ], [ 628081.556190000032075, 4548467.472489000298083 ], [ 628093.798107999959029, 4548424.810052 ], [ 628160.506628999952227, 4548361.745597999542952 ], [ 628233.890619999961928, 4548308.648768000304699 ], [ 628325.275022999965586, 4548258.011285999789834 ], [ 628425.48989900003653, 4548215.214433000423014 ], [ 628468.742322999984026, 4548183.168662000447512 ], [ 628525.911302000051364, 4548160.240278 ], [ 628610.079162999987602, 4548084.33770199958235 ], [ 628650.74862700002268, 4548020.498211000114679 ], [ 628693.906364999944344, 4547977.702324000187218 ], [ 628751.790087, 4547947.714245 ], [ 628774.621376, 4547935.888930999673903 ], [ 628839.028915000031702, 4547901.03003599960357 ], [ 628875.349812999949791, 4547843.778245000168681 ], [ 628985.887399, 4547787.522204999811947 ], [ 629073.155184000032023, 4547754.17837500013411 ], [ 629246.771908, 4547711.131381000392139 ], [ 629343.540885000023991, 4547694.327257 ], [ 629377.479174999985844, 4547679.94582 ], [ 629484.222913000034168, 4547658.02256799954921 ], [ 629508.844378, 4547596.879994000308216 ], [ 629510.223722000024281, 4547554.038656 ], [ 629605.131451, 4547299.611081999726593 ], [ 629624.391061999951489, 4547278.46344 ], [ 629650.956462000031024, 4547185.017591999843717 ], [ 629689.517775999964215, 4547129.952433000318706 ], [ 629721.802841000026092, 4547075.264955 ], [ 629784.996822000015527, 4547055.517610000446439 ], [ 629813.491702000028454, 4547028.84820600040257 ], [ 629821.863872000016272, 4546983.743191 ], [ 629787.195457000052556, 4546906.725792 ], [ 629737.141776000033133, 4546880.186517000198364 ], [ 629683.791563999955542, 4546891.713088000193238 ], [ 629681.789824999985285, 4546917.430404 ], [ 629617.945205, 4546937.800152 ], [ 629522.266091999947093, 4546947.024446000345051 ], [ 629484.060809000045992, 4546925.371632000431418 ], [ 629408.29043199995067, 4546890.040288999676704 ], [ 629341.967692999984138, 4546848.946414000354707 ], [ 629310.204640000010841, 4546789.395576000213623 ], [ 629285.500148999970406, 4546673.711108 ], [ 629323.35618100001011, 4546573.334006999619305 ], [ 629380.680623000022024, 4546489.14773300010711 ], [ 629422.906384999980219, 4546423.707091 ], [ 629450.422370000043884, 4546381.12759399972856 ], [ 629483.132771000033244, 4546330.499940999783576 ], [ 629501.26408, 4546309.098778000101447 ], [ 629529.375112000037916, 4546284.264887999743223 ], [ 629601.781481000012718, 4546231.141192999668419 ], [ 629689.37347, 4546186.382501999847591 ], [ 629758.265286999987438, 4546150.044514999724925 ], [ 629801.284806999959983, 4546123.143518 ], [ 629833.422688000020571, 4546099.814609999768436 ], [ 629866.60241000005044, 4546073.20608 ], [ 629895.803149000043049, 4546042.029601000249386 ], [ 629923.773638000013307, 4545985.900456000119448 ], [ 629942.567687000031583, 4545922.023919000290334 ], [ 629963.091643000021577, 4545839.776937000453472 ], [ 629947.711477000033483, 4545797.848988999612629 ], [ 629892.7979940000223, 4545792.766723000444472 ], [ 629772.2354, 4545780.725374000146985 ], [ 629720.509537999983877, 4545781.719805999659002 ], [ 629689.968130000052042, 4545736.14820700045675 ], [ 629707.518526999978349, 4545707.307908000424504 ], [ 629733.578281000023708, 4545636.096869999542832 ], [ 629757.549448000034317, 4545552.300191000103951 ], [ 629782.354257000028156, 4545484.598504999652505 ], [ 629807.307870000018738, 4545450.770048 ], [ 629849.215504999971017, 4545411.411798000335693 ], [ 629921.306899999966845, 4545365.281515000388026 ], [ 630092.306163999950513, 4545350.99023300036788 ], [ 630177.806426999974065, 4545322.524276999756694 ], [ 630218.596066000056453, 4545313.131981000304222 ], [ 630257.400264999945648, 4545293.887706999666989 ], [ 630290.720454999944195, 4545285.207070999778807 ], [ 630313.532506000017747, 4545281.692446 ], [ 630337.230683999950998, 4545277.516234000213444 ], [ 630407.349486000020988, 4545252.266431 ], [ 630438.607834000024013, 4545255.06578900013119 ], [ 630433.241097999969497, 4545357.292922999709845 ], [ 630360.121564000030048, 4545389.651885 ], [ 630273.23682, 4545357.412755000405014 ], [ 630226.959844000055455, 4545363.364616 ], [ 630239.062020999961533, 4545416.106815 ], [ 630402.063035, 4545415.695341000333428 ], [ 630491.303117000032216, 4545350.974663999862969 ], [ 630500.215719999978319, 4545334.853202000260353 ], [ 630576.805120000033639, 4545322.513324 ], [ 630662.307821, 4545294.05296599958092 ], [ 630702.300692999968305, 4545268.102465 ], [ 630728.800975000020117, 4545237.402859999798238 ], [ 630807.668118000030518, 4545247.327354 ], [ 630882.145231000031345, 4545214.47501500044018 ], [ 630920.486719000036828, 4545216.570001999847591 ], [ 630965.060781999956816, 4545222.741073000244796 ], [ 631032.266690999967977, 4545180.009994000196457 ], [ 631097.179480000049807, 4545160.714811 ], [ 631135.602309999987483, 4545131.01827699970454 ], [ 631200.124464, 4545141.578789999708533 ], [ 631260.763618999975733, 4545122.952588000334799 ], [ 631284.865976999979466, 4545089.702177000232041 ], [ 631285.152816000045277, 4545039.41198099963367 ], [ 631267.027562999981456, 4544995.677307000383735 ], [ 631245.136677999980748, 4544987.100877 ], [ 631235.141022, 4544949.008897 ], [ 631220.953637000056915, 4544917.28290900029242 ], [ 631199.767658, 4544856.613808000460267 ], [ 631184.205517000053078, 4544771.069899999536574 ], [ 631176.712889999966137, 4544735.899059999734163 ], [ 631165.607419, 4544703.872991000302136 ], [ 631160.452222, 4544512.638794999569654 ], [ 631141.176048, 4544446.629239999689162 ], [ 631149.273249999969266, 4544429.6943330001086 ], [ 631148.835378000047058, 4544417.037731000222266 ], [ 631138.40632499998901, 4544409.210865999571979 ], [ 631143.202842000056989, 4544379.845782999880612 ], [ 631161.974972, 4544367.810394999571145 ], [ 631152.228894999949262, 4544331.666485999710858 ], [ 631138.969651, 4544301.545389000326395 ], [ 631203.809526000055484, 4544033.927233999595046 ], [ 631198.778672000044025, 4544006.807296000421047 ], [ 631183.458952000015415, 4543982.790438000112772 ], [ 631166.040433999965899, 4543976.915203999727964 ], [ 631140.774631, 4543971.621518 ], [ 631129.0804749999661, 4543969.613381999544799 ], [ 631115.489111999981105, 4543963.195918999612331 ], [ 631099.547952000051737, 4543956.047957999631763 ], [ 631090.177572999964468, 4543947.285078999586403 ], [ 631059.76073500001803, 4543912.615356000140309 ], [ 631036.633310999954119, 4543884.572515999898314 ], [ 631019.091988999978639, 4543862.959474000148475 ], [ 630972.670630999957211, 4543826.982579999603331 ], [ 630947.7395859999815, 4543786.892090000212193 ], [ 630906.572719000047073, 4543749.043862000107765 ], [ 630855.62562499998603, 4543717.806614999659359 ], [ 630832.940304000047036, 4543705.441695 ], [ 630822.053005, 4543676.08544799964875 ], [ 630835.20052900002338, 4543663.11598000023514 ], [ 630803.516366999945603, 4543622.516905999742448 ], [ 630806.121242000022903, 4543588.204129000194371 ], [ 630776.065060000051744, 4543554.841450000181794 ], [ 630768.385523000033572, 4543530.428752000443637 ], [ 630777.973835999961011, 4543498.250508000142872 ], [ 630798.503333, 4543475.462407000362873 ], [ 630821.260010999976657, 4543473.969273 ], [ 630884.799250000040047, 4543427.350785000249743 ], [ 630936.155911999987438, 4543380.637499 ], [ 631003.977796999970451, 4543328.799290000461042 ], [ 631011.364965999964625, 4543288.097683000378311 ], [ 631056.735100000048988, 4543247.075136000290513 ], [ 631102.128166, 4543201.033742999657989 ], [ 631135.717958000022918, 4543169.395949999801815 ], [ 631161.518480999977328, 4543139.29590000025928 ], [ 631202.277481999946758, 4543066.075702999718487 ], [ 631197.662571999942884, 4543005.303626 ], [ 631223.382815000019036, 4542984.908215999603271 ], [ 631242.094974, 4542966.553015000186861 ], [ 631260.54868, 4542941.496839 ], [ 631298.81634599994868, 4542878.837945000268519 ], [ 631348.041486999951303, 4542809.679000999778509 ], [ 631356.463405000045896, 4542814.6494169998914 ], [ 631362.853203000035137, 4542815.219137 ], [ 631368.372235000017099, 4542810.875904999673367 ], [ 631396.1452209999552, 4542770.783985000103712 ], [ 631401.342443999950774, 4542763.281153 ], [ 631408.027096000034362, 4542756.782218 ], [ 631418.350323, 4542726.50573099963367 ], [ 631404.547524999943562, 4542715.808566000312567 ], [ 631400.03965499997139, 4542705.011370999738574 ], [ 631409.789528999943286, 4542690.782633 ], [ 631445.547364, 4542705.448978000320494 ], [ 631437.761714000022039, 4542691.716802 ], [ 631453.932264999952167, 4542674.937915000133216 ], [ 631386.17123099998571, 4542604.516940999776125 ], [ 631258.616457000025548, 4542597.292084 ], [ 631051.585547999944538, 4542569.315432 ], [ 631002.309248000034131, 4542561.816793000325561 ], [ 630703.327520000049844, 4542516.361894000321627 ], [ 630691.383259000023827, 4542528.731196000240743 ], [ 630650.95129, 4542519.027102 ], [ 630460.334962000022642, 4542480.576585999689996 ], [ 630386.372870999970473, 4542479.261865999549627 ], [ 630278.235960999969393, 4542471.055545000359416 ], [ 630158.299031, 4542467.127934000454843 ], [ 630117.936441999976523, 4542471.009529000148177 ], [ 630071.525013, 4542475.472623 ], [ 629973.516643999959342, 4542506.995430000126362 ], [ 629880.301946999970824, 4542522.424324999563396 ], [ 629830.377512000035495, 4542488.281158000230789 ], [ 629801.696055999957025, 4542451.815601999871433 ], [ 629706.433614999987185, 4542430.352904999628663 ], [ 629648.133156999945641, 4542436.074377000331879 ], [ 629597.890915, 4542445.070251000113785 ], [ 629473.670797999948263, 4542453.660179999656975 ], [ 629408.111607, 4542461.35430399980396 ], [ 629326.894427999970503, 4542469.428197000175714 ], [ 629317.244192000012845, 4542472.023253000341356 ], [ 629293.708066000021063, 4542476.561301000416279 ], [ 629280.823760000057518, 4542465.096009000204504 ], [ 629277.715668000048026, 4542436.723492999561131 ], [ 629276.173152999952435, 4542436.918414999730885 ], [ 629203.555185999954119, 4542446.200167000293732 ], [ 629205.723217000020668, 4542455.855271000415087 ], [ 629206.900889000040479, 4542461.095358000136912 ], [ 629093.602003999985754, 4542453.704044000245631 ], [ 629086.163630999973975, 4542425.710759 ], [ 629081.120553000015207, 4542404.500350000336766 ], [ 629065.903443000046536, 4542397.49193499982357 ], [ 628981.277389999944717, 4542438.247186999768019 ], [ 628927.882225999957882, 4542454.432633000425994 ], [ 628919.58771400002297, 4542456.94097900018096 ], [ 628847.065145, 4542469.45945299975574 ], [ 628770.961561999982223, 4542493.875837 ], [ 628749.296240999945439, 4542494.395134000107646 ], [ 628683.120616000029258, 4542484.094824000261724 ], [ 628667.409785000025295, 4542481.731563 ], [ 628550.316369, 4542443.72125899977982 ], [ 628427.338580999989063, 4542407.408877000212669 ], [ 628411.158336000051349, 4542403.982988 ], [ 628337.714152000029571, 4542372.581407000310719 ], [ 628232.260407999972813, 4542340.176912000402808 ], [ 628158.6814739999827, 4542316.415017999708652 ], [ 628092.754113, 4542293.698055 ], [ 628059.211823, 4542276.932710999622941 ], [ 627840.38017400004901, 4542200.301963999867439 ], [ 627818.698501999955624, 4542201.723251 ], [ 627775.930143999983557, 4542196.480899999849498 ], [ 627709.335624000057578, 4542185.882407000288367 ], [ 627688.53070999996271, 4542189.1183320004493 ], [ 627663.757984000025317, 4542186.44410500023514 ], [ 627603.298553999979049, 4542186.736174999736249 ], [ 627516.454966000048444, 4542199.163137 ], [ 627467.052183000021614, 4542212.230309999547899 ], [ 627389.997865000041202, 4542232.468964000232518 ], [ 627350.195852000033483, 4542238.518733999691904 ], [ 627313.124030999955721, 4542242.817096999846399 ], [ 627267.688647, 4542260.907196000218391 ], [ 627212.654417000012472, 4542286.926598000340164 ], [ 627190.420328999985941, 4542320.244439999572933 ], [ 627168.445026000030339, 4542364.360760999843478 ], [ 627149.045591, 4542416.606123000383377 ], [ 627134.848101999959908, 4542455.01615700032562 ], [ 627107.467641000053845, 4542499.02788 ], [ 627075.390934000024572, 4542527.23386299982667 ], [ 627051.984048999962397, 4542550.648439000360668 ], [ 626992.743668999988586, 4542584.680888 ], [ 626754.911593000055291, 4542889.316371000371873 ], [ 626753.307586999959312, 4542943.213833999820054 ], [ 626668.385098000057042, 4542943.87916 ], [ 626565.61512600001879, 4542944.692831999622285 ], [ 626474.708880000049248, 4542945.146115999668837 ], [ 626427.823478, 4542956.020243999548256 ], [ 626393.075902999960817, 4542982.839329999871552 ], [ 626399.467397999949753, 4542769.037054999731481 ], [ 626400.565018999972381, 4542234.236432 ], [ 626416.231424, 4542162.591496 ], [ 626336.821417000028305, 4542163.022841 ], [ 626330.628417999949306, 4542103.594296 ], [ 626305.839361, 4542023.16850300040096 ], [ 626274.09429000003729, 4541980.368374000303447 ], [ 626256.263961000018753, 4541915.342764000408351 ], [ 626231.411668000044301, 4541838.503069000318646 ], [ 626221.842205, 4541765.524282 ], [ 626255.44381099997554, 4541700.483997999690473 ], [ 626292.787057999987155, 4541523.127632999792695 ], [ 626245.609978999942541, 4541380.285623 ], [ 626283.666455000056885, 4541240.242526999674737 ], [ 626209.013661999953911, 4541068.599941999651492 ], [ 626170.911311, 4541001.416152999736369 ], [ 626241.929072999977507, 4540964.869772000238299 ], [ 626319.418079999973997, 4540919.90692500025034 ], [ 626478.00607, 4540829.590478000231087 ], [ 626452.128198000020348, 4540759.917364000342786 ], [ 626321.977253000019118, 4540439.2246979996562 ], [ 626280.390044, 4540462.495609000325203 ], [ 626207.43041200004518, 4540505.526910999789834 ], [ 626155.24589699995704, 4540533.613486999645829 ], [ 626024.307039999985136, 4540603.823285999707878 ], [ 626009.970428999979049, 4540614.248879999853671 ], [ 625985.508441000012681, 4540624.511838000267744 ], [ 625964.508267999975942, 4540641.874694 ], [ 625949.310329, 4540651.030783000402153 ], [ 625922.375908000045456, 4540657.831260000355542 ], [ 625853.247051000013016, 4540692.081148000434041 ], [ 625813.858241999987513, 4540714.870357000268996 ], [ 625774.737155999988317, 4540731.867673999629915 ], [ 625718.389338999986649, 4540758.64217200037092 ], [ 625661.456136, 4540787.206036999821663 ], [ 625600.251450999989174, 4540821.593864000402391 ], [ 625375.440195000031963, 4540931.652180000208318 ], [ 625307.524259999976493, 4540963.162651999853551 ], [ 625225.111068999976851, 4541001.844362 ], [ 625157.628979000030085, 4541038.083080999553204 ], [ 625091.403593000024557, 4541072.189496000297368 ], [ 625024.966482999967411, 4541101.973144000396132 ], [ 624982.680550000048243, 4541109.948018999770284 ], [ 624958.552555999951437, 4541106.216924999840558 ], [ 624934.319390999968164, 4541109.158053999766707 ], [ 624898.900432000053115, 4541133.762992000207305 ], [ 624864.735850999946706, 4541164.252717000432312 ], [ 624804.886429999954998, 4541196.526766000315547 ], [ 624692.398798999958672, 4541243.186946 ], [ 624663.894072000053711, 4541257.472011 ], [ 624656.269126, 4541265.648826000280678 ], [ 624660.433667000033893, 4541279.95577900018543 ], [ 624649.841066999942996, 4541299.930912000127137 ], [ 624624.786410999950022, 4541313.652847000397742 ], [ 624594.928063999977894, 4541325.449939999729395 ], [ 624585.462818, 4541332.540637999773026 ], [ 624588.491484, 4541348.360716000199318 ], [ 624599.373472, 4541368.800406999886036 ], [ 624605.375759999966249, 4541414.575929 ], [ 624607.844667, 4541433.140482 ], [ 624598.996228000032715, 4541461.873584000393748 ], [ 624533.007043999969028, 4541540.940624999813735 ], [ 624494.524572000023909, 4541578.754420000128448 ], [ 624461.851696999976411, 4541610.281724999658763 ], [ 624411.38835200003814, 4541647.37083899974823 ], [ 624378.898534000036307, 4541670.617495000362396 ], [ 624351.330068000010215, 4541687.362592999823391 ], [ 624341.224773, 4541676.175525999628007 ], [ 624335.968112000031397, 4541678.651649000123143 ], [ 624329.019943000050262, 4541666.785179000347853 ], [ 624309.44909699994605, 4541676.64776 ], [ 624280.595516999950632, 4541692.805010000243783 ], [ 624285.70226199994795, 4541708.61572500038892 ], [ 624230.074743999983184, 4541742.320484000258148 ], [ 624176.986233999952674, 4541783.075659000314772 ], [ 624124.203042999957688, 4541808.300919 ], [ 624078.839416999951936, 4541817.050498999655247 ], [ 624050.338142000022344, 4541831.337883000262082 ], [ 624046.831258, 4541896.996063999831676 ], [ 624026.611228000023402, 4541964.737055 ], [ 624006.979039, 4541993.233005000278354 ], [ 623964.809448000043631, 4542044.990089000202715 ], [ 623936.321511000045575, 4542073.492081999778748 ], [ 623907.82150099996943, 4542087.779996000230312 ], [ 623882.013075000024401, 4542119.99197299964726 ], [ 623845.619247999973595, 4542147.050479000434279 ], [ 623800.45793000003323, 4542175.860128000378609 ], [ 623757.059059, 4542209.896749 ], [ 623733.68822899996303, 4542232.278279 ], [ 623621.262638999964111, 4542297.100108999758959 ], [ 623581.961636999971233, 4542322.611750000156462 ], [ 623536.863932, 4542350.768841999582946 ], [ 623479.280944, 4542378.738284000195563 ], [ 623423.328117000055499, 4542401.31651599984616 ], [ 623380.889075999963097, 4542431.473667999729514 ], [ 623309.271075999946333, 4542472.467342999763787 ], [ 623229.48082199995406, 4542526.405690000392497 ], [ 623140.995101999957114, 4542569.882709000259638 ], [ 623104.3027, 4542593.486163999885321 ], [ 623063.100148000055924, 4542614.24909 ], [ 622985.739848, 4542651.862507999874651 ], [ 622925.668348000035621, 4542679.061512 ], [ 622857.143062000046484, 4542715.458405000157654 ], [ 622800.903052999987267, 4542738.391756 ], [ 622732.631018999963999, 4542771.284950999543071 ], [ 622700.375714999972843, 4542779.629104999825358 ], [ 622666.150614000041969, 4542710.64128 ], [ 622656.474194, 4542705.937714000232518 ], [ 622647.602477999986149, 4542713.462681000120938 ], [ 622643.063317000051029, 4542726.423608000390232 ], [ 622668.64194, 4542802.051657999865711 ], [ 622656.649120999965817, 4542823.738326 ], [ 622593.706939999945462, 4542866.382882 ], [ 622521.090747999958694, 4542904.235759999603033 ], [ 622473.380366, 4542930.190081999637187 ], [ 622394.415060000028461, 4542962.585757999680936 ], [ 622321.094027000013739, 4543001.983426 ], [ 622266.903023, 4543026.842675999738276 ], [ 622207.749864000012167, 4543059.848144000396132 ], [ 622160.123061000020243, 4543083.440542999655008 ], [ 622132.644931999966502, 4543098.429480999708176 ], [ 622092.291164000052959, 4543120.077944000251591 ], [ 622026.834883, 4543156.500062 ], [ 621969.768937999964692, 4543184.978113999590278 ], [ 621941.293222, 4543213.487630999647081 ], [ 621893.157392999972217, 4543216.718551999889314 ], [ 621827.299108, 4543242.020029 ], [ 621798.824175999965519, 4543270.53008500020951 ], [ 621739.998574999975972, 4543297.226121 ], [ 621727.799414, 4543301.665372 ], [ 621708.138687000027858, 4543312.365958999842405 ], [ 621566.332274000043981, 4543369.745818000286818 ], [ 621503.30302400002256, 4543403.103381999768317 ], [ 621442.692096999962814, 4543440.254844999872148 ], [ 621383.702956, 4543454.136285999789834 ], [ 621358.196627, 4543475.157104000449181 ], [ 621294.428120999946259, 4543510.114323999732733 ], [ 621180.531643999973312, 4543555.081731 ], [ 621153.65018500003498, 4543563.710056000389159 ], [ 621098.157812000019476, 4543595.585316999815404 ], [ 621055.294635999947786, 4543610.690588999539614 ], [ 621031.501338999951258, 4543627.865283999592066 ], [ 620979.04353899997659, 4543658.325690000317991 ], [ 620932.88107, 4543673.66595199983567 ], [ 620898.693220000015572, 4543679.254224999807775 ], [ 620810.873940999968909, 4543730.475865 ], [ 620803.214937999960966, 4543737.056837 ], [ 620779.144921, 4543750.674312000162899 ], [ 620755.732509, 4543758.572759999893606 ], [ 620713.937853000010364, 4543761.993401000276208 ], [ 620688.206992, 4543771.808295000344515 ], [ 620669.195826999959536, 4543784.087991000153124 ], [ 620618.535982999950647, 4543806.618530999869108 ], [ 620544.786791000049561, 4543840.462907999753952 ], [ 620442.702304000034928, 4543876.91854599956423 ], [ 620371.355686999973841, 4543908.427706999704242 ], [ 620304.295967999962159, 4543951.323342000134289 ], [ 620235.023834, 4543955.361991000361741 ], [ 620132.956198, 4544027.434185000136495 ], [ 620088.82823800004553, 4544039.970188999548554 ], [ 620003.273140999954194, 4544068.551771 ], [ 619938.880572999943979, 4544094.082446999847889 ], [ 619868.736793000018224, 4544110.402889999561012 ], [ 619800.185726, 4544151.224259000271559 ], [ 619676.238858000026084, 4544189.898271 ], [ 619645.664248000015505, 4544210.264638000167906 ], [ 619634.612127, 4544216.724786999635398 ], [ 619567.948944999952801, 4544232.660644999705255 ], [ 619509.24164300004486, 4544257.243870999664068 ], [ 619460.640705000027083, 4544273.563911999575794 ], [ 619376.311692000017501, 4544310.834060999564826 ], [ 619289.294770000036806, 4544352.658661000430584 ], [ 619193.293896000017412, 4544379.846924999728799 ], [ 619129.913255000021309, 4544410.209172000177205 ], [ 619060.719136000028811, 4544437.745860000140965 ], [ 618973.595592999947257, 4544469.256343999877572 ], [ 618881.349500000011176, 4544502.528114000335336 ], [ 618880.239442000049166, 4544503.065337999723852 ], [ 618777.812832999974489, 4544552.963207 ], [ 618590.961621999973431, 4544622.206191999837756 ], [ 618378.77682399994228, 4544695.530914999544621 ], [ 618347.495645000017248, 4544709.517160999588668 ], [ 618282.09668800001964, 4544734.079645999707282 ], [ 618207.784796, 4544752.513727 ], [ 618150.830923, 4544781.022320000454783 ], [ 618036.795550000038929, 4544809.500474000349641 ], [ 617979.84282100002747, 4544838.010374999605119 ], [ 617634.06466899998486, 4544945.840858000330627 ], [ 617580.79425000003539, 4544951.970944000408053 ], [ 617542.405515, 4544974.241433000192046 ], [ 617459.079049999942072, 4545002.054847000166774 ], [ 617438.313072000048123, 4545008.984411000274122 ], [ 617381.683088000048883, 4545012.341538 ], [ 617299.864819, 4545042.113026999868453 ], [ 617207.029977999976836, 4545071.13184 ], [ 617124.811570000019856, 4545094.469426999799907 ], [ 617010.770111000048928, 4545065.997912 ], [ 616925.309772999957204, 4545037.539823000319302 ], [ 616900.793942000018433, 4545027.676869000308216 ], [ 616932.388531, 4545143.443621000275016 ], [ 616947.944861000054516, 4545213.771177000366151 ], [ 616981.033982999972068, 4545281.080567999742925 ], [ 616991.479801999987103, 4545302.345498999580741 ], [ 616994.679659000015818, 4545308.848185 ], [ 617009.261753999977373, 4545352.199055000208318 ], [ 617022.366291000042111, 4545439.121992999687791 ], [ 617034.285744, 4545527.591768000274897 ], [ 617045.304621999966912, 4545612.427191000431776 ], [ 617063.437373999971896, 4545719.185195 ], [ 617064.433653000043705, 4545769.959060000255704 ], [ 617066.720780999981798, 4545817.799792 ], [ 617074.49118799995631, 4545873.878705999813974 ], [ 617054.808043999946676, 4545874.76358599960804 ], [ 617056.380557999946177, 4545906.824737999588251 ], [ 617064.039788999943994, 4545963.545927000232041 ], [ 617114.367365999962203, 4545965.393784999847412 ], [ 617090.397015, 4546139.404605000279844 ], [ 617027.942072, 4546157.017892999574542 ], [ 617058.958357000024989, 4546256.408609 ], [ 617020.620680000050925, 4546269.687858000397682 ], [ 617069.513596000033431, 4546367.520821999758482 ], [ 617092.606971999979578, 4546405.089385 ], [ 617100.178744000033475, 4546439.345173999667168 ], [ 617097.769333999953233, 4546477.039280000142753 ], [ 617088.082263999967836, 4546575.691071 ], [ 617091.23479200003203, 4546604.046461000107229 ], [ 617097.848633000045083, 4546641.429491999559104 ], [ 617104.449677999946289, 4546708.005699000321329 ], [ 617103.367764999973588, 4546804.096678 ], [ 617099.246829999960028, 4546864.216474999673665 ], [ 617089.121513, 4546879.867271999828517 ], [ 617072.194352000020444, 4546892.533363999798894 ], [ 617092.845053000026383, 4546898.248982000164688 ], [ 617131.785534000024199, 4546915.938829000107944 ], [ 617154.08293799997773, 4547048.348508999682963 ], [ 617119.825252, 4547043.747689999639988 ], [ 617099.571385000017472, 4547041.625032999552786 ], [ 617059.811874, 4547046.830554000101984 ], [ 616990.356677999952808, 4547064.89837700035423 ], [ 616996.858415000024252, 4547092.985198999755085 ], [ 617032.876386999967508, 4547165.727753999643028 ], [ 617036.339119000011124, 4547274.605883999727666 ], [ 617015.521744000026956, 4547364.096583000384271 ], [ 617003.15802099998109, 4547432.601841 ], [ 616988.607240000041202, 4547497.041303999722004 ], [ 616961.859250999987125, 4547571.191127999685705 ], [ 616964.591101999976672, 4547617.462245999835432 ], [ 616985.837522999965586, 4547642.053484999574721 ], [ 617042.985469999955967, 4547770.655642 ], [ 617071.654331999947317, 4547858.149945000186563 ], [ 617043.633647999959067, 4547889.960355999879539 ], [ 617086.333790999953635, 4547954.415302 ], [ 617029.134307999978773, 4548031.664881000295281 ], [ 617090.640740999951959, 4548107.613644000142813 ], [ 617091.261038, 4548125.579355999827385 ], [ 617118.206279000034556, 4548145.742695 ], [ 617077.16449, 4548217.864660000428557 ], [ 617090.155901000020094, 4548238.326760999858379 ], [ 617069.000981000019237, 4548277.009391999803483 ], [ 617049.15466, 4548320.576715 ], [ 616987.039127000025474, 4548432.238204999826849 ], [ 616919.294326000032015, 4548379.787425000220537 ], [ 616827.863103999989107, 4548530.002984000369906 ], [ 616730.153616999974474, 4548700.584866999648511 ], [ 616808.183265, 4548863.497898999601603 ], [ 616827.888313999981619, 4548897.069912999868393 ], [ 616673.629657999961637, 4548874.178208 ], [ 616533.790786999976262, 4548825.257429 ], [ 616505.296376000042073, 4548803.250418 ], [ 616484.693462, 4548794.849759999662638 ], [ 616336.871708999969997, 4548736.822436000220478 ], [ 616310.139733999967575, 4548717.531476000323892 ], [ 616245.176408999948762, 4548664.420485000126064 ], [ 616185.613683999981731, 4548611.384691 ], [ 616148.459951000055298, 4548566.788774999789894 ], [ 616082.322739999974146, 4548474.140371999703348 ], [ 616045.381046000053175, 4548416.078839000314474 ], [ 615994.880163999972865, 4548333.406526999548078 ], [ 615945.228561999974772, 4548364.200977000407875 ], [ 615921.557849999982864, 4548379.094704000279307 ], [ 615829.479254, 4548273.012838000431657 ], [ 615728.095656999968924, 4548327.542368000373244 ], [ 615679.415540999965742, 4548355.955400000326335 ], [ 615604.143129999982193, 4548241.61388 ], [ 615488.967695, 4548284.702523999847472 ], [ 615345.72052099998109, 4548336.323010000400245 ], [ 615314.333081000018865, 4548382.977546 ], [ 615295.307837, 4548388.963025 ], [ 615275.204194, 4548320.399570000357926 ], [ 615161.213411999982782, 4548345.545168000273407 ], [ 615009.797435999964364, 4548372.358834999613464 ], [ 614954.200464, 4548381.812891 ], [ 614919.217604, 4548399.67473 ], [ 614899.401053, 4548427.202197000384331 ], [ 614815.427348, 4548428.217040999792516 ], [ 614732.31805, 4548411.068710000254214 ], [ 614720.651759000029415, 4548414.517037999816239 ], [ 614722.846844000043347, 4548458.368846000172198 ], [ 614718.349170999950729, 4548492.310745 ], [ 614708.925554999965243, 4548536.047175000421703 ], [ 614708.379046999965794, 4548596.145997 ], [ 614708.209144999971613, 4548606.992203 ], [ 614564.89069999998901, 4548603.815817999653518 ], [ 614482.963651000056416, 4548597.137857000343502 ], [ 614380.782672, 4548617.094433999620378 ], [ 614223.435491999960504, 4548648.761691999621689 ], [ 614091.337601999985054, 4548679.937303000129759 ], [ 613995.564152, 4548752.077842 ], [ 613980.102674999972805, 4548760.820473000407219 ], [ 613950.851838, 4548786.404625999741256 ], [ 613902.644090999965556, 4548845.617383999750018 ], [ 613882.902322, 4548808.699684999883175 ], [ 613826.837412999942899, 4548819.942630000412464 ], [ 613795.533891999977641, 4548746.268168999813497 ], [ 613762.652606999967247, 4548686.494047 ], [ 613734.518644999945536, 4548698.626984000205994 ], [ 613727.116183000034653, 4548711.081980999559164 ], [ 613719.677883, 4548667.41573700029403 ], [ 613733.62747299997136, 4548640.238293999806046 ], [ 613695.085327, 4548567.80663700029254 ], [ 613683.785094000049867, 4548540.692388 ], [ 613645.030137000023387, 4548506.811537999659777 ], [ 613603.787829000037163, 4548554.708088000304997 ], [ 613549.283799999975599, 4548581.700970999896526 ], [ 613502.88636999996379, 4548608.819892999716103 ], [ 613426.488408999983221, 4548652.541485000401735 ], [ 613386.442151000024751, 4548677.061179 ], [ 613166.256743, 4548828.158638999797404 ], [ 613143.384720999980345, 4548830.459084000438452 ], [ 613113.526671000057831, 4548692.15047200024128 ], [ 613081.64165, 4548684.473600000143051 ], [ 613035.355866999947466, 4548675.675118999555707 ], [ 613016.778740999987349, 4548671.324248 ], [ 612982.324880999978632, 4548668.39406600035727 ], [ 612930.386474000057206, 4548668.170293999835849 ], [ 612889.494303000043146, 4548657.756989999674261 ], [ 612822.183857999974862, 4548674.186452999711037 ], [ 612735.711161999963224, 4548669.712163000367582 ], [ 612658.442802999983542, 4548682.447586 ], [ 612558.102901999955066, 4548671.665877999737859 ], [ 612396.21921500004828, 4548646.537948999553919 ], [ 612290.06650900002569, 4548632.328378999605775 ], [ 612185.801795999985188, 4548612.774888000451028 ], [ 612125.167235999950208, 4548598.821062999777496 ], [ 612057.104906999971718, 4548569.497018000110984 ], [ 612010.433197999955155, 4548497.383498 ], [ 611991.629795999964699, 4548483.59330500010401 ], [ 611980.5718989999732, 4548475.384824000298977 ], [ 611828.359200999955647, 4548436.681781999766827 ], [ 611762.0538, 4548440.16671899985522 ], [ 611689.799665000056848, 4548389.662231000140309 ], [ 611660.849551000050269, 4548366.779377999715507 ], [ 611565.933242000057362, 4548295.277061999775469 ], [ 611351.960792999947444, 4548197.724688 ], [ 611268.652282999944873, 4548103.51743 ], [ 611265.75422600004822, 4548027.132925 ], [ 611259.456825, 4547996.956338999792933 ], [ 611246.277213, 4547944.666965999640524 ], [ 611239.660906999954022, 4547905.047107 ], [ 611235.59757800004445, 4547846.156062999740243 ], [ 611071.232295, 4547805.941244999878109 ], [ 611052.620084000052884, 4547754.92461199965328 ], [ 611040.47131699998863, 4547723.749021999537945 ], [ 611027.88223900005687, 4547691.678458999842405 ], [ 611010.397561999969184, 4547655.491855000145733 ], [ 610994.719147, 4547619.321565999649465 ], [ 610980.04816300002858, 4547575.993367999792099 ], [ 610960.525811000028625, 4547496.214874999597669 ], [ 610937.771140999975614, 4547391.23685699980706 ], [ 610930.518831999972463, 4547334.085585 ], [ 610898.688372, 4547144.091094000265002 ], [ 610877.790644999942742, 4547035.099634000100195 ], [ 610856.973519, 4546949.061518999747932 ], [ 610843.006133000017144, 4546885.179708999581635 ], [ 610839.032137, 4546832.886257000267506 ], [ 610831.317761000012979, 4546799.513008999638259 ], [ 610825.264579999959096, 4546692.978292999789119 ], [ 610819.588761999970302, 4546502.014363000169396 ], [ 610805.628921000054106, 4546500.903827999718487 ], [ 610685.187290000030771, 4546520.192258999682963 ], [ 610638.719141999958083, 4546536.890468000434339 ], [ 610488.577891999972053, 4546567.304081999696791 ], [ 610340.11144999996759, 4546621.652847000397742 ], [ 610190.801731999963522, 4546702.05292300041765 ], [ 610062.581305, 4546758.954660000279546 ], [ 610041.277887, 4546766.718379000201821 ], [ 610030.928746000048704, 4546750.173480999656022 ], [ 610004.761337999952957, 4546736.533521000295877 ], [ 609894.032960999989882, 4546739.580016000196338 ], [ 609834.405501, 4546732.856354 ], [ 609788.719226000015624, 4546726.775119000114501 ], [ 609803.760087999980897, 4546776.857324000447989 ], [ 609838.961878999951296, 4546833.1157830003649 ], [ 609882.404718999983743, 4546882.269340000115335 ], [ 609910.408815999981016, 4546939.275251000188291 ], [ 609942.278158999979496, 4546976.685247999615967 ], [ 609846.258663999964483, 4546994.410451999865472 ], [ 609717.871566000045277, 4547018.081298000179231 ], [ 609545.656073000049219, 4547048.738419 ], [ 609428.561348999966867, 4547071.017466000281274 ], [ 609367.984459000057541, 4547082.460502999834716 ], [ 609283.669424999970943, 4547098.269074999727309 ], [ 609142.409835000056773, 4547123.77878599986434 ], [ 609008.83371499995701, 4547148.061932999640703 ], [ 608802.98860100004822, 4547188.129572000354528 ], [ 608642.641503000049852, 4547218.073401000350714 ], [ 608483.502413999987766, 4547249.393259 ], [ 608240.773232999956235, 4547293.405259000137448 ], [ 607994.861741999979131, 4547339.177113999612629 ], [ 607758.422208999982104, 4547385.085341 ], [ 607541.453496000031009, 4547425.457387000322342 ], [ 607276.566025999956764, 4547475.460446 ], [ 607089.895896999980323, 4547509.549433000385761 ], [ 606869.309531999984756, 4547550.787654999643564 ], [ 606749.059087999979965, 4547574.628569000400603 ], [ 606662.284456999972463, 4547589.986921000294387 ], [ 606490.52521400002297, 4547622.509306999854743 ], [ 606354.726319, 4547653.692273000255227 ], [ 606324.179337, 4547661.965291 ], [ 606246.021681000012904, 4547681.828493 ], [ 606166.157999000046402, 4547702.900308 ], [ 606078.620191000052728, 4547724.750140000134706 ], [ 605989.250534, 4547748.384410000406206 ], [ 605918.432034999947064, 4547767.557778 ], [ 605796.259216999984346, 4547799.925117 ], [ 605676.352118000038899, 4547831.416638 ], [ 605590.160102, 4547853.980058999732137 ], [ 605481.824768000049517, 4547880.256210999563336 ], [ 605401.735680000041611, 4547901.555046999827027 ], [ 605264.894640999962576, 4547938.761130999773741 ], [ 605202.844139000051655, 4547956.168575 ], [ 605130.690164000028744, 4547974.441943 ], [ 605055.796190000022762, 4547995.141738999634981 ], [ 605000.541894000023603, 4548010.372085000388324 ], [ 604941.312225, 4548026.278725 ], [ 604831.820934999966994, 4548055.023902 ], [ 604705.136331000016071, 4548088.688098999671638 ], [ 604623.460038000019267, 4548110.860903000459075 ], [ 604511.263261000043713, 4548139.794215000234544 ], [ 604454.029896999942139, 4548154.922643999569118 ], [ 604398.726654, 4548169.057485000230372 ], [ 604327.239410000038333, 4548188.025465000420809 ], [ 604257.339900000020862, 4548206.450443999841809 ], [ 604210.521792000043206, 4548218.353493000380695 ], [ 604149.189389999955893, 4548236.446146000176668 ], [ 604126.762341000023298, 4548241.301566 ], [ 604126.401852000039071, 4548253.654864000156522 ], [ 604126.166361000039615, 4548278.490504000335932 ], [ 604125.508756999974139, 4548346.013895999640226 ], [ 604125.16092099994421, 4548349.795314 ], [ 604124.86554300005082, 4548394.205942999571562 ], [ 604126.324127999949269, 4548418.077447 ], [ 604126.778657000046223, 4548433.973317 ], [ 604129.895106000010855, 4548464.153095999732614 ], [ 604139.006942, 4548499.303771000355482 ], [ 604146.098462000023574, 4548529.99534699972719 ], [ 604164.091239999979734, 4548578.696763000451028 ], [ 604170.939474000013433, 4548597.53725 ], [ 604201.819580000010319, 4548652.173848000355065 ], [ 604220.687805, 4548675.915632000193 ], [ 604231.967259999946691, 4548690.355562999844551 ], [ 604256.752448000013828, 4548722.775956000201404 ], [ 604283.658352000056766, 4548747.853772999718785 ], [ 604318.057991, 4548774.126619 ], [ 604340.218169, 4548789.665571000427008 ], [ 604390.68519800005015, 4548825.072940000332892 ], [ 604439.093476, 4548858.708023999817669 ], [ 604493.164298000046983, 4548897.60969700012356 ], [ 604549.980896000051871, 4548939.515696000307798 ], [ 604571.166676, 4548956.740341999568045 ], [ 604592.676893000025302, 4548977.711648999713361 ], [ 604632.627402000012808, 4549014.580597000196576 ], [ 604665.204336000024341, 4549043.593951 ], [ 604677.259933999972418, 4549061.232494999654591 ], [ 604718.903716000029817, 4549103.589201999828219 ], [ 604757.132021000026725, 4549148.584401999600232 ], [ 604772.537367000011727, 4549168.702771999873221 ], [ 604789.534143000026233, 4549190.909253000281751 ], [ 604824.158254, 4549235.853252000175416 ], [ 604853.731376999989152, 4549279.14835499972105 ], [ 604880.49518700002227, 4549322.070232000201941 ], [ 604918.721927999984473, 4549392.815971000120044 ], [ 604929.699673000024632, 4549418.167752999812365 ], [ 604973.61971200001426, 4549514.200988000258803 ], [ 605011.105407000053674, 4549602.502837999723852 ], [ 605066.190069, 4549736.394228000193834 ], [ 605109.099396000034176, 4549839.364908000454307 ], [ 605162.029527000035159, 4549966.264176 ], [ 605216.359391, 4550089.153357 ], [ 605256.152965000015683, 4550173.670211000367999 ], [ 605263.557309999945574, 4550191.498358 ], [ 605268.14992999995593, 4550200.991535999812186 ], [ 605278.904246, 4550220.677805 ], [ 605339.67802, 4550334.444621999748051 ], [ 605418.325298000010662, 4550489.5424610003829 ], [ 605433.280095000052825, 4550523.113746999762952 ], [ 605356.46455200004857, 4550561.148391 ], [ 605290.22841600002721, 4550592.507183999754488 ], [ 605207.867087000049651, 4550617.361065000295639 ], [ 605130.944802999962121, 4550639.595768 ], [ 605073.14466, 4550648.636900000274181 ], [ 605076.504762000055052, 4550697.164322 ], [ 605059.760625, 4550733.732996 ], [ 605055.032147999969311, 4550748.921728 ], [ 605034.855838999967091, 4550805.183732000179589 ], [ 605017.699188000056893, 4550828.388705000281334 ], [ 605003.616466999985278, 4550846.929816000163555 ], [ 604948.588254999951459, 4550913.473786000162363 ], [ 604905.592563000041991, 4550958.638181 ], [ 604873.739117000019178, 4550980.622333000414073 ], [ 604870.520630000042729, 4551016.485868000425398 ], [ 604831.06863, 4551065.287987999618053 ], [ 604786.539111000020057, 4551091.576829000376165 ], [ 604752.239565999945626, 4551095.58273100014776 ], [ 604681.908103000023402, 4551099.062093 ], [ 604633.139670999953523, 4551106.436975999735296 ], [ 604578.165665999986231, 4551138.418289000168443 ], [ 604555.663864, 4551136.753147999756038 ], [ 604538.764852000051178, 4551152.66768 ], [ 604491.466193999978714, 4551152.436196999624372 ], [ 604455.7128279999597, 4551163.595750000327826 ], [ 604416.287994000012986, 4551147.776429999619722 ], [ 604384.348351, 4551144.178325000219047 ], [ 604380.659358000033535, 4551118.997864999808371 ], [ 604389.236456000013277, 4551085.897750999778509 ], [ 604372.865609999978915, 4551033.598638 ], [ 604361.315444999956526, 4550958.927616000175476 ], [ 604343.63778, 4550871.599790000356734 ], [ 604322.833390000043437, 4550813.852289999835193 ], [ 604311.912092000013217, 4550758.044551 ], [ 604303.643521000049077, 4550705.861162000335753 ], [ 604290.988859000033699, 4550645.531747000291944 ], [ 604273.015366, 4550578.841852 ], [ 604257.596452999976464, 4550522.070752000436187 ], [ 604245.039789999951608, 4550391.711497999727726 ], [ 604232.882497000042349, 4550296.379215000197291 ], [ 604229.161371, 4550177.827039999887347 ], [ 604212.323557000025176, 4550031.239939999766648 ], [ 604196.911379999946803, 4549974.458064000122249 ], [ 604176.230785000021569, 4549907.73002600017935 ], [ 604174.344104000017978, 4549850.241335 ], [ 604175.753712999983691, 4549814.351913000456989 ], [ 604163.394463, 4549796.221287 ], [ 604151.341744999983348, 4549756.542697999626398 ], [ 604144.564217000035569, 4549713.330472 ], [ 604112.061903, 4549729.945663000456989 ], [ 604047.65524, 4549759.554042999632657 ], [ 603996.864389, 4549782.183400000445545 ], [ 603899.619992999942042, 4549839.152512 ], [ 603810.540781000046991, 4549892.663270999677479 ], [ 603776.817033999948762, 4549919.111577999778092 ], [ 603752.901722999988124, 4549952.894267999567091 ], [ 603726.884160000015981, 4550008.188450000248849 ], [ 603679.499977999948896, 4550108.960641000419855 ], [ 603627.954556999960914, 4550184.546484 ], [ 603610.889858999988064, 4550180.71838799957186 ], [ 603574.76872299995739, 4550185.592427999712527 ], [ 603551.689127000048757, 4550161.02644900046289 ], [ 603348.734349000034854, 4549663.465899 ], [ 603195.511570999980904, 4549727.748696999624372 ], [ 603142.019121999968775, 4549750.334712999872863 ], [ 603123.160141999949701, 4549745.58311599958688 ], [ 603115.50227299996186, 4549713.152419 ], [ 603103.936944999964908, 4549638.461608 ], [ 603050.567112999968231, 4549332.447885000146925 ], [ 603007.716106, 4549174.716826999559999 ], [ 602988.525256, 4549129.543623000383377 ], [ 602874.142737000016496, 4548866.644271000288427 ], [ 602715.889497000025585, 4548967.686443000100553 ], [ 602672.203748999978416, 4548997.60874 ], [ 602551.351318, 4549131.490491 ], [ 602431.535870000021532, 4549256.41689 ], [ 602352.187974, 4549322.650693999603391 ], [ 602247.594205999979749, 4549390.32035700045526 ], [ 602177.696032, 4549426.152971999719739 ], [ 602044.196675000013784, 4549498.818415000103414 ], [ 601954.262567, 4549160.859230999834836 ], [ 601842.786413999972865, 4548751.661028999835253 ], [ 601553.359579000039957, 4548823.067882999777794 ], [ 601476.356293000048026, 4548850.736372999846935 ], [ 601401.383377, 4548862.266956999897957 ], [ 601274.073814, 4548878.459451000206172 ], [ 601127.007808999973349, 4548888.996015000157058 ], [ 601068.317451999988407, 4548896.269043000414968 ], [ 600946.422564, 4548911.653649000450969 ], [ 600740.43360600003507, 4548946.524244000203907 ], [ 600653.758110000053421, 4548957.00201699975878 ], [ 600614.285110999946482, 4548943.890266000293195 ], [ 600508.932134, 4548936.158684999682009 ], [ 600374.681882999953814, 4548932.518245000392199 ], [ 600221.470500999945216, 4548931.31886 ], [ 600113.166853999951854, 4548941.518098999746144 ], [ 600024.621384000056423, 4548957.362927 ], [ 599963.179659000015818, 4548968.171397999860346 ], [ 599843.650125000043772, 4548977.988161000423133 ], [ 599752.732041000039317, 4549000.343853999860585 ], [ 599610.592268, 4549046.897653000429273 ], [ 599518.941992999985814, 4549092.341511 ], [ 599437.590699999942444, 4549175.633818999864161 ], [ 599365.31058499997016, 4549255.463670000433922 ], [ 599295.93516, 4549320.066293000243604 ], [ 599262.311047, 4549340.251698999665678 ], [ 599107.711187000037171, 4549442.307798 ], [ 599016.615624999976717, 4549513.802887000143528 ], [ 598930.383797000045888, 4549559.327138000167906 ], [ 598741.939464999944903, 4549632.197599999606609 ], [ 598622.489197000046261, 4549668.294669999741018 ], [ 598545.736412000027485, 4549678.930730000138283 ], [ 598397.799695999943651, 4549622.178407999686897 ], [ 598322.343316999962553, 4549603.210237000137568 ], [ 598239.538374, 4549595.358713 ], [ 598134.334074000013061, 4549611.002485999837518 ], [ 598032.751295999973081, 4549625.352738999761641 ], [ 598023.637223999947309, 4549632.869852 ], [ 598013.183174, 4549639.458550999872386 ], [ 597985.570459999958985, 4549648.970937999896705 ], [ 597933.047456, 4549667.56582900043577 ], [ 597888.244243000051938, 4549681.778532999567688 ], [ 597865.569083999958821, 4549692.700908999890089 ], [ 597827.281043999944814, 4549725.410569 ], [ 597803.567204999970272, 4549746.190194999799132 ], [ 597784.339480999973603, 4549768.828576999716461 ], [ 597776.488291000016034, 4549783.080428999848664 ], [ 597773.176924000028521, 4549795.161139000207186 ], [ 597772.513581000035629, 4549810.863626999780536 ], [ 597779.494002999970689, 4549828.466974999755621 ], [ 597786.478153, 4549845.159900000318885 ], [ 597797.918078999966383, 4549865.965117 ], [ 597796.849078999948688, 4549878.075778 ], [ 597788.648668, 4549885.150135999545455 ], [ 597771.476460000034422, 4549888.507144000381231 ], [ 597748.820199999958277, 4549898.075493999756873 ], [ 597720.767314000055194, 4549906.683586999773979 ], [ 597689.842652000021189, 4549927.811431 ], [ 597560.685510999988765, 4550016.770394000224769 ], [ 597505.237226000055671, 4550052.839348999783397 ], [ 597478.072017000056803, 4550062.348446000367403 ], [ 597399.540130999987014, 4550072.073274999856949 ], [ 597353.501797999953851, 4550077.745295000262558 ], [ 597254.383201000047848, 4550077.32694 ], [ 597149.020687000011094, 4550071.441897000186145 ], [ 597003.748712999979034, 4550084.771166999824345 ], [ 596932.336573999957182, 4550101.790343999862671 ], [ 596879.129005, 4550104.672260999679565 ], [ 596757.514463, 4550101.264763999730349 ], [ 596705.335995999979787, 4550094.290640000253916 ], [ 596585.716182, 4550092.477935999631882 ], [ 596520.09488800005056, 4550132.250612 ], [ 596487.321771000046283, 4550156.956522 ], [ 596463.947018999955617, 4550153.050912000238895 ], [ 596388.287452999968082, 4550150.255359999835491 ], [ 596339.58178, 4550153.211574000306427 ], [ 596228.998784999945201, 4550202.032820999622345 ], [ 596174.422008999972604, 4550240.810092000290751 ], [ 596118.299496000050567, 4550259.825682000257075 ], [ 595884.931883999961428, 4550601.479140000417829 ], [ 595759.323481000028551, 4550729.987851999700069 ], [ 595735.620288999984041, 4550683.898598999716341 ], [ 595691.948591999942437, 4550612.421419000253081 ], [ 595641.094535000040196, 4550539.040817 ], [ 595598.992151999962516, 4550485.527765999548137 ], [ 595565.376107000047341, 4550437.510912000201643 ], [ 595525.757481000036933, 4550366.076669 ], [ 595451.414445, 4550261.867916 ], [ 595411.454468999989331, 4550216.456116000190377 ], [ 595386.659754000022076, 4550182.922880000434816 ], [ 595366.515009999973699, 4550138.668999999761581 ], [ 595353.555468, 4550095.408161000348628 ], [ 595314.038060000049882, 4550015.893325 ], [ 595277.87393899995368, 4549956.17518400028348 ], [ 595238.996699000010267, 4549896.410838999785483 ], [ 595205.480590000050142, 4549840.313926000148058 ], [ 595160.644857999985106, 4549753.547031999565661 ], [ 595124.901363000040874, 4549660.614136000163853 ], [ 595232.169784000026993, 4549619.916249999776483 ], [ 595221.613609, 4549604.856084000319242 ], [ 595213.983543999958783, 4549533.384796 ], [ 595216.043530000024475, 4549513.214681000448763 ], [ 595221.990896999952383, 4549506.10820300038904 ], [ 595228.145241, 4549483.737378999590874 ], [ 595225.121593000018038, 4549473.371975 ], [ 595224.499060999951325, 4549417.258889 ], [ 595214.240232000011019, 4549339.913099000230432 ], [ 595179.952628000057302, 4549238.904667999595404 ], [ 595170.257609999971464, 4549222.168099000118673 ], [ 595156.900888000032865, 4549209.880785999819636 ], [ 595138.66795200004708, 4549190.779326999559999 ], [ 595126.314836999983527, 4549170.421918 ], [ 595111.265515999984927, 4549150.029505000449717 ], [ 595086.79443899996113, 4549125.462051999755204 ], [ 595074.871269, 4549106.90905600041151 ], [ 595072.405733000021428, 4549088.467784999869764 ], [ 595077.274916999973357, 4549060.250939000397921 ], [ 595056.833655999973416, 4549038.434033 ], [ 595037.212712, 4549022.012931000441313 ], [ 595030.570319000049494, 4549013.399388000369072 ], [ 595022.625424999976531, 4549000.283220999874175 ], [ 595008.570802, 4548971.809658999554813 ], [ 595001.608723000041209, 4548952.865944 ], [ 594998.418915000045672, 4548920.947030000388622 ], [ 595000.731385000050068, 4548881.92679 ], [ 595002.351618999964558, 4548861.29570799972862 ], [ 595007.092585999984294, 4548842.947982000187039 ], [ 595009.07898, 4548829.061344999819994 ], [ 595015.966189000057057, 4548818.824663000181317 ], [ 595020.593299999949522, 4548809.902154999785125 ], [ 595021.341450999956578, 4548786.561661999672651 ], [ 595014.809449000051245, 4548769.422257999889553 ], [ 595006.38156699994579, 4548758.542716999538243 ], [ 594998.543825999950059, 4548737.788924999535084 ], [ 594967.183702999958768, 4548723.458614000119269 ], [ 594937.551038000034168, 4548714.547031000256538 ], [ 594926.380192999960855, 4548707.218383000232279 ], [ 594866.622930999961682, 4548692.97566 ], [ 594858.581221999949776, 4548687.930521000176668 ], [ 594841.148520000046119, 4548676.934533 ], [ 594835.925155999953859, 4548662.499247999861836 ], [ 594827.909927999950014, 4548654.75639299955219 ], [ 594825.844685000018217, 4548640.373119000345469 ], [ 594830.646058000042103, 4548617.984487 ], [ 594825.724956, 4548580.202952000312507 ], [ 594802.521847, 4548561.948529000394046 ], [ 594786.359800999984145, 4548557.253584999591112 ], [ 594768.432568000047468, 4548549.382504000328481 ], [ 594738.475717999972403, 4548531.040889999829233 ], [ 594708.547866999986582, 4548510.445817000232637 ], [ 594684.354379000025801, 4548464.787232999689877 ], [ 594604.276593000045978, 4548383.842129999771714 ], [ 594554.997757000033744, 4548360.754897999577224 ], [ 594416.294300999958068, 4548282.186338 ], [ 594351.605458999983966, 4548265.641525000333786 ], [ 594311.552359999972396, 4548226.064403000287712 ], [ 594295.429733, 4548218.228865999728441 ], [ 594263.224959000013769, 4548199.4051050003618 ], [ 594229.173539999988861, 4548183.699945 ], [ 594205.643870000028983, 4548156.005556000396609 ], [ 594183.443345000036061, 4548130.127066000364721 ], [ 594166.115391000057571, 4548110.15159699972719 ], [ 594153.324012, 4548088.891002000309527 ], [ 594263.949403999955393, 4547968.178467 ], [ 594294.114867000025697, 4547935.345901999622583 ], [ 594343.360104999970645, 4547891.533828999847174 ], [ 594353.27038999996148, 4547856.630785999819636 ], [ 594340.169998000026681, 4547824.140521000139415 ], [ 594322.385025999974459, 4547805.047073000110686 ], [ 594289.542708999942988, 4547765.118913000449538 ], [ 594260.381803, 4547719.842120000161231 ], [ 594216.877087999950163, 4547668.09651399962604 ], [ 594180.291118999943137, 4547638.890861 ], [ 594121.507247, 4547601.083820000290871 ], [ 594214.155961000011303, 4547580.468178999610245 ], [ 594199.75137299997732, 4547527.775781 ], [ 594180.470655999961309, 4547484.425153999589384 ], [ 594321.703354, 4547508.248971000313759 ], [ 594339.008190999971703, 4547511.836097000166774 ], [ 594344.180050999973901, 4547512.802069 ], [ 594335.957635, 4547451.195396999828517 ], [ 594330.001604, 4547283.393384999595582 ], [ 594327.360036000027321, 4547138.762114999815822 ], [ 594331.70429000002332, 4547081.33668200019747 ], [ 594347.098680000053719, 4546865.988141999579966 ], [ 594385.122273999964818, 4546783.858846999704838 ], [ 594426.797630000044592, 4546698.168251999653876 ], [ 594466.219872000045143, 4546577.429281 ], [ 594476.910181000013836, 4546517.387679999694228 ], [ 594527.718630000017583, 4546562.955485999584198 ], [ 594584.793327, 4546611.291534 ], [ 594660.130070999963209, 4546641.898942000232637 ], [ 594642.070077999960631, 4546574.31348 ], [ 594634.565222, 4546527.505285000428557 ], [ 594649.440251, 4546472.803078999742866 ], [ 594568.339843999943696, 4546420.470179 ], [ 594562.598402000032365, 4546354.831584 ], [ 594522.034877000027336, 4546301.945473000407219 ], [ 594467.211183, 4546186.986469999887049 ], [ 594473.26431, 4546171.164707000367343 ], [ 594448.311960999970324, 4546165.369187000207603 ], [ 594381.310550000052899, 4546097.23163599986583 ], [ 594345.823145000031218, 4546045.433473999612033 ], [ 594349.158578000031412, 4545986.107598000206053 ], [ 594327.392759999958798, 4546013.452176 ], [ 594266.537940999958664, 4546026.548146000131965 ], [ 594241.707276999950409, 4546011.894564 ], [ 594201.095293, 4546018.023237000219524 ], [ 594175.129825999960303, 4546042.616190999746323 ], [ 594096.779466000036336, 4546063.471940999850631 ], [ 594036.169705, 4546100.111705999821424 ], [ 593877.655664999969304, 4546177.300590000115335 ], [ 593583.794574000057764, 4546149.059463 ], [ 593300.090331000043079, 4546113.698022999800742 ], [ 593216.747806999948807, 4546109.750601000152528 ], [ 593124.629923, 4546075.503150999546051 ], [ 593072.224538999958895, 4546064.089556000195444 ], [ 593034.798048999975435, 4546061.704586000181735 ], [ 592981.023998999968171, 4546041.569412999786437 ], [ 592928.304437999962829, 4546035.0160499997437 ], [ 592773.292601999943145, 4546013.033119999803603 ], [ 592719.722496, 4546005.926447999663651 ], [ 592665.331091, 4545993.313737999647856 ], [ 592602.649792999960482, 4545972.313753000460565 ], [ 592567.300543, 4545965.782661999575794 ], [ 592540.935564000043087, 4545965.216529999859631 ], [ 592508.060471000033431, 4545953.753875999711454 ], [ 592494.450333000044338, 4545952.727149999700487 ], [ 592446.630170000018552, 4545945.450798000209033 ], [ 592372.9190139999846, 4545921.993133 ], [ 592279.565271000028588, 4545908.004087000153959 ], [ 592268.144700999953784, 4545919.296493999660015 ], [ 592185.957107999944128, 4545888.827891999855638 ], [ 592136.154859, 4545887.41329799965024 ], [ 592063.875898999976926, 4545866.908010999672115 ], [ 591996.454910999978893, 4545861.076097999699414 ], [ 591919.955043999943882, 4545843.361658000387251 ], [ 591857.159337, 4545824.531817999668419 ], [ 591816.785842000041157, 4545807.049290999770164 ], [ 591747.462897000019439, 4545808.757062000222504 ], [ 591709.533773, 4545826.946623000316322 ], [ 591651.003592, 4545837.273113000206649 ], [ 591531.797545999987051, 4545807.037504999898374 ], [ 591417.837038, 4545806.947501 ], [ 591360.790920999948867, 4545778.478497000411153 ], [ 591246.763715, 4545749.96650299988687 ], [ 591104.310753999976441, 4545749.970846000127494 ], [ 591018.772626, 4545721.483532999642193 ], [ 590904.809634999954142, 4545721.512540999799967 ], [ 590853.385406999965198, 4545717.977004 ], [ 590804.446282000048086, 4545695.652967000380158 ], [ 590733.798981999978423, 4545692.968236999586225 ], [ 590654.212340999976732, 4545673.741127000190318 ], [ 590579.006814999971539, 4545666.526997 ], [ 590508.913846999988891, 4545641.389875000342727 ], [ 590437.869756, 4545631.996888999827206 ], [ 590367.297949000028893, 4545614.960439999587834 ], [ 590334.301872999989428, 4545611.578083000145853 ], [ 590278.187805, 4545587.514852000400424 ], [ 590214.118007999961264, 4545569.982633999548852 ], [ 590058.11488, 4545524.118463999591768 ], [ 590023.865507, 4545504.356297000311315 ], [ 589953.486603999976069, 4545466.64138 ], [ 589914.040227000019513, 4545443.651611999608576 ], [ 589877.584992000018246, 4545442.649359 ], [ 589847.287343999953009, 4545433.661991000175476 ], [ 589804.017103999969549, 4545409.926470999605954 ], [ 589766.507132999948226, 4545389.348388000391424 ], [ 589756.14679399994202, 4545382.959431 ], [ 589670.68537700001616, 4545330.29567 ], [ 589591.075634, 4545279.436526999808848 ], [ 589534.968406000058167, 4545246.163750999607146 ], [ 589516.243159999954514, 4545234.410167999565601 ], [ 589491.016059000045061, 4545218.235992999747396 ] ], [ [ 616741.162326000048779, 4571268.077188 ], [ 616708.032679000054486, 4571260.838007000274956 ], [ 616664.460490999976173, 4571259.683402 ], [ 616619.85566999996081, 4571267.029865000396967 ], [ 616607.980975999962538, 4571279.376702999696136 ], [ 616582.83216, 4571278.518094000406563 ], [ 616558.529010999947786, 4571280.815783999860287 ], [ 616539.72652999998536, 4571276.483331999741495 ], [ 616516.513011, 4571266.716626999899745 ], [ 616492.432206999976188, 4571255.137128000147641 ], [ 616478.176746999961324, 4571247.746148999780416 ], [ 616448.925629999954253, 4571250.409129999577999 ], [ 616394.962941, 4571280.882693000137806 ], [ 616328.688760000048205, 4571322.797441000118852 ], [ 616290.130433000042103, 4571345.456182000227273 ], [ 616269.666052000015043, 4571361.241893 ], [ 616237.218374000047334, 4571422.943048999644816 ], [ 616211.158826000057161, 4571451.843023999594152 ], [ 616175.797381000011228, 4571386.15952100045979 ], [ 616070.361580000026152, 4571235.860488000325859 ], [ 616014.474341999972239, 4571190.194129000417888 ], [ 615894.97592, 4571131.887319999746978 ], [ 615857.687343999976292, 4571074.892062 ], [ 615847.795348000014201, 4571046.983702000230551 ], [ 615814.602003999985754, 4570987.366604999639094 ], [ 615793.444644000031985, 4570904.65472299978137 ], [ 615760.704559999983758, 4570872.795865000225604 ], [ 615730.05551600002218, 4570822.170141999609768 ], [ 615716.261422000010498, 4570728.837481999769807 ], [ 615739.392211999977008, 4570687.129799 ], [ 615700.538239000015892, 4570643.525105999782681 ], [ 615691.42485900002066, 4570595.030151000246406 ], [ 615695.07573699997738, 4570535.100530000403523 ], [ 615713.213508000015281, 4570411.826890000142157 ], [ 615705.635671, 4570379.48042600043118 ], [ 615678.001735000056215, 4570365.604112000204623 ], [ 615648.587570999981835, 4570293.51089399959892 ], [ 615640.426468000048772, 4570241.44438000023365 ], [ 615661.203137999982573, 4570178.200287999585271 ], [ 615666.105914999963716, 4570095.903505999594927 ], [ 615657.688302000053227, 4570059.956953000277281 ], [ 615601.718058999977075, 4570018.768152999691665 ], [ 615503.232632, 4569994.816412 ], [ 615477.72192499996163, 4569959.487061000429094 ], [ 615421.36495700001251, 4569886.067758000455797 ], [ 615369.952462999965064, 4569840.477985000237823 ], [ 615280.710028999950737, 4569743.251818000338972 ], [ 615217.058072000043467, 4569732.393456 ], [ 615136.137329000048339, 4569733.799474 ], [ 615088.681706, 4569722.299149 ], [ 615054.132221000036225, 4569690.415210000239313 ], [ 615007.119568999973126, 4569707.572479999624193 ], [ 614957.53729500004556, 4569716.638553 ], [ 614920.049689, 4569699.933330999687314 ], [ 614891.549543999950401, 4569683.359152999706566 ], [ 614861.672310999943875, 4569639.91228299960494 ], [ 614844.757365999976173, 4569572.4842450004071 ], [ 614836.928765999968164, 4569498.92557100020349 ], [ 614827.307266999967396, 4569425.349724000319839 ], [ 614767.611304000020027, 4569397.201301 ], [ 614758.454552000039257, 4569350.939245999790728 ], [ 614761.398552999948151, 4569306.655937000177801 ], [ 614708.941288999980316, 4569121.691441999748349 ], [ 614660.286673999973573, 4569071.675409999676049 ], [ 614577.628808, 4569012.162720999680459 ], [ 614516.151166999945417, 4568977.159133000299335 ], [ 614495.437903000041842, 4568927.684070999734104 ], [ 614516.760099999955855, 4568886.832584000192583 ], [ 614624.867362000048161, 4568809.614306 ], [ 614720.511886000051163, 4568786.935798999853432 ], [ 614804.535828999942169, 4568760.499471999704838 ], [ 614885.489698000019416, 4568700.879366000182927 ], [ 614970.647051000036299, 4568602.815622 ], [ 614992.261818, 4568543.147665999829769 ], [ 615016.851639, 4568466.514473999850452 ], [ 615046.432352000032552, 4568415.034548000432551 ], [ 615057.209639, 4568358.782235000282526 ], [ 615077.710692, 4568311.867239000275731 ], [ 615066.47741000005044, 4568284.594277 ], [ 615052.333675, 4568269.14618599973619 ], [ 615037.364195000031032, 4568249.209901999682188 ], [ 615034.095710000023246, 4568228.559124999679625 ], [ 615023.710023000021465, 4568203.309581000357866 ], [ 615015.088670999975875, 4568179.886891 ], [ 614994.879219, 4568150.018082000315189 ], [ 614974.485960999969393, 4568131.772986999712884 ], [ 614955.039666999946348, 4568110.866693999618292 ], [ 614924.958105999976397, 4568079.942695000208914 ], [ 614907.023030000040308, 4568048.75530800037086 ], [ 614901.719516000011936, 4568042.852748 ], [ 614896.162829000037163, 4568024.853252000175416 ], [ 614897.780358999967575, 4568007.855390000157058 ], [ 614905.795605, 4567984.25133700016886 ], [ 614904.080485000042245, 4567921.971706000156701 ], [ 614898.806394999963231, 4567886.064911000430584 ], [ 614886.62404400005471, 4567859.898877999745309 ], [ 614873.511116, 4567836.405501999892294 ], [ 614870.347927000024356, 4567809.038200000301003 ], [ 614850.165167000028305, 4567777.371341999620199 ], [ 614836.592530000023544, 4567754.314976000227034 ], [ 614802.018361, 4567723.309589000418782 ], [ 614770.910918000037782, 4567700.432099999859929 ], [ 614753.015834999969229, 4567694.775313000194728 ], [ 614732.544166999985464, 4567681.915478999726474 ], [ 614714.818381999968551, 4567665.512191000394523 ], [ 614698.781022000010125, 4567656.298031000420451 ], [ 614659.565488000051118, 4567634.181648000143468 ], [ 614634.862338999984786, 4567604.232082 ], [ 614624.169574000057764, 4567597.800688999705017 ], [ 614576.563895000028424, 4567537.930255999788642 ], [ 614570.483105, 4567524.397971999831498 ], [ 614562.741745, 4567501.889248999767005 ], [ 614554.952454000012949, 4567482.95546399988234 ], [ 614547.267600000021048, 4567456.849761 ], [ 614539.441537, 4567439.714363999664783 ], [ 614533.712915000040084, 4567403.789683000184596 ], [ 614537.653908999986015, 4567382.353189 ], [ 614547.850624999962747, 4567362.814078999683261 ], [ 614551.642313000047579, 4567350.336652999743819 ], [ 614550.010006000055, 4567339.56171500030905 ], [ 614561.937996999942698, 4567324.513914000242949 ], [ 614565.814292000024579, 4567306.663200999610126 ], [ 614564.359500000020489, 4567285.141801999881864 ], [ 614557.486230000038631, 4567264.434604999609292 ], [ 614557.012487999978475, 4567237.554023999720812 ], [ 614550.875129999942146, 4567227.596563000231981 ], [ 614531.25603599997703, 4567217.438094000332057 ], [ 614508.840409000054933, 4567213.498681000433862 ], [ 614490.052982999943197, 4567206.940190999768674 ], [ 614463.315215999959037, 4567192.183702000416815 ], [ 614439.224729, 4567180.156240000389516 ], [ 614404.210400999989361, 4567172.610004999674857 ], [ 614360.316673, 4567166.379148 ], [ 614247.778745000017807, 4567175.361367999576032 ], [ 614152.69643500004895, 4567160.433252999559045 ], [ 614102.006941, 4567124.703605 ], [ 614048.414187000016682, 4567101.465903 ], [ 614055.352067, 4567060.376651999540627 ], [ 614081.280399000039324, 4567012.411415999755263 ], [ 614088.359095999971032, 4566962.351909999735653 ], [ 614070.631593000027351, 4566888.617429000325501 ], [ 614063.331310000037774, 4566838.343739000149071 ], [ 614067.283669000025839, 4566779.72915199957788 ], [ 613967.72683199995663, 4566741.891486000269651 ], [ 613951.689456, 4566789.789819999597967 ], [ 613922.67949, 4566790.45739599969238 ], [ 613901.399553, 4566792.578560999594629 ], [ 613873.456351, 4566796.849792 ], [ 613832.159240999957547, 4566807.17529600020498 ], [ 613810.461784000042826, 4566814.56485699955374 ], [ 613790.406616, 4566824.667449000291526 ], [ 613769.837489999947138, 4566839.237195 ], [ 613757.489214999950491, 4566849.06054599955678 ], [ 613691.738649999955669, 4566852.242123000323772 ], [ 613639.399034, 4566863.96201 ], [ 613625.19002099998761, 4566910.323784000240266 ], [ 613585.788084, 4566957.180847999639809 ], [ 613544.88405800005421, 4566927.881977000273764 ], [ 613493.452631999971345, 4566881.395983999595046 ], [ 613441.699662999948487, 4566855.50427099969238 ], [ 613404.012564999982715, 4566850.442022000439465 ], [ 613345.263583000050858, 4566870.126059000380337 ], [ 613262.427054999978282, 4566876.898784999735653 ], [ 613203.879199999966659, 4566883.15060400031507 ], [ 613183.388618999975733, 4566871.194493000395596 ], [ 613159.921447, 4566818.871686999686062 ], [ 613140.104373999987729, 4566763.018937 ], [ 613092.848918, 4566737.210777999833226 ], [ 613044.396335999947041, 4566730.184278000146151 ], [ 612924.678521999972872, 4566738.176174 ], [ 612890.904775999952108, 4566712.567365 ], [ 612878.477590000024065, 4566644.293027999810874 ], [ 612866.696873, 4566592.152474000118673 ], [ 612827.217346000019461, 4566470.612703000195324 ], [ 612786.188466000021435, 4566448.467675999738276 ], [ 612727.396381000056863, 4566470.854458999820054 ], [ 612671.156068000011146, 4566502.231402000412345 ], [ 612616.018339999951422, 4566491.073455000296235 ], [ 612587.389444999978878, 4566481.680518999695778 ], [ 612571.522530999965966, 4566490.385404 ], [ 612551.183474999968894, 4566477.167587 ], [ 612582.944111000047997, 4566449.35328400041908 ], [ 612564.286102000041865, 4566434.740054000169039 ], [ 612560.591899, 4566411.829939000308514 ], [ 612578.350718999980018, 4566397.324427999556065 ], [ 612612.001398000051267, 4566402.330977000296116 ], [ 612644.802671000012197, 4566403.726692999713123 ], [ 612666.57440200005658, 4566391.526575 ], [ 612651.91172600002028, 4566365.714999999850988 ], [ 612656.279435000033118, 4566330.448126000352204 ], [ 612663.539966000011191, 4566289.695981999859214 ], [ 612643.917099999962375, 4566257.244950000196695 ], [ 612631.205063999979757, 4566236.438414 ], [ 612631.877752, 4566221.668763999827206 ], [ 612650.011306999949738, 4566207.902102 ], [ 612690.456017000018619, 4566184.49779099971056 ], [ 612730.196541000041179, 4566170.321722 ], [ 612799.175514, 4566165.771006000228226 ], [ 612873.793274999945424, 4566163.540342000313103 ], [ 612880.342062999960035, 4566143.37616499979049 ], [ 612884.078925000037998, 4566130.497364999726415 ], [ 612886.371437, 4566116.707817999646068 ], [ 612886.157241999986582, 4566105.111414999701083 ], [ 612884.340060999966227, 4566077.421973999589682 ], [ 612879.030894999974407, 4566035.453563 ], [ 612876.358618999947794, 4566005.063590000383556 ], [ 612873.852191000012681, 4565949.369075999595225 ], [ 612869.679246000014246, 4565913.581283999606967 ], [ 612861.815965999965556, 4565848.176183000206947 ], [ 612859.997930999961682, 4565831.34693199954927 ], [ 612857.6423590000486, 4565819.994965 ], [ 612855.011821000021882, 4565811.781306000426412 ], [ 612842.578088999958709, 4565783.816348000429571 ], [ 612836.454485, 4565772.739144000224769 ], [ 612833.993234000052325, 4565764.417072 ], [ 612831.59591100004036, 4565752.509247000329196 ], [ 612830.035236999974586, 4565736.916593000292778 ], [ 612830.399945999961346, 4565730.148513000458479 ], [ 612831.491930000018328, 4565726.756357000209391 ], [ 612836.445867000031285, 4565718.649106999859214 ], [ 612863.755439999978989, 4565679.207189000211656 ], [ 612880.330217999988236, 4565654.712178000248969 ], [ 612891.222364000044763, 4565640.989296999759972 ], [ 612897.751807000022382, 4565632.917609999887645 ], [ 612902.347538999980316, 4565626.836969000287354 ], [ 612910.905856000026688, 4565611.179072 ], [ 612923.965372, 4565587.973299000412226 ], [ 612948.551454999949783, 4565546.912612999789417 ], [ 612958.763703000033274, 4565526.238982999697328 ], [ 612968.101822, 4565504.097121000289917 ], [ 612982.980847000028007, 4565458.188795999623835 ], [ 613006.472231999970973, 4565378.589869 ], [ 613027.117539, 4565309.018608000129461 ], [ 613050.337107999948785, 4565225.384662999771535 ], [ 613067.475311000016518, 4565164.154062000103295 ], [ 613086.486545, 4565081.110066000372171 ], [ 613098.699486, 4564999.670656000263989 ], [ 613091.332837000023574, 4564865.5919030001387 ], [ 613120.066984000033699, 4564731.984803999774158 ], [ 613227.606111999950372, 4564489.123668000102043 ], [ 613286.613615000038408, 4564367.725102 ], [ 613332.947729, 4564280.176161999814212 ], [ 613382.834245000034571, 4564228.961094000376761 ], [ 613549.263459000037983, 4564108.359546000137925 ], [ 613640.887273999978788, 4564030.479608999565244 ], [ 613770.505872, 4563935.815317000262439 ], [ 613822.120301999966614, 4563888.127980999648571 ], [ 613873.200979999965057, 4563810.250625000335276 ], [ 613894.307462000055239, 4563730.183895999565721 ], [ 613883.966441, 4563662.196031999774277 ], [ 613900.674701999989338, 4563639.315372999757528 ], [ 613921.636764000053518, 4563622.175637999549508 ], [ 613942.359521999955177, 4563619.812304999679327 ], [ 613965.267350999987684, 4563621.958312000147998 ], [ 613994.228202000027522, 4563610.762621000409126 ], [ 614028.809583000023849, 4563581.188191999681294 ], [ 614049.044956999947317, 4563499.5980160003528 ], [ 614080.404998000012711, 4563450.340642999857664 ], [ 614097.764684999943711, 4563433.589181000366807 ], [ 614115.039066000026651, 4563421.755717 ], [ 614151.395666999975219, 4563411.165013000369072 ], [ 614196.195665, 4563381.351617 ], [ 614220.24686399998609, 4563367.836748000234365 ], [ 614244.623093000031076, 4563361.944744000211358 ], [ 614292.30567799997516, 4563362.248115999624133 ], [ 614320.661484000040218, 4563353.909148000180721 ], [ 614343.368112999945879, 4563318.686468999832869 ], [ 614370.473623999976553, 4563297.058177 ], [ 614406.798010000027716, 4563289.655202999711037 ], [ 614443.185031999950297, 4563288.949416999705136 ], [ 614492.402955000055954, 4563280.694392000325024 ], [ 614542.877544000046328, 4563257.04636500030756 ], [ 614625.68929999996908, 4563215.11828 ], [ 614646.073155, 4563177.350332000292838 ], [ 614647.103664999944158, 4563140.621658000163734 ], [ 614630.772917, 4563114.21365899965167 ], [ 614605.055551999947056, 4563068.25851 ], [ 614596.87692299997434, 4563016.149655999615788 ], [ 614604.1314339999808, 4562906.217896999791265 ], [ 614616.930122000048868, 4562883.166255 ], [ 614627.198724000016227, 4562861.562854999676347 ], [ 614629.875217000022531, 4562834.276716000400484 ], [ 614645.439863999956287, 4562802.795862999744713 ], [ 614697.669943999964744, 4562757.356007999740541 ], [ 614732.11126100004185, 4562729.659167 ], [ 614755.389294, 4562748.414652000181377 ], [ 614779.537864999962039, 4562786.439175000414252 ], [ 614814.97008, 4562821.498914999887347 ], [ 614821.119162000017241, 4562859.695413 ], [ 614840.003631999948993, 4562884.755994999781251 ], [ 614876.860022000037134, 4562890.589158999733627 ], [ 614917.351111000054516, 4562890.338999000377953 ], [ 614965.553612999967299, 4562880.216590000316501 ], [ 615012.473901, 4562877.49210000038147 ], [ 615059.035025, 4562862.99142299965024 ], [ 615144.302340999944136, 4562819.519790000282228 ], [ 615191.420706999953836, 4562811.19176399987191 ], [ 615203.152647000038996, 4562795.808574000373483 ], [ 615214.284475, 4562746.236107000149786 ], [ 615198.710918999975547, 4562707.001918000169098 ], [ 615213.291129000019282, 4562659.98246799968183 ], [ 615188.841737000038847, 4562591.214311 ], [ 615176.802308000042103, 4562527.83923 ], [ 615181.108862000051886, 4562489.874199000187218 ], [ 615208.976956999977119, 4562458.022506999783218 ], [ 615230.088026999961585, 4562457.867538999766111 ], [ 615246.921662, 4562474.712705000303686 ], [ 615276.45325799996499, 4562484.596242999657989 ], [ 615302.79070600005798, 4562483.80233099963516 ], [ 615324.000910999951884, 4562465.182334000244737 ], [ 615338.750026999972761, 4562442.551376 ], [ 615347.586469999980181, 4562396.085364 ], [ 615365.944702, 4562352.612787 ], [ 615374.637009000056423, 4562307.32160700019449 ], [ 615388.045932000037283, 4562255.99757600016892 ], [ 615429.983404000056908, 4562128.592574999667704 ], [ 615494.388664999976754, 4562074.400600999593735 ], [ 615519.415008999989368, 4562085.524047000333667 ], [ 615539.828744000056759, 4562131.564953000284731 ], [ 615578.478798000025563, 4562140.861267000436783 ], [ 615599.728848999948241, 4562153.690770000219345 ], [ 615692.137225999962538, 4562212.722499 ], [ 615687.333258999977261, 4562249.091467999853194 ], [ 615556.326414000010118, 4562282.85952000040561 ], [ 615554.977032999973744, 4562367.999024 ], [ 615628.075323999975808, 4562411.288669000379741 ], [ 615634.359503000043333, 4562468.75453899987042 ], [ 615576.965462, 4562513.550859999842942 ], [ 615544.417329999967478, 4562580.261993000283837 ], [ 615573.395442, 4562625.539358000271022 ], [ 615728.787679999950342, 4562755.285132000222802 ], [ 615821.846923999954015, 4563014.000811000354588 ], [ 615887.473306, 4563074.198018999770284 ], [ 615946.865501999971457, 4563129.810437000356615 ], [ 616019.923759000026621, 4563231.358544000424445 ], [ 616044.631933000055142, 4563238.992077000439167 ], [ 616127.495769000030123, 4563194.40533799957484 ], [ 616161.620186000014655, 4563203.144287000410259 ], [ 616210.670908999978565, 4563342.844905000180006 ], [ 616256.660574999987148, 4563449.327618 ], [ 616323.76515999995172, 4563641.297957999631763 ], [ 616363.684398000012152, 4563733.348554999567568 ], [ 616403.651470000040717, 4563821.813388000242412 ], [ 616471.808137999963947, 4563947.474243000149727 ], [ 616515.276986000011675, 4564042.258802000433207 ], [ 616572.397694000042975, 4564182.979917 ], [ 616587.40408899995964, 4564207.727974999696016 ], [ 616615.095379999955185, 4564325.247492000460625 ], [ 616695.010776999988593, 4564442.259739999659359 ], [ 616711.219112999970093, 4564553.643752000294626 ], [ 616729.479163000010885, 4564900.08001200016588 ], [ 616891.679014, 4565090.77193299960345 ], [ 616969.253822, 4565188.783431 ], [ 617044.531651000026613, 4565430.131737000308931 ], [ 617036.065874999971129, 4565508.839095000177622 ], [ 617070.649774000048637, 4565631.679910000413656 ], [ 617105.460305999964476, 4565702.288038000464439 ], [ 617115.355244999984279, 4565828.763251 ], [ 617163.338818000047468, 4565920.915741000324488 ], [ 617173.268050999962725, 4565974.833433999679983 ], [ 617175.393267999985255, 4566066.248375999741256 ], [ 617171.210434, 4566158.461315999738872 ], [ 617155.161377000040375, 4566205.686897000297904 ], [ 617089.186897999956273, 4566281.670335999689996 ], [ 617059.568941000034101, 4566334.052620000205934 ], [ 617087.127381999976933, 4566409.752395999617875 ], [ 617090.630005000042729, 4566527.618738000281155 ], [ 617080.666581999976188, 4566587.923752999864519 ], [ 617025.519838999956846, 4566650.167562000453472 ], [ 617012.518487000023015, 4566743.604746 ], [ 616981.566146000055596, 4566822.839285000227392 ], [ 616963.697684000013396, 4566871.823866999708116 ], [ 616923.563879000023007, 4566907.00305400043726 ], [ 616901.468471999978647, 4566995.341655000112951 ], [ 616895.214601999963634, 4567104.522826000116765 ], [ 616904.928183999960311, 4567171.862396 ], [ 616929.686009999946691, 4567253.779830999672413 ], [ 616921.074223999981768, 4567285.889643999747932 ], [ 616922.348152, 4567374.592484000138938 ], [ 616915.42291700001806, 4567413.891943999566138 ], [ 616896.875535, 4567449.417933999560773 ], [ 616924.589165000012144, 4567515.258816 ], [ 616958.853695000056177, 4567565.069903999567032 ], [ 616979.071315999957733, 4567594.056119999848306 ], [ 617033.0768940000562, 4567702.418154999613762 ], [ 617049.345504999975674, 4567752.839890000410378 ], [ 617013.945249999989755, 4567773.769471 ], [ 616917.573484999942593, 4567839.837520999833941 ], [ 616877.947689999942668, 4567871.893435000441968 ], [ 616877.775113999960013, 4567882.640049999579787 ], [ 616856.212199999950826, 4568022.024733999744058 ], [ 616827.442150000017136, 4568035.66586699988693 ], [ 616801.162843000027351, 4568034.57778299972415 ], [ 616772.286456999951042, 4568041.276962 ], [ 616730.770234000054188, 4568084.718957000412047 ], [ 616686.745079000014812, 4568217.247531999833882 ], [ 616677.810933999950066, 4568437.877526000142097 ], [ 616658.212505999952555, 4568455.031062999740243 ], [ 616615.749389, 4568523.755037999711931 ], [ 616608.440045999945141, 4568559.461779000237584 ], [ 616625.858027999987826, 4568594.676424999721348 ], [ 616653.748624, 4568621.097481999546289 ], [ 616653.454421999980696, 4568639.448900000192225 ], [ 616677.700923, 4568725.366371000185609 ], [ 616693.482406000024639, 4568778.455821 ], [ 616696.523312999983318, 4568812.984824 ], [ 616683.136785999988206, 4568862.930270000360906 ], [ 616690.173542, 4568900.65489500015974 ], [ 616691.772399, 4568940.97966399975121 ], [ 616674.032657, 4568982.337968000210822 ], [ 616665.768469, 4569021.160898 ], [ 616666.096666999976151, 4569112.51381800044328 ], [ 616685.485177000053227, 4569136.555604999884963 ], [ 616697.980774999945424, 4569170.336795000359416 ], [ 616721.443597999983467, 4569192.656178999692202 ], [ 616737.233885, 4569218.472676999866962 ], [ 616755.528284, 4569281.419289000332355 ], [ 616751.029883999959566, 4569309.55317800026387 ], [ 616743.972016999963671, 4569329.583943 ], [ 616742.528611000045203, 4569363.141567000187933 ], [ 616734.150716, 4569381.374396 ], [ 616724.495157000026666, 4569394.645116000436246 ], [ 616716.03843199997209, 4569417.796106999740005 ], [ 616711.633573999977671, 4569440.1126260003075 ], [ 616710.471560999983922, 4569456.662282000295818 ], [ 616712.924530999967828, 4569471.92626 ], [ 616715.004257000051439, 4569482.253738 ], [ 616715.254223000025377, 4569494.350831000134349 ], [ 616710.025103, 4569512.167805000208318 ], [ 616697.522829000023194, 4569535.253909000195563 ], [ 616684.21661799994763, 4569552.052949000149965 ], [ 616675.946793999988586, 4569563.569193 ], [ 616664.339942, 4569614.420501000247896 ], [ 616663.2282529999502, 4569627.839429000392556 ], [ 616654.542376999976113, 4569637.094755000434816 ], [ 616652.167072999989614, 4569644.67452699970454 ], [ 616646.594674000050873, 4569656.222953000105917 ], [ 616644.090316000045277, 4569671.85160700045526 ], [ 616640.202719999942929, 4569690.145433000288904 ], [ 616642.032354000024498, 4569716.592992000281811 ], [ 616647.375140000018291, 4569747.572107999585569 ], [ 616643.0225700000301, 4569752.543871000409126 ], [ 616638.631259000045247, 4569753.139739000238478 ], [ 616635.71583, 4569759.922417 ], [ 616647.885564, 4569771.644307999871671 ], [ 616648.126000000047497, 4569784.862828000448644 ], [ 616649.039818000048399, 4569793.183844000101089 ], [ 616619.850038000033237, 4570090.534388000145555 ], [ 616602.944737000041641, 4570135.937234999611974 ], [ 616610.289130000048317, 4570182.617265 ], [ 616633.654465000028722, 4570238.504661999642849 ], [ 616620.199088, 4570292.902137000113726 ], [ 616626.747416, 4570333.306351000443101 ], [ 616651.346937000053003, 4570368.61428300011903 ], [ 616663.946664000046439, 4570423.440770000219345 ], [ 616658.021795999957249, 4570456.471261999569833 ], [ 616649.279274999978952, 4570497.518627 ], [ 616674.621745000011288, 4570598.212406000122428 ], [ 616682.057049999944866, 4570695.021006000228226 ], [ 616704.652562999981456, 4570799.246624999679625 ], [ 616787.439573999959975, 4570848.926039 ], [ 616868.223465000046417, 4570911.111557000316679 ], [ 616927.435563000035472, 4570973.839480999857187 ], [ 617037.038223000010476, 4571143.918379000388086 ], [ 617105.920636, 4571274.842763000167906 ], [ 617174.117409000056796, 4571402.414318 ], [ 617157.545761000015773, 4571405.745209 ], [ 617117.485394999966957, 4571394.105980000458658 ], [ 617074.618438999983482, 4571377.291354999877512 ], [ 617026.00951400003396, 4571326.381633999757469 ], [ 616983.850606000050902, 4571321.227908999659121 ], [ 616910.935204999987036, 4571329.005489000119269 ], [ 616871.573569, 4571317.623185999691486 ], [ 616800.086185000021942, 4571292.310325999744236 ], [ 616741.162326000048779, 4571268.077188 ] ], [ [ 621202.382303999969736, 4568137.204415 ], [ 621208.193420000025071, 4568056.479078999720514 ], [ 621219.759838999947533, 4568010.097393999807537 ], [ 621195.009699000045657, 4567984.599039000459015 ], [ 621111.683432, 4568020.835635 ], [ 621037.773108000052162, 4568032.143597000278533 ], [ 620895.166764999972656, 4567956.32506600022316 ], [ 620784.930965999956243, 4567881.046575999818742 ], [ 620744.705056000035256, 4567812.30573199968785 ], [ 620714.546113000018522, 4567679.234526 ], [ 620725.566696000052616, 4567448.312149999663234 ], [ 620746.122481000027619, 4567347.431473 ], [ 620802.264931999961846, 4567215.780918999575078 ], [ 620764.332108999951743, 4567171.264801999554038 ], [ 620742.765635999967344, 4567116.259638000279665 ], [ 620711.940689999959432, 4567077.225410999730229 ], [ 620665.905921000055969, 4567033.463928 ], [ 620614.251809000037611, 4567003.046632000245154 ], [ 620543.460272000054829, 4566988.43719 ], [ 620485.823752, 4566939.110043000429869 ], [ 620450.570980999968015, 4566895.528455000370741 ], [ 620407.661292999982834, 4566825.834908000193536 ], [ 620440.60685400001239, 4566628.401317999698222 ], [ 620437.922142000054009, 4566572.810112000443041 ], [ 620406.448393000056967, 4566518.530686999671161 ], [ 620400.561705, 4566439.599568 ], [ 620356.847268000012264, 4566363.618913000449538 ], [ 620188.576248000026681, 4565988.137085 ], [ 620105.891858999966644, 4565875.668588999658823 ], [ 620052.566513000056148, 4565837.166028999723494 ], [ 620006.165729, 4565814.891156 ], [ 619962.156409000046551, 4565756.831652999855578 ], [ 619893.080391000024974, 4565691.186026999726892 ], [ 619883.857324999989942, 4565596.054271999746561 ], [ 619876.188114000018686, 4565405.979328 ], [ 619923.866102, 4565241.890224000439048 ], [ 619981.350686999969184, 4565137.107409999705851 ], [ 619995.405552000040188, 4565103.28029500041157 ], [ 619998.158168999943882, 4565045.091729000210762 ], [ 619965.668696, 4564942.403006999753416 ], [ 619981.623881999985315, 4564847.674793000333011 ], [ 619975.614140999969095, 4564802.778822000138462 ], [ 620022.039987999945879, 4564769.48490700032562 ], [ 620045.021705999970436, 4564739.40291600022465 ], [ 620105.743842000025325, 4564712.175138000398874 ], [ 620170.74383199994918, 4564697.566909000277519 ], [ 620182.177083999966271, 4564686.55069 ], [ 620203.4194210000569, 4564707.067572000436485 ], [ 620224.262972000055015, 4564725.323652000166476 ], [ 620245.898509999969974, 4564749.434031000360847 ], [ 620288.255370000028051, 4564717.418288 ], [ 620313.389898999943398, 4564720.5318 ], [ 620298.318852999946102, 4564761.948424999602139 ], [ 620303.754170999978669, 4564786.679895999841392 ], [ 620322.283145, 4564808.496036999858916 ], [ 620360.304174000048079, 4564821.217292999848723 ], [ 620393.601854, 4564820.42378699965775 ], [ 620415.398654000018723, 4564807.336009000428021 ], [ 620454.828266000025906, 4564789.620345000177622 ], [ 620474.038259000051767, 4564770.22681 ], [ 620485.300460999947973, 4564769.069362999871373 ], [ 620495.175990000017919, 4564797.006013000383973 ], [ 620520.74873899994418, 4564828.345026000402868 ], [ 620558.220222000032663, 4564901.102396000176668 ], [ 620593.5416640000185, 4564941.120484 ], [ 620621.418869000044651, 4564941.582004999741912 ], [ 620636.055219999980181, 4564818.160221000202 ], [ 620665.74967699998524, 4564763.094182999804616 ], [ 620683.573879000032321, 4564745.910310000181198 ], [ 620680.675345, 4564676.423375999554992 ], [ 620702.971266999957152, 4564661.101502999663353 ], [ 620732.835957000032067, 4564677.28755799960345 ], [ 620770.01280200004112, 4564632.195949000306427 ], [ 620925.568088000058196, 4564636.119815999642015 ], [ 620986.843992999987677, 4564439.991608000360429 ], [ 621000.243790999986231, 4564418.70391200017184 ], [ 621059.199916000012308, 4564389.666632999666035 ], [ 621057.425082999980077, 4564306.738975999876857 ], [ 621031.198918999987654, 4564044.171964 ], [ 621004.1322, 4563940.657865 ], [ 620973.602174, 4563829.024266 ], [ 621081.548307999968529, 4563666.808654 ], [ 621202.188698000041768, 4563499.41971 ], [ 621203.270385000039823, 4563326.456616999581456 ], [ 621252.993345999973826, 4563267.261610000394285 ], [ 621251.08341299998574, 4563102.288727999664843 ], [ 621249.770121, 4563018.902401000261307 ], [ 621264.75026500003878, 4562929.523949 ], [ 621287.009763999958523, 4562889.561278999783099 ], [ 621302.120709000038914, 4562846.792329999618232 ], [ 621429.795218999963254, 4562744.043199 ], [ 621684.826463000033982, 4562774.29226899985224 ], [ 621707.477260999963619, 4562764.809217999689281 ], [ 621714.737008000025526, 4562534.41450999956578 ], [ 621712.399744000053033, 4562416.196976000443101 ], [ 621709.692808000021614, 4562254.797399999573827 ], [ 621650.649301000055857, 4562126.527609 ], [ 621577.766236, 4561963.946704999543726 ], [ 621495.304338000016287, 4561944.648993000388145 ], [ 621477.024938000016846, 4561907.587260999716818 ], [ 621481.712045999942347, 4561842.224219 ], [ 621519.051895000040531, 4561761.269825999625027 ], [ 621553.46193, 4561694.603183000348508 ], [ 621594.110239999950863, 4561631.627576 ], [ 621652.04334099998232, 4561611.083564000204206 ], [ 621786.49744099995587, 4561589.11897400021553 ], [ 621870.720557000022382, 4561611.147765000350773 ], [ 621943.868349, 4561596.235081000253558 ], [ 621983.077585999970324, 4561511.716114999726415 ], [ 622030.4246320000384, 4561424.657209999859333 ], [ 622035.827578000025824, 4561370.955407000146806 ], [ 622026.496346, 4561282.9372049998492 ], [ 622069.986279999953695, 4561211.938317 ], [ 622164.44748700002674, 4560971.488207999616861 ], [ 622202.960090999957174, 4560849.268534 ], [ 622141.946796, 4560804.31562399957329 ], [ 622166.85902500001248, 4560747.353724 ], [ 622160.804383, 4560679.101498000323772 ], [ 622106.84747299994342, 4560568.81482 ], [ 622117.346797000034712, 4560479.329574 ], [ 622142.966995000024326, 4560347.054883999750018 ], [ 622262.493675000034273, 4560304.226444000378251 ], [ 622339.67379799997434, 4560174.748797999694943 ], [ 622358.811708000022918, 4560142.643384999595582 ], [ 622359.944664999959059, 4560108.603625000454485 ], [ 622362.440635, 4560033.309775999747217 ], [ 622359.288315000012517, 4560023.17365499958396 ], [ 622329.300907999975607, 4559926.757762 ], [ 622300.518502000020817, 4559801.445072 ], [ 622735.657083000056446, 4559892.515673000365496 ], [ 622840.472595000057481, 4559889.948564999736845 ], [ 622883.989243000047281, 4559850.181593 ], [ 622935.628189999959432, 4559777.525615000165999 ], [ 623015.661831, 4559728.657865 ], [ 623248.601924999966286, 4559740.650715 ], [ 623397.928405000013299, 4559799.665341 ], [ 623612.38167000003159, 4559892.967794000171125 ], [ 623658.638924999977462, 4560031.853156000375748 ], [ 623721.994377000024542, 4560223.055719000287354 ], [ 623990.637773999944329, 4560093.079035 ], [ 624116.374941000016406, 4560003.75596799980849 ], [ 624158.191911999951117, 4560190.97616 ], [ 624148.768645999953151, 4560321.732874000445008 ], [ 624157.325468000024557, 4560417.392773999832571 ], [ 624166.917205999954604, 4560524.686179 ], [ 624162.907191999955103, 4560756.83514 ], [ 624231.619118000031449, 4560768.765776 ], [ 624275.299806999973953, 4560766.822383999824524 ], [ 624331.008176999981515, 4560745.80589499976486 ], [ 624348.366002999944612, 4560810.211156000383198 ], [ 624352.399302999954671, 4560890.524942999705672 ], [ 624360.409303999971598, 4561027.386803000234067 ], [ 624440.779651000048034, 4561011.722362999804318 ], [ 624458.692369000054896, 4561016.958623999729753 ], [ 624469.571134999976493, 4561038.665845000185072 ], [ 624458.643030000035651, 4561099.001904999837279 ], [ 624461.697743, 4561130.881112 ], [ 624459.474185000057332, 4561155.496388000436127 ], [ 624453.179695999948308, 4561208.282355999574065 ], [ 624485.3622360000154, 4561273.385254999622703 ], [ 624534.382640999974683, 4561354.023060999810696 ], [ 624571.914818000048399, 4561527.692049000412226 ], [ 624586.90012, 4561651.669607000425458 ], [ 624685.885729999979958, 4561915.130248 ], [ 624712.234845999977551, 4562058.125695000402629 ], [ 624707.407834999961779, 4562393.305754999630153 ], [ 624714.780118, 4562540.885285000316799 ], [ 624713.898912, 4562644.858325 ], [ 624703.278992000035942, 4562735.694034 ], [ 624704.942798999953084, 4562800.220905000343919 ], [ 624704.506145, 4562878.204548999667168 ], [ 624706.347381999948993, 4562928.431102000176907 ], [ 624714.308864000020549, 4563041.506199000403285 ], [ 624721.105841999989934, 4563166.255087000317872 ], [ 624746.742738, 4563880.086352 ], [ 624766.280053999973461, 4564263.103453 ], [ 624807.309909999952652, 4564283.528818000108004 ], [ 624859.941162999952212, 4564309.516992 ], [ 624976.128748000017367, 4564353.630676000379026 ], [ 625059.537466999958269, 4564368.510100999847054 ], [ 625054.521866000024602, 4564398.885440999642015 ], [ 625016.356666999985464, 4564473.512314000166953 ], [ 624988.221621999982744, 4564540.237979000434279 ], [ 624959.758539999951608, 4564573.8092489996925 ], [ 624923.268477999954484, 4564603.656025 ], [ 624902.765021999948658, 4564645.415210000239313 ], [ 624859.964660000056028, 4564693.211067999713123 ], [ 624790.665363, 4564835.268968 ], [ 624700.460228999960236, 4564954.703768 ], [ 624664.06523800001014, 4564979.167379000224173 ], [ 624640.021297, 4565017.290788999758661 ], [ 624628.107245999970473, 4565051.612824000418186 ], [ 624572.126014000037685, 4565200.718992000445724 ], [ 624527.981722999946214, 4565257.311122000217438 ], [ 624422.30567799997516, 4565335.262361999601126 ], [ 624349.191945999977179, 4565403.010003999806941 ], [ 624343.534648000029847, 4565418.138554999604821 ], [ 624331.998819999978878, 4565461.851303 ], [ 624311.011726, 4565532.277161999605596 ], [ 624296.117008000030182, 4565561.595917999744415 ], [ 624181.725702999974601, 4565724.322547 ], [ 623956.379549999954179, 4566082.699248 ], [ 623796.791571, 4566363.053810000419617 ], [ 623739.525417999946512, 4566451.676471999846399 ], [ 623710.931784000014886, 4566494.189599 ], [ 623681.972694, 4566504.44739199988544 ], [ 623625.332520000054501, 4566556.345824000425637 ], [ 623517.846228, 4566636.94371800031513 ], [ 623495.508838, 4566681.362785999663174 ], [ 623459.051107999985106, 4566763.166540999896824 ], [ 623433.257146000047214, 4566852.31402499973774 ], [ 623420.650030000018887, 4566906.748486000113189 ], [ 623424.650350000010803, 4567042.087516999803483 ], [ 623439.904358000028878, 4567096.994347999803722 ], [ 623438.841353000025265, 4567159.686840999871492 ], [ 623436.897025999962352, 4567221.464882999658585 ], [ 623422.747909000026993, 4567313.486194999888539 ], [ 623411.136612999951467, 4567414.523485000245273 ], [ 623412.969152000034228, 4567465.615836 ], [ 623376.287466999958269, 4567507.98189099971205 ], [ 623236.433850000030361, 4567536.07410900015384 ], [ 623184.955666000023484, 4567549.539435000158846 ], [ 623131.676463000010699, 4567562.963546000421047 ], [ 623062.902753000031225, 4567588.674816000275314 ], [ 622934.301662000012584, 4567642.937769999727607 ], [ 622783.122056000051089, 4567699.831493999809027 ], [ 622736.125466000055894, 4567717.528815000317991 ], [ 622709.341311000054702, 4567812.913987999781966 ], [ 622656.12231, 4567929.364230000413954 ], [ 622598.160085999988951, 4567954.362402999773622 ], [ 622535.291928000049666, 4567949.716741000302136 ], [ 622481.482045999960974, 4567941.648228 ], [ 622439.744003999978304, 4567964.233261999674141 ], [ 622381.096828000037931, 4568029.532959000207484 ], [ 622291.479155999957584, 4568011.902025000192225 ], [ 622249.062316, 4567968.190673000179231 ], [ 622088.966121, 4567970.878159999847412 ], [ 621987.738697999971919, 4567949.336091999895871 ], [ 622000.732308999984525, 4567924.611983000300825 ], [ 621851.084734000032768, 4567894.342492000199854 ], [ 621659.377591000054963, 4567905.460961 ], [ 621614.990391000057571, 4567871.581791999749839 ], [ 621583.066221000044607, 4567898.822057999670506 ], [ 621498.347612999961711, 4567910.844379999674857 ], [ 621432.840740000014193, 4567956.325509999878705 ], [ 621395.859392000013031, 4568017.519004999659956 ], [ 621335.339393, 4568034.411041 ], [ 621276.966219000052661, 4568138.235921000130475 ], [ 621151.682357999961823, 4568254.96151200029999 ], [ 621180.595473999972455, 4568202.016793999820948 ], [ 621202.382303999969736, 4568137.204415 ] ], [ [ 591981.721295000053942, 4567782.471892000176013 ], [ 591901.323694000020623, 4567742.050002000294626 ], [ 591811.958391999942251, 4567699.728241000324488 ], [ 591762.042252999963239, 4567665.965977 ], [ 591727.339313999982551, 4567637.758756999857724 ], [ 591681.845236000022851, 4567609.426879 ], [ 591608.508454, 4567578.946054000407457 ], [ 591584.640308000030927, 4567547.300605 ], [ 591538.976184000028297, 4567532.402707000263035 ], [ 591492.291794999968261, 4567527.329943000338972 ], [ 591452.146668000030331, 4567502.642102999612689 ], [ 591402.272571000037715, 4567465.296515 ], [ 591376.323675, 4567455.121949999593198 ], [ 591359.530080999946222, 4567432.526587000116706 ], [ 591331.911792000057176, 4567412.471369000151753 ], [ 591308.578925000037998, 4567409.491604999639094 ], [ 591299.858785000047646, 4567387.885944999754429 ], [ 591265.903199999942444, 4567371.337917 ], [ 591241.979554999968968, 4567343.279381999745965 ], [ 591219.688842999981716, 4567328.66545999981463 ], [ 591187.402250000042841, 4567321.998586 ], [ 591129.10421200003475, 4567311.41976 ], [ 591080.022940000053495, 4567282.136393999680877 ], [ 591022.836461000028066, 4567253.662498 ], [ 590997.723995, 4567248.873844999819994 ], [ 590948.563420000020415, 4567225.863842000253499 ], [ 590919.172594, 4567204.000453 ], [ 590886.156438000034541, 4567183.890680000185966 ], [ 590861.423745000036433, 4567148.650547999888659 ], [ 590852.880821999977343, 4567112.71316900011152 ], [ 590835.780721000046469, 4566970.098368000239134 ], [ 590839.059744999976829, 4566923.560428 ], [ 590837.434501999989152, 4566837.5552599998191 ], [ 590824.209984999964945, 4566744.243691000156105 ], [ 590803.580958000035025, 4566668.749626999720931 ], [ 590776.818045999971218, 4566579.732931000180542 ], [ 590754.82837, 4566537.343562999740243 ], [ 590729.396789000020362, 4566488.682368 ], [ 590714.180128999985754, 4566483.118721 ], [ 590708.188594999955967, 4566458.860853999853134 ], [ 590684.471810000017285, 4566413.774291000328958 ], [ 590652.501314, 4566382.031277 ], [ 590619.893194, 4566328.773187999613583 ], [ 590583.436816000030376, 4566270.881686000153422 ], [ 590559.052660000044852, 4566232.171736000105739 ], [ 590514.817711999989115, 4566174.294916000217199 ], [ 590510.548863, 4566156.332081000320613 ], [ 590467.702078999951482, 4566058.156422999687493 ], [ 590440.242894000024535, 4566024.671725999563932 ], [ 590423.57655200001318, 4565991.321150000207126 ], [ 590368.59395, 4565857.164872 ], [ 590357.726319, 4565790.742842 ], [ 590303.315417999983765, 4565682.576170000247657 ], [ 590266.740085000055842, 4565658.827875000424683 ], [ 590234.819940999965183, 4565622.601741 ], [ 590191.475394999957643, 4565564.727047 ], [ 590160.639556, 4565513.291977000422776 ], [ 590140.289658, 4565486.158846000209451 ], [ 590134.273151000030339, 4565463.688900999724865 ], [ 590088.870184, 4565426.397249000146985 ], [ 590039.860567, 4565317.400233999826014 ], [ 589926.162535000010394, 4565057.975963000208139 ], [ 589859.957984999986365, 4564884.257694999687374 ], [ 589835.300736999954097, 4564841.838611000217497 ], [ 589809.671658999985084, 4564804.792759999632835 ], [ 589772.281724, 4564773.875457 ], [ 589776.658234999980778, 4564769.721225 ], [ 589964.264046999975108, 4564591.939357000403106 ], [ 590006.860618000035174, 4564494.545106000266969 ], [ 590041.678117000032216, 4564479.297400999814272 ], [ 590152.362290999968536, 4564438.107017000205815 ], [ 590202.187638, 4564409.155492000281811 ], [ 590488.094140999950469, 4564272.032273000106215 ], [ 590591.774969000020064, 4564251.824520999565721 ], [ 590609.057550000026822, 4564235.906232999637723 ], [ 590646.931864000041969, 4564155.74469 ], [ 590659.497981, 4564103.881771000102162 ], [ 590737.608247000025585, 4564096.837403000332415 ], [ 590823.592305000056513, 4564054.005916000343859 ], [ 590941.065950999967754, 4564009.769597999751568 ], [ 591024.49872100003995, 4563955.261141000315547 ], [ 591130.808755, 4563868.77324999962002 ], [ 591164.388542999979109, 4563845.010103000327945 ], [ 591214.188437000033446, 4563818.751991 ], [ 591284.679048000019975, 4563791.853989000432193 ], [ 591411.371901000034995, 4563733.716976 ], [ 591322.267760999966413, 4563448.231096999719739 ], [ 591218.994216999970376, 4563075.052535999566317 ], [ 591163.060043000034057, 4562872.72675700020045 ], [ 591154.737048999988474, 4562818.849091 ], [ 591139.803437000024132, 4562718.287991000339389 ], [ 591132.109096999978647, 4562541.648420999757946 ], [ 591126.65084899996873, 4562330.971784999594092 ], [ 591114.552535000024363, 4562218.787777000106871 ], [ 591079.559926999965683, 4562067.77808600012213 ], [ 591019.100350999971852, 4561793.658885000273585 ], [ 591033.642053000046872, 4561782.193009999580681 ], [ 591049.215271000051871, 4561759.980908 ], [ 591056.767344000050798, 4561731.395286000333726 ], [ 591052.978189000044949, 4561674.876400000415742 ], [ 591045.672903000027873, 4561611.151971999555826 ], [ 591019.339890999952331, 4561486.232753000222147 ], [ 591013.680272000026889, 4561435.075693000108004 ], [ 591009.957588, 4561373.183687999844551 ], [ 591016.680676999967545, 4561341.822962 ], [ 591029.215658999979496, 4561325.912893 ], [ 591033.394431, 4561297.50722 ], [ 591038.526430999976583, 4561264.627702999860048 ], [ 591035.924402000033297, 4561238.602331999689341 ], [ 591035.85468500002753, 4561208.578064000234008 ], [ 591027.37454600003548, 4561203.309171999804676 ], [ 591035.047295999946073, 4561165.087357999756932 ], [ 591041.356082999962382, 4561127.969963000155985 ], [ 591058.532791999983601, 4561049.306363999843597 ], [ 591071.919880999950692, 4560950.420745000243187 ], [ 591086.586920000030659, 4560892.788884 ], [ 591100.873704000026919, 4560865.619821 ], [ 591108.089278999948874, 4560792.205942999571562 ], [ 591121.526551999966614, 4560760.551667000167072 ], [ 591136.255832999944687, 4560704.708313000388443 ], [ 591136.502286999952048, 4560703.778714000247419 ], [ 591153.887426999979652, 4560619.322005 ], [ 591161.109367000055499, 4560545.453029000200331 ], [ 591140.298378000035882, 4560374.423953000456095 ], [ 591272.166453000041656, 4560047.958391999825835 ], [ 591303.949786999961361, 4559953.322776 ], [ 591331.844135000021197, 4559881.955571999773383 ], [ 591329.650183000019751, 4559733.554511000402272 ], [ 591309.858374999952503, 4559625.271588999778032 ], [ 591291.469531, 4559512.076438999734819 ], [ 591293.185443000053056, 4559374.916550000198185 ], [ 591403.546956000034697, 4559474.029369999654591 ], [ 591434.692904000054114, 4559502.211155000142753 ], [ 591460.29955, 4559541.982132 ], [ 591501.027062, 4559595.388921 ], [ 591551.79939599998761, 4559601.632934000343084 ], [ 591608.817099999985658, 4559611.530977999791503 ], [ 591678.941054999944754, 4559617.79678799957037 ], [ 591715.070987000013702, 4559607.03645099978894 ], [ 591727.001952999969944, 4559588.810410999692976 ], [ 591738.553346000029705, 4559564.750369999557734 ], [ 591743.231994000030681, 4559550.907823000103235 ], [ 591746.568684999947436, 4559535.716008 ], [ 591752.127905, 4559523.228040999732912 ], [ 591763.493524000048637, 4559513.95533400028944 ], [ 591779.649713000049815, 4559517.30076100025326 ], [ 591807.573776999954134, 4559515.409152000211179 ], [ 591829.555994999944232, 4559521.070864000357687 ], [ 591845.962022, 4559540.552725000306964 ], [ 591864.491613000049256, 4559569.92112 ], [ 591882.380419999943115, 4559578.218473000451922 ], [ 591898.853985000052489, 4559592.316195 ], [ 591912.216020000050776, 4559603.6988589996472 ], [ 591932.56267100002151, 4559631.29158900026232 ], [ 591981.62534200004302, 4559665.986037 ], [ 592028.015357999945991, 4559698.393141999840736 ], [ 592061.830290999962017, 4559728.854248999617994 ], [ 592074.671123999985866, 4559745.604670999571681 ], [ 592100.061165999970399, 4559765.644650000147521 ], [ 592125.431000999989919, 4559787.938447999767959 ], [ 592159.046997, 4559798.222730999812484 ], [ 592177.735910000046715, 4559815.491347 ], [ 592192.382471999968402, 4559831.365431999787688 ], [ 592215.835702999960631, 4559826.731916000135243 ], [ 592257.397614000015892, 4559814.255279 ], [ 592280.061239999951795, 4559801.095708999782801 ], [ 592337.422395, 4559784.333595000207424 ], [ 592308.676981, 4559851.211818999610841 ], [ 592297.443753, 4559885.145921999588609 ], [ 592302.595424999948591, 4559904.930657999590039 ], [ 592336.867669999948703, 4559899.090903 ], [ 592349.987668000045232, 4559928.836307999677956 ], [ 592323.624263999983668, 4559950.020983000285923 ], [ 592345.209889000048861, 4560022.010773000307381 ], [ 592381.614655000041239, 4560061.022520000115037 ], [ 592371.253100999980234, 4560097.654573 ], [ 592358.157317999983206, 4560136.927937 ], [ 592367.735606999951415, 4560162.153908999636769 ], [ 592386.22167, 4560194.6654669996351 ], [ 592450.416341, 4560242.090614000335336 ], [ 592464.693692, 4560251.243079000152647 ], [ 592466.110523000010289, 4560281.739795999601483 ], [ 592486.35644, 4560316.960958000272512 ], [ 592519.274989999947138, 4560346.95775 ], [ 592543.081051000044681, 4560385.810629 ], [ 592546.087515000021085, 4560432.460754999890924 ], [ 592571.835687999962829, 4560459.679832000285387 ], [ 592561.519150999956764, 4560492.725828999653459 ], [ 592538.857087000040337, 4560505.884513 ], [ 592535.770205999957398, 4560536.3241360001266 ], [ 592581.670083999983035, 4560536.007148999720812 ], [ 592595.389361000037752, 4560589.066697999835014 ], [ 592588.408779000048526, 4560642.773993999697268 ], [ 592639.458145000040531, 4560662.242371000349522 ], [ 592643.748126000049524, 4560678.430076999589801 ], [ 592695.887943999958225, 4560682.678856999613345 ], [ 592724.722268000012264, 4560679.458933999761939 ], [ 592762.452048999955878, 4560684.424406000413001 ], [ 592754.709944, 4560727.351607999764383 ], [ 592755.003169000032358, 4560774.866763000376523 ], [ 592765.302562, 4560814.437001000158489 ], [ 592782.944890000042506, 4560842.453195 ], [ 592768.352780999965034, 4560857.512559999711812 ], [ 592768.930949999950826, 4560882.613591999746859 ], [ 592782.249406000017188, 4560897.128584999591112 ], [ 592776.59826899995096, 4560916.776339 ], [ 592789.011000000056811, 4560931.279826999641955 ], [ 592801.899168999982066, 4560978.94414099957794 ], [ 592816.331340000033379, 4560976.440756999887526 ], [ 592820.381107999943197, 4561011.45690600015223 ], [ 592839.307857000036165, 4561009.010769000276923 ], [ 592855.246353999944404, 4561029.821579 ], [ 592841.494746000040323, 4561049.36616799980402 ], [ 592874.568194000050426, 4561066.819860000163317 ], [ 592853.313799, 4561110.474317000247538 ], [ 592868.220735999988392, 4561141.142962000332773 ], [ 592899.490849999943748, 4561158.573822 ], [ 592903.617054000031203, 4561188.20586199965328 ], [ 592910.549022000050172, 4561208.913197999820113 ], [ 592908.175402999971993, 4561253.696324000135064 ], [ 592924.713314999942668, 4561297.832116999663413 ], [ 592978.437369000050239, 4561318.236502000130713 ], [ 592951.837090000044554, 4561358.23613 ], [ 592965.134578000055626, 4561373.639510000124574 ], [ 593005.766474999953061, 4561362.498982000164688 ], [ 593026.969411000027321, 4561393.248293000273407 ], [ 593029.463637999957427, 4561409.413377 ], [ 593029.052104, 4561441.674664 ], [ 593013.517689, 4561460.307916999794543 ], [ 593020.540533000021242, 4561473.843732999637723 ], [ 593045.065842999960296, 4561526.142819999717176 ], [ 593064.542458000010811, 4561551.485081000253558 ], [ 593094.627151999971829, 4561591.308438000269234 ], [ 593140.730850999942049, 4561644.782766000367701 ], [ 593145.675871000043117, 4561679.799522000364959 ], [ 593120.51551199995447, 4561747.597718000411987 ], [ 593098.372806999948807, 4561791.229047000408173 ], [ 593066.399713000049815, 4561828.472632000222802 ], [ 593021.08198999997694, 4561854.775777 ], [ 592980.290438, 4561879.304843000136316 ], [ 592980.985829000012018, 4561900.399116000160575 ], [ 592989.358850999968126, 4561925.077771999873221 ], [ 592993.040613000048324, 4561936.8832550002262 ], [ 593015.953133999952115, 4561974.816124999895692 ], [ 593039.819625, 4562008.286566000431776 ], [ 593043.890633999952115, 4562041.493358000181615 ], [ 593072.147866999963298, 4562083.081042 ], [ 593065.439487, 4562115.261989999562502 ], [ 593096.35022200003732, 4562160.470065999776125 ], [ 593143.596014, 4562195.13882299978286 ], [ 593159.014671999961138, 4562185.475960000418127 ], [ 593187.316499999957159, 4562223.478295000270009 ], [ 593211.376229000044987, 4562241.706802000291646 ], [ 593244.549511000048369, 4562250.203187 ], [ 593259.681632000021636, 4562262.943621999584138 ], [ 593247.848400000017136, 4562273.540403 ], [ 593283.820455000037327, 4562328.05214099958539 ], [ 593319.670462999958545, 4562356.025270000100136 ], [ 593333.105282000033185, 4562430.57926 ], [ 593349.471954999957234, 4562452.296191000379622 ], [ 593368.44059000001289, 4562481.663454 ], [ 593376.05733700003475, 4562519.401716000400484 ], [ 593387.852622000034899, 4562546.445371 ], [ 593391.632187000010163, 4562567.55704400036484 ], [ 593414.76191, 4562587.562022999860346 ], [ 593444.012185, 4562621.9912 ], [ 593459.90230800001882, 4562645.50105999968946 ], [ 593462.597793999942951, 4562662.201911999844015 ], [ 593463.234722999972291, 4562666.151807 ], [ 593483.546236000023782, 4562695.99186799954623 ], [ 593499.62003, 4562705.158506999723613 ], [ 593515.417926999973133, 4562735.829053999856114 ], [ 593523.275012, 4562754.750223999843001 ], [ 593539.141641999944113, 4562780.04763500019908 ], [ 593551.200083, 4562821.78486 ], [ 593549.252749999985099, 4562833.052096 ], [ 593558.773995999945328, 4562862.753932000137866 ], [ 593570.560834, 4562925.628723000176251 ], [ 593559.625040999962948, 4562936.247615999542177 ], [ 593581.695041000028141, 4562968.786504999734461 ], [ 593575.007992999977432, 4562999.179688000120223 ], [ 593599.581526000052691, 4563046.984748000279069 ], [ 593620.650334, 4563087.583146999590099 ], [ 593642.409629, 4563074.416349000297487 ], [ 593683.262248000013642, 4563115.269134 ], [ 593723.355601000017487, 4563145.364230999723077 ], [ 593767.823635000037029, 4563185.364628000184894 ], [ 593808.525038999971002, 4563237.86377300042659 ], [ 593832.222328, 4563248.694915000349283 ], [ 593899.316683999961242, 4563242.619302 ], [ 593939.928284000023268, 4563232.383329999633133 ], [ 593985.453356000012718, 4563259.851785000413656 ], [ 594040.511542, 4563315.22448300011456 ], [ 594064.253157000057399, 4563357.657530999742448 ], [ 594099.865423999959603, 4563385.887091999873519 ], [ 594106.852551999967545, 4563472.007252999581397 ], [ 594114.991026, 4563538.422479 ], [ 594117.742576000047848, 4563603.868770999833941 ], [ 594143.861166000016965, 4563670.516281000338495 ], [ 594153.73165600001812, 4563742.339165999554098 ], [ 594164.473380999988876, 4563761.642618999816477 ], [ 594174.83011500001885, 4563780.241592000238597 ], [ 594218.090794999967329, 4563825.592358999885619 ], [ 594262.128236999968067, 4563871.775109999813139 ], [ 594278.662873000022955, 4563889.110636999830604 ], [ 594299.225894000031985, 4563898.337245999835432 ], [ 594339.169432000024244, 4563870.184951 ], [ 594459.251354999956675, 4563904.895645 ], [ 594588.190057000028901, 4563949.572146000340581 ], [ 594585.259857999975793, 4564036.452587 ], [ 594647.856900000013411, 4564065.03534 ], [ 594691.804821999976411, 4564074.566873 ], [ 594717.578392999945208, 4564098.208186999894679 ], [ 594774.496728, 4564148.225816000252962 ], [ 594797.89700300002005, 4564177.044127999804914 ], [ 594817.872787000029348, 4564201.654126999899745 ], [ 594922.690042000031099, 4564371.470913000404835 ], [ 594967.527082000044174, 4564450.901572000235319 ], [ 594986.796135999960825, 4564469.817849 ], [ 595020.183532000053674, 4564488.61849999986589 ], [ 595130.371618999983184, 4564607.865276000462472 ], [ 595221.764306999975815, 4564719.884009 ], [ 595073.719485, 4565203.976181999780238 ], [ 595260.428739, 4565367.672975 ], [ 595318.077495999983512, 4565429.352583999745548 ], [ 595353.073301999946125, 4565504.160333000123501 ], [ 595365.724568999954499, 4565567.938489999622107 ], [ 595385.068117000046186, 4565601.336044000461698 ], [ 595426.860469999955967, 4565637.714828999713063 ], [ 595491.355338, 4565725.456987 ], [ 595551.180448999977671, 4565757.598239 ], [ 595647.621964000049047, 4565809.03033300023526 ], [ 595788.690913000027649, 4565886.133688 ], [ 595862.324738999945112, 4566030.428227 ], [ 595868.156164000043646, 4566270.576643000356853 ], [ 595862.603999000042677, 4566419.203444000333548 ], [ 596206.780430000042543, 4566979.081235 ], [ 596173.830773000023328, 4567057.015526000410318 ], [ 596117.81939900002908, 4567179.426493000239134 ], [ 596102.046365999965928, 4567216.393309 ], [ 596081.682293000048958, 4567260.905566000379622 ], [ 596058.981914, 4567311.660615 ], [ 596019.792976, 4567386.370880999602377 ], [ 595993.206163999973796, 4567424.982966000214219 ], [ 595961.667189000057988, 4567464.873397000133991 ], [ 595883.896082, 4567567.290195999667048 ], [ 595855.429282000055537, 4567612.595702 ], [ 595763.957443000050262, 4567731.844091 ], [ 595701.787319, 4567811.183636999689043 ], [ 595667.915654000011273, 4567857.307054 ], [ 595636.889059999957681, 4567892.275522000156343 ], [ 595620.014886999968439, 4567911.307538 ], [ 595596.634938, 4567945.932489999569952 ], [ 595564.78919100004714, 4567975.061071 ], [ 595523.425735000055283, 4568009.89427 ], [ 595485.300728, 4568038.052474999800324 ], [ 595419.177705000038259, 4568076.136803000234067 ], [ 595335.065731000038795, 4568114.885428999550641 ], [ 595270.556607999955304, 4568132.850204000249505 ], [ 595218.28366700001061, 4568142.914389999583364 ], [ 595147.630190999945626, 4568149.596279 ], [ 594978.554022999946028, 4568155.448884 ], [ 594840.900075000012293, 4568164.401925000362098 ], [ 594796.845450000022538, 4568130.250571999698877 ], [ 594749.298002999974415, 4568053.504964999854565 ], [ 594726.253814999945462, 4568028.577162000350654 ], [ 594698.444716, 4567989.263774000108242 ], [ 594673.698045999975875, 4567956.696921000257134 ], [ 594642.543072000029497, 4567933.007435999810696 ], [ 594609.963479000027291, 4567915.117860999889672 ], [ 594530.294759999960661, 4567958.419319 ], [ 594517.700146000017412, 4567959.144027000293136 ], [ 594449.633536000037566, 4567939.46195499971509 ], [ 594445.662805999978445, 4567933.581034 ], [ 594400.870637999963947, 4567921.807467999868095 ], [ 594290.729136000038125, 4567888.145926999859512 ], [ 594260.353182, 4567873.417712000198662 ], [ 594190.399645, 4567860.87548500020057 ], [ 594133.148273000027984, 4567838.638233000412583 ], [ 594063.275283999973908, 4567819.824764000251889 ], [ 593981.853799000033177, 4567790.114578999578953 ], [ 593903.982693, 4567763.138198000378907 ], [ 593875.141074000042863, 4567769.028552000410855 ], [ 593848.100577999954112, 4567774.953347000293434 ], [ 593816.333670999971218, 4567797.827983000315726 ], [ 593766.092577000032179, 4567790.018739 ], [ 593739.386843999964185, 4567769.965901999734342 ], [ 593646.679811, 4567708.768830999732018 ], [ 593566.497163999942131, 4567652.219821999780834 ], [ 593496.796791999950074, 4567619.079423000104725 ], [ 593424.755432000034489, 4567593.970839999616146 ], [ 593372.176758000045083, 4567557.920257000252604 ], [ 593329.123042, 4567514.830411000177264 ], [ 593292.692795000039041, 4567481.219321999698877 ], [ 593241.542401000042446, 4567403.549776 ], [ 593221.446869999985211, 4567358.511831000447273 ], [ 593194.832874999963678, 4567330.401107000187039 ], [ 593168.12375000002794, 4567310.361536 ], [ 593137.708829000010155, 4567298.32471099961549 ], [ 593107.38273199996911, 4567384.810766000300646 ], [ 593100.878861999954097, 4567401.294044 ], [ 593086.642525000032037, 4567460.227163 ], [ 593074.365389000042342, 4567506.194230999797583 ], [ 593064.135795, 4567532.933975 ], [ 593053.08163999998942, 4567553.389697000384331 ], [ 593023.40988000005018, 4567588.830408999696374 ], [ 592981.956642, 4567632.181881999596953 ], [ 592902.293334000045434, 4567710.43269900046289 ], [ 592848.793484000023454, 4567746.46936499979347 ], [ 592779.526703999959864, 4567784.981351000256836 ], [ 592683.084454, 4567840.180654999800026 ], [ 592631.945889999973588, 4567867.288394000381231 ], [ 592594.890389999956824, 4567883.383301000110805 ], [ 592547.059085999964736, 4567897.5536900004372 ], [ 592446.471064000041224, 4567925.832829000428319 ], [ 592354.955562000046484, 4567947.055595999583602 ], [ 592301.342383999959566, 4567959.355437999591231 ], [ 592123.741126999957487, 4567855.019600999541581 ], [ 592062.957836000015959, 4567827.380017000250518 ], [ 591981.721295000053942, 4567782.471892000176013 ] ], [ [ 608750.426558000035584, 4570415.939213999547064 ], [ 608900.544206000049599, 4570607.559285 ], [ 608972.678244999959134, 4570736.517710000276566 ], [ 609058.250085999956354, 4570820.483722999691963 ], [ 609266.545035999966785, 4570917.620466000400484 ], [ 609354.786746999947354, 4571029.213600999675691 ], [ 609453.129334999946877, 4571220.2342450004071 ], [ 609586.942928, 4571373.702945999801159 ], [ 609665.83265, 4571456.032459000125527 ], [ 609679.500025999965146, 4571502.788338 ], [ 609654.738052999950014, 4571620.732305999845266 ], [ 609665.245749, 4571697.589005 ], [ 609718.761664, 4571759.404218999668956 ], [ 609799.614730000030249, 4571820.60003300011158 ], [ 609968.356003000051714, 4571936.638163999654353 ], [ 609947.638310999958776, 4572118.626286 ], [ 610125.914532999973744, 4572632.241066999733448 ], [ 610177.243772999965586, 4572928.13126500044018 ], [ 610253.654292, 4573165.637787999585271 ], [ 610354.903785999980755, 4573399.83593 ], [ 610404.027617000043392, 4573498.168465999886394 ], [ 610637.626285, 4573723.290176000446081 ], [ 610793.580463, 4573731.852171 ], [ 610950.202504000044428, 4573735.597257999703288 ], [ 611038.340785, 4573728.893113000318408 ], [ 611099.957473000045866, 4573753.099154000170529 ], [ 611182.869299000012688, 4573794.643766 ], [ 611263.153387999976985, 4573831.662878000177443 ], [ 611319.130657, 4573871.897156000137329 ], [ 611358.060726, 4573910.982180000282824 ], [ 611378.175759, 4574005.257244000211358 ], [ 611385.962030000053346, 4574112.313447000458837 ], [ 611380.343372000032105, 4574186.061451000161469 ], [ 611379.944879999966361, 4574241.533683000132442 ], [ 611386.050591, 4574282.347710000351071 ], [ 611399.5858859999571, 4574337.145282000303268 ], [ 611420.823654999956489, 4574387.574806000106037 ], [ 611506.417712999973446, 4574575.023070000112057 ], [ 611531.621720000053756, 4574634.219866000115871 ], [ 611541.517203000024892, 4574658.779679000377655 ], [ 611530.392664000042714, 4574798.204378000460565 ], [ 611501.720131000038236, 4574880.981742000207305 ], [ 611493.592276999959722, 4574913.071310999803245 ], [ 611480.221669, 4575023.822920000180602 ], [ 611488.639439000049606, 4575060.630558 ], [ 611507.806752, 4575128.48509700037539 ], [ 611530.017548999981955, 4575173.122362 ], [ 611557.095198999973945, 4575194.115093999542296 ], [ 611587.359385999967344, 4575212.025410000234842 ], [ 611643.784809999982826, 4575222.287224000319839 ], [ 611682.510491000022739, 4575215.276103000156581 ], [ 611730.007241999963298, 4575193.186855999752879 ], [ 611753.391182000050321, 4575190.870496000163257 ], [ 611776.694129999959841, 4575194.360666000284255 ], [ 611813.849632999976166, 4575231.167002 ], [ 611884.62409000005573, 4575301.150115 ], [ 611975.131741, 4575401.864884000271559 ], [ 611995.338799000019208, 4575431.25950700044632 ], [ 612010.506402999977581, 4575495.911316 ], [ 612015.556586000020616, 4575576.064574000425637 ], [ 612055.674219000036828, 4575682.710486000403762 ], [ 612087.758419999969192, 4575756.573963000439107 ], [ 612130.232858999981545, 4575827.011292000301182 ], [ 612152.785869000013918, 4575878.363199999555945 ], [ 612202.933724, 4575974.871082999743521 ], [ 612197.11031300004106, 4576003.408812000416219 ], [ 612176.67461300001014, 4576046.934073000214994 ], [ 612161.775123000028543, 4576081.594592000357807 ], [ 612150.194902000017464, 4576133.307606000453234 ], [ 612123.400646000052802, 4576182.098303999751806 ], [ 612115.916669000056572, 4576201.660110999830067 ], [ 612121.035033000051044, 4576218.740353000350296 ], [ 612143.7333599999547, 4576261.144217999652028 ], [ 612205.058895000023767, 4576360.501183000393212 ], [ 612232.117327000014484, 4576411.01252800039947 ], [ 612290.736307000042871, 4576569.371868999674916 ], [ 612323.62078300002031, 4576649.501015 ], [ 612358.364472000044771, 4576725.183954999782145 ], [ 612351.401724, 4576768.91732900030911 ], [ 612329.605162000050768, 4576900.969596999697387 ], [ 612299.071538000018336, 4577016.796082999557257 ], [ 612293.285767999943346, 4577100.790989999659359 ], [ 612283.777603000053205, 4577192.779186000116169 ], [ 612265.456203000037931, 4577216.648345000110567 ], [ 612243.592305000056513, 4577236.887052999809384 ], [ 612225.913742, 4577335.011965 ], [ 612226.597839999943972, 4577406.580945 ], [ 612259.123324000043795, 4577451.80252300016582 ], [ 612254.13217, 4577483.92881799954921 ], [ 612238.414392999955453, 4577513.201856999658048 ], [ 612207.526831, 4577536.876772000454366 ], [ 612162.334364, 4577555.855495000258088 ], [ 612140.526988000026904, 4577572.519653 ], [ 612099.427235999959521, 4577617.502479 ], [ 612055.772092, 4577653.495708 ], [ 612015.770084999967366, 4577685.980991999618709 ], [ 611995.533184999949299, 4577716.972598000429571 ], [ 611968.897257999982685, 4577755.916369999758899 ], [ 611929.777721000020392, 4577789.304089999757707 ], [ 611896.300379000022076, 4577805.777814 ], [ 611843.188343000016175, 4577814.797593000344932 ], [ 611817.035922999959439, 4577822.445356000214815 ], [ 611772.584495999966748, 4577852.176021999679506 ], [ 611640.669146999949589, 4577847.457634000107646 ], [ 611503.49757, 4577834.621116999536753 ], [ 611483.519015999976546, 4577849.516331000253558 ], [ 611401.182993000023998, 4577890.293716000393033 ], [ 611286.198839999968186, 4577894.780961999669671 ], [ 611208.672431000042707, 4577915.068513999693096 ], [ 611179.75036900001578, 4577927.140135999768972 ], [ 611137.708694000029936, 4577975.689400999806821 ], [ 611096.297455, 4577983.105982 ], [ 611031.626286000013351, 4577984.803256000392139 ], [ 611014.384213999961503, 4577997.054283999837935 ], [ 610982.681275999988429, 4578015.358215999789536 ], [ 610940.394224000046961, 4578020.974434999749064 ], [ 610876.408497, 4578036.986279999837279 ], [ 610854.728757999953814, 4578045.594174000434577 ], [ 610786.702796000055969, 4578149.204705 ], [ 610757.223067000042647, 4578139.815372999757528 ], [ 610754.788657000055537, 4578122.777077999897301 ], [ 610741.573038000031374, 4578106.484779000282288 ], [ 610721.793161, 4578107.970704999752343 ], [ 610694.720649000024423, 4578117.396231999620795 ], [ 610666.785648999968544, 4578124.12139 ], [ 610632.253984999959357, 4578151.322846 ], [ 610609.734225000021979, 4578156.34296500030905 ], [ 610558.998667999985628, 4578185.985019999556243 ], [ 610495.760682999971323, 4578211.850196000188589 ], [ 610466.035916000022553, 4578218.54884700011462 ], [ 610443.766732000047341, 4578206.583286000415683 ], [ 610427.070543, 4578183.076138 ], [ 610432.371555999969132, 4578129.488427000120282 ], [ 610411.555146, 4578140.80917099956423 ], [ 610394.224563000025228, 4578158.423786000348628 ], [ 610329.588475, 4578217.371840000152588 ], [ 610317.917817999958061, 4578217.194353999570012 ], [ 610291.727947999956086, 4578227.52314000017941 ], [ 610260.58340300002601, 4578268.192115999758244 ], [ 610249.509005, 4578287.701089999638498 ], [ 610210.00792200001888, 4578288.000327999703586 ], [ 610170.254169999971054, 4578304.386455000378191 ], [ 610134.938837000052445, 4578324.415846000425518 ], [ 610103.619624000042677, 4578317.688544999808073 ], [ 610048.566268000053242, 4578277.498603999614716 ], [ 610021.392008000053465, 4578293.188016000203788 ], [ 609988.675952999969013, 4578319.520496999844909 ], [ 609947.083518999977969, 4578338.567246000282466 ], [ 609909.332549000042491, 4578341.570832000114024 ], [ 609880.314388999948278, 4578360.808483 ], [ 609882.846884, 4578430.605619999580085 ], [ 609853.585350999957882, 4578465.941274000331759 ], [ 609820.924802000052296, 4578488.69964599981904 ], [ 609758.062701000017114, 4578489.536022 ], [ 609707.585096, 4578503.075055999681354 ], [ 609658.771038, 4578525.589842 ], [ 609612.943218, 4578587.504555 ], [ 609529.402386000030674, 4578650.637782 ], [ 609508.949357999954373, 4578696.834748 ], [ 609435.088288999977522, 4578713.609373999759555 ], [ 609324.1175430000294, 4578690.470867999829352 ], [ 609281.77763899997808, 4578654.431610999628901 ], [ 609310.5709720000159, 4578636.598539999686182 ], [ 609373.800749000045471, 4578610.723171999678016 ], [ 609433.194839, 4578481.940337000414729 ], [ 609403.930760000017472, 4578458.24603 ], [ 609389.52622799994424, 4578460.716085 ], [ 609297.077059000032023, 4578519.242497 ], [ 609210.66824499994982, 4578534.031457000412047 ], [ 609140.164390000049025, 4578506.14178999979049 ], [ 609107.53920899995137, 4578467.196061999537051 ], [ 609093.033107999945059, 4578416.896553000435233 ], [ 609058.068116000038572, 4578353.763589000329375 ], [ 608939.912865999969654, 4578330.523192999884486 ], [ 608896.063335999962874, 4578380.845545999705791 ], [ 608874.7537800000282, 4578425.243483000434935 ], [ 608885.100773000041954, 4578520.819739 ], [ 608878.677604999975301, 4578559.633485999889672 ], [ 608818.953247, 4578621.344394999556243 ], [ 608704.399008000036702, 4578626.633636999875307 ], [ 608557.899973000050522, 4578541.233693 ], [ 608405.139871999970637, 4578671.303314999677241 ], [ 608302.153945000027306, 4578714.482559000141919 ], [ 608212.080937, 4578734.603113000281155 ], [ 608183.134182999958284, 4578689.453622000291944 ], [ 608185.376180000021122, 4578599.163351000286639 ], [ 608179.545297999982722, 4578508.752690999768674 ], [ 608159.952138000051491, 4578437.802832 ], [ 608132.594156999955885, 4578406.091489999555051 ], [ 608056.759279, 4578374.557436999864876 ], [ 607963.959123000036925, 4578336.497668 ], [ 607919.192035999963991, 4578267.86122400034219 ], [ 607893.484746000031009, 4578246.013942000456154 ], [ 607826.895141000044532, 4578223.392405999824405 ], [ 607741.726456, 4578248.233494999818504 ], [ 607661.939879999961704, 4578361.52450199984014 ], [ 607597.6056, 4578340.892907000146806 ], [ 607564.028240000014193, 4578304.627581999637187 ], [ 607485.337276999955066, 4578283.784145000390708 ], [ 607373.221274000010453, 4578276.760350000113249 ], [ 607281.320760000031441, 4578298.653296999633312 ], [ 607262.102209000033326, 4578323.409544000402093 ], [ 607241.284314000047743, 4578456.354675999842584 ], [ 607190.768649999983609, 4578533.416616000235081 ], [ 607098.840672999969684, 4578557.998614000156522 ], [ 607070.49112200003583, 4578532.539653999730945 ], [ 607034.410186999943107, 4578421.995846999809146 ], [ 607001.028448999975808, 4578357.564233999699354 ], [ 607202.876681, 4578000.006625999696553 ], [ 607072.486964000039734, 4577575.758866 ], [ 606922.10085699998308, 4577409.585064000450075 ], [ 606868.814204000052996, 4577321.708468000404537 ], [ 606820.652464000042528, 4577216.473902000114322 ], [ 606807.638438, 4576985.633583 ], [ 606729.371741999988444, 4576868.252798000350595 ], [ 606675.958300999947824, 4576785.139809999614954 ], [ 606725.353444, 4576694.732582 ], [ 606692.239876999985427, 4576553.209374999627471 ], [ 606621.925293999956921, 4576604.533103000372648 ], [ 605894.395355000044219, 4575543.615167999640107 ], [ 605902.14927599998191, 4575420.626117999665439 ], [ 606033.410438, 4574937.062272000126541 ], [ 606060.10036299994681, 4574823.466538 ], [ 606399.769437000039034, 4574545.975146999582648 ], [ 606495.206554000033066, 4574420.618340999819338 ], [ 606579.45809900003951, 4574310.899983 ], [ 606708.877043999964371, 4574244.786309000104666 ], [ 607143.031072000041604, 4572580.289083999581635 ], [ 608318.665038999984972, 4569896.80912800040096 ], [ 608380.162784000043757, 4569931.748854000121355 ], [ 608420.868996000033803, 4569974.440894999541342 ], [ 608446.760707000037655, 4570044.295531 ], [ 608585.26438299997244, 4570160.892079999670386 ], [ 608659.48657299997285, 4570263.472028999589384 ], [ 608682.654033, 4570289.491437000222504 ], [ 608750.426558000035584, 4570415.939213999547064 ] ], [ [ 641902.007874, 4563445.478118999861181 ], [ 641921.245692000025883, 4563427.92724800016731 ], [ 641924.27691999997478, 4563410.949339999817312 ], [ 641908.967106999945827, 4563411.550858000293374 ], [ 641907.408803, 4563398.970501 ], [ 641920.088613, 4563394.741570999845862 ], [ 641933.691634000046179, 4563389.61993 ], [ 641936.932169000036083, 4563361.895289000123739 ], [ 641948.88128199998755, 4563348.678357000462711 ], [ 641960.063678, 4563329.182606999762356 ], [ 641963.095023000030778, 4563312.204714000225067 ], [ 641974.064112000050955, 4563292.038455000147223 ], [ 641980.81014099996537, 4563280.275099 ], [ 641994.614164000027813, 4563264.417767000384629 ], [ 642010.046504999976605, 4563257.543790999799967 ], [ 642034.119185999967158, 4563223.050448000431061 ], [ 642051.76493299996946, 4563194.706942999735475 ], [ 642068.295109000056982, 4563177.992154000326991 ], [ 642086.523775, 4563165.797419000416994 ], [ 642112.129231999977492, 4563144.783818 ], [ 642124.809608999988995, 4563140.555231000296772 ], [ 642140.17241500003729, 4563137.267467999830842 ], [ 642142.377039000042714, 4563116.686204000376165 ], [ 642119.31669799995143, 4563099.210744 ], [ 642120.641675999970175, 4563077.71272400021553 ], [ 642123.638399000046775, 4563062.533416000194848 ], [ 642136.388843000051565, 4563054.718901 ], [ 642150.053976999945007, 4563046.022637999616563 ], [ 642152.99838, 4563033.530026 ], [ 642152.512425999972038, 4563011.996694999746978 ], [ 642151.964706999948248, 4562994.060576000250876 ], [ 642150.415067999972962, 4562981.480331 ], [ 642139.015766000025906, 4562966.020325999706984 ], [ 642117.565605000010692, 4562958.427507 ], [ 642117.897613, 4562941.397044000215828 ], [ 642101.98655399994459, 4562926.748753 ], [ 642087.11235900002066, 4562904.946095 ], [ 642084.88424699997995, 4562880.691123999655247 ], [ 642080.844288000022061, 4562857.300446 ], [ 642074.183262999984436, 4562829.38289 ], [ 642080.002055000048131, 4562807.983559000305831 ], [ 642087.562831999966875, 4562789.305885000154376 ], [ 642095.941986000048928, 4562775.119973000138998 ], [ 642106.045381000032648, 4562764.56609100010246 ], [ 642120.808945999946445, 4562746.017742999829352 ], [ 642134.561840999987908, 4562732.847338000312448 ], [ 642149.080717999953777, 4562726.855401 ], [ 642158.800002999952994, 4562736.007628000341356 ], [ 642172.85745999997016, 4562730.450988000258803 ], [ 642184.929817999945953, 4562711.41713699977845 ], [ 642195.705182999954559, 4562689.214948000386357 ], [ 642200.914433000027202, 4562675.866922999732196 ], [ 642211.236557999975048, 4562654.544409999623895 ], [ 642218.623042, 4562644.826173 ], [ 642222.394906, 4562635.937033999711275 ], [ 642223.074870000011288, 4562624.299875999800861 ], [ 642229.277552000014111, 4562606.040086999535561 ], [ 642231.220211999956518, 4562598.903368 ], [ 642225.498589999973774, 4562592.072490000165999 ], [ 642219.77668, 4562585.685859000310302 ], [ 642223.443752, 4562582.170084999874234 ], [ 642228.077689000056125, 4562575.530113999731839 ], [ 642227.294482999946922, 4562569.239822999574244 ], [ 642227.477920999983326, 4562559.836435999721289 ], [ 642230.265364, 4562555.403900999575853 ], [ 642227.722648, 4562547.291185 ], [ 642223.926319999969564, 4562534.211749999783933 ], [ 642220.565225000027567, 4562522.040412000380456 ], [ 642215.304702, 4562515.21853999979794 ], [ 642213.676686999970116, 4562506.224069000221789 ], [ 642213.87786, 4562495.910319999791682 ], [ 642217.702189999981783, 4562484.334497 ], [ 642229.906274999957532, 4562458.572908 ], [ 642242.927196, 4562460.170773999765515 ], [ 642249.843566, 4562451.342992999590933 ], [ 642251.908657999942079, 4562437.933655999600887 ], [ 642248.442504000035115, 4562431.146770999766886 ], [ 642251.735712000052445, 4562423.581051000393927 ], [ 642260.271232999977656, 4562424.202940000221133 ], [ 642266.202655000030063, 4562420.287115000188351 ], [ 642266.909394999966025, 4562406.851277000270784 ], [ 642267.493464999948628, 4562400.132306000217795 ], [ 642263.974884000024758, 4562396.032096000388265 ], [ 642263.705777999944985, 4562386.608773999847472 ], [ 642264.759972000028938, 4562379.010479000397027 ], [ 642278.923321999958716, 4562367.636420999653637 ], [ 642279.699778, 4562351.058884999714792 ], [ 642422.702826999942772, 4562309.925650999881327 ], [ 642478.621457000030205, 4562303.843489999882877 ], [ 642509.167452999972738, 4562306.228539999574423 ], [ 642613.845503999968059, 4562292.137822999618948 ], [ 642722.446050000027753, 4562261.099492999725044 ], [ 642808.186999000026844, 4562216.020944000221789 ], [ 642790.639891, 4562179.948502999730408 ], [ 642779.235322, 4562141.619649999774992 ], [ 642773.920614999951795, 4562091.30425 ], [ 642772.24659, 4562039.272037000395358 ], [ 642772.358866999973543, 4561987.263697000220418 ], [ 642780.419984000036493, 4561897.316580999642611 ], [ 642788.392513999948278, 4561880.879955999553204 ], [ 642801.408974000019953, 4561859.622042000293732 ], [ 642806.10517700004857, 4561849.851660000160336 ], [ 642812.406403, 4561826.663053000345826 ], [ 642811.691590999951586, 4561771.062312999740243 ], [ 642812.685535000055097, 4561582.786585000343621 ], [ 642808.112082, 4561524.156053000129759 ], [ 642809.350683000055142, 4561454.044424000196159 ], [ 642805.678505999967456, 4561365.655745999887586 ], [ 642809.639090999960899, 4561324.484741999767721 ], [ 642814.737402, 4561247.918243000283837 ], [ 642814.413837000029162, 4561195.457175999879837 ], [ 642816.376137000042945, 4561118.373932999558747 ], [ 642833.482122999965213, 4561034.867947 ], [ 642929.395549, 4561023.741278000175953 ], [ 642963.337222, 4561014.099831 ], [ 643030.486615999951027, 4561009.585416999645531 ], [ 643052.275792, 4561000.150348999537528 ], [ 643107.590269000036642, 4560990.773245999589562 ], [ 643173.969284, 4560991.331686999648809 ], [ 643203.306553, 4560964.108613999560475 ], [ 643230.039936000015587, 4560932.347594999708235 ], [ 643236.084034000057727, 4560899.280783999711275 ], [ 643258.897696000058204, 4560836.001085000112653 ], [ 643272.108202000032179, 4560806.728996000252664 ], [ 643274.386737999971956, 4560782.562110000289977 ], [ 643288.155965000041761, 4560779.95603199955076 ], [ 643318.21872100001201, 4560779.502597000449896 ], [ 643395.548064999980852, 4560789.074265000410378 ], [ 643407.178680000011809, 4560788.558775000274181 ], [ 643441.667091000010259, 4560787.048906000331044 ], [ 643506.192302000010386, 4560777.878057999536395 ], [ 643530.03689700004179, 4560774.493286999873817 ], [ 643607.077753999968991, 4560764.192397999577224 ], [ 643641.04117999994196, 4560762.084495999850333 ], [ 643689.188714000047185, 4560746.117820999585092 ], [ 643743.444905000040308, 4560735.2474330002442 ], [ 643816.533361, 4560722.038739999756217 ], [ 643844.472046999959275, 4560716.992004999890924 ], [ 643863.314831999945454, 4560713.687384 ], [ 643896.167864999966696, 4560707.915892999619246 ], [ 643943.725731999962591, 4560709.553814999759197 ], [ 644054.856283999979496, 4560690.856453999876976 ], [ 644102.993780000018887, 4560681.422756999731064 ], [ 644192.609726, 4560665.823212999850512 ], [ 644248.230017, 4560656.060789000242949 ], [ 644300.049193999962881, 4560645.046326000243425 ], [ 644301.433887999970466, 4560653.092481000348926 ], [ 644304.249736999976449, 4560677.015668 ], [ 644317.219721999950707, 4560773.375269000418484 ], [ 644327.021334000048228, 4560836.053380999714136 ], [ 644337.970175000024028, 4560893.745264999568462 ], [ 644337.943100000033155, 4560937.092737999744713 ], [ 644332.233404000056908, 4560983.959544000215828 ], [ 644331.792334, 4560987.593693999573588 ], [ 644317.834910999983549, 4561115.051463999785483 ], [ 644312.575785, 4561184.528591999784112 ], [ 644302.919827, 4561282.450913 ], [ 644299.103744999971241, 4561309.952445999719203 ], [ 644296.686164999962784, 4561360.060829999856651 ], [ 644296.128877999959514, 4561385.261188000440598 ], [ 644306.66238, 4561438.035886 ], [ 644308.678274999954738, 4561451.059081999585032 ], [ 644315.422553000040352, 4561474.849030000157654 ], [ 644342.839575, 4561535.887830000370741 ], [ 644376.514820000040345, 4561602.848159000277519 ], [ 644388.95037700003013, 4561623.485600999556482 ], [ 644406.152190000051633, 4561658.044846000149846 ], [ 644415.394584, 4561691.646865 ], [ 644431.212396000046283, 4561738.040364 ], [ 644437.413551999954507, 4561756.177683000452816 ], [ 644442.660569999949075, 4561763.611797999590635 ], [ 644455.94760099996347, 4561779.77927799988538 ], [ 644485.358376999967732, 4561806.117556000128388 ], [ 644520.382049, 4561834.53302 ], [ 644528.351404999964871, 4561841.321453999727964 ], [ 644561.862945999950171, 4561871.095462 ], [ 644592.991853000014089, 4561880.131233000196517 ], [ 644677.570792000042275, 4561904.221385999582708 ], [ 644689.717244999948889, 4561908.071945999749005 ], [ 644692.091951000038534, 4561988.795769000425935 ], [ 644694.062434999970719, 4562048.453893999569118 ], [ 644700.155214000027627, 4562081.305286999791861 ], [ 644720.316028999979608, 4562153.885741 ], [ 644729.000918, 4562215.465297999791801 ], [ 644733.787824, 4562246.047333000227809 ], [ 644742.029496000031941, 4562261.904249000363052 ], [ 644751.527526000048965, 4562274.476415 ], [ 644756.011753999977373, 4562277.197650000452995 ], [ 644749.400283999973908, 4562309.796915999613702 ], [ 644746.61093800002709, 4562331.143547000363469 ], [ 644747.858185000019148, 4562342.263586999848485 ], [ 644751.212754999985918, 4562371.462233000434935 ], [ 644756.167827000026591, 4562393.984400999732316 ], [ 644760.297597000026144, 4562406.949802 ], [ 644781.083655999973416, 4562470.346854000352323 ], [ 644801.387208999949507, 4562535.633599 ], [ 644845.025403999956325, 4562672.331642 ], [ 644897.959110000054352, 4562850.219646999612451 ], [ 644901.874503999948502, 4562868.456443999893963 ], [ 644900.899376000044867, 4562917.516273999586701 ], [ 644926.264808999956585, 4562909.05761899985373 ], [ 644978.46611599996686, 4562886.116814999841154 ], [ 645001.629278999986127, 4562875.371121999807656 ], [ 645040.58045, 4562851.045463000424206 ], [ 645064.370452999952249, 4562831.571681999601424 ], [ 645105.094843999948353, 4562797.408025000244379 ], [ 645131.075213999953121, 4562769.470525000244379 ], [ 645162.427015000022948, 4562720.326835 ], [ 645188.826165999984369, 4562682.757485000416636 ], [ 645202.661033999989741, 4562665.773629000410438 ], [ 645218.822238, 4562656.233010999858379 ], [ 645238.33142299996689, 4562648.325128000229597 ], [ 645265.173169999965467, 4562633.621872000396252 ], [ 645287.801312000025064, 4562615.691623999737203 ], [ 645316.256804, 4562587.792945999652147 ], [ 645344.058074999949895, 4562570.421333 ], [ 645392.089761000010185, 4562542.235717000439763 ], [ 645473.835211999947205, 4562493.431950000114739 ], [ 645585.626976000028662, 4562427.525259000249207 ], [ 645653.242338999989443, 4562387.859540999867022 ], [ 645686.645570000051521, 4562371.489590999670327 ], [ 645783.696650000056252, 4562333.979244999587536 ], [ 645883.924594999989495, 4562294.967693000100553 ], [ 645916.10652300005313, 4562283.505587999708951 ], [ 645975.953810999984853, 4562283.814956 ], [ 646058.948355, 4562285.243726000189781 ], [ 646145.178159, 4562285.138952 ], [ 646133.389875, 4562242.131629999727011 ], [ 646119.203845000010915, 4562208.672286000102758 ], [ 646109.394257999956608, 4562182.031193999573588 ], [ 646100.823801000020467, 4562137.922247 ], [ 646100.963559999945574, 4562108.337394 ], [ 646092.239621000015177, 4562072.299801000393927 ], [ 646066.489085, 4562032.333758999593556 ], [ 646045.34972000005655, 4561986.629277000203729 ], [ 646039.33019999996759, 4561972.61453100014478 ], [ 646017.714243000023998, 4561951.112702 ], [ 646032.136225000023842, 4561882.352585 ], [ 646030.180230999947526, 4561845.551013000309467 ], [ 646015.813237000023946, 4561821.062349 ], [ 645985.041707, 4561739.746746 ], [ 645967.722184999962337, 4561683.356878999620676 ], [ 645956.234474000055343, 4561649.951973999850452 ], [ 645920.796803000033833, 4561576.606634000316262 ], [ 645913.143491999944672, 4561554.484950000420213 ], [ 645897.540335000026971, 4561434.467481000348926 ], [ 645887.563485000049695, 4561393.018566999584436 ], [ 645874.491016000043601, 4561371.688174 ], [ 645865.451349999988452, 4561351.326973999850452 ], [ 645867.97667, 4561337.48331500031054 ], [ 645822.583768000011332, 4561334.332142 ], [ 645812.790746000013314, 4561328.982970000244677 ], [ 645775.970933999982662, 4561268.383283999748528 ], [ 645771.233226999989711, 4561257.759696000255644 ], [ 645731.105214999988675, 4561272.417994 ], [ 645688.703452000045218, 4561311.032089999876916 ], [ 645617.303074000054039, 4561348.167785 ], [ 645558.842532000038773, 4561379.731502999551594 ], [ 645525.648074000026099, 4561391.741548 ], [ 645516.190060000051744, 4561393.98515 ], [ 645520.057399000041187, 4561389.375399 ], [ 645536.047073, 4561354.953547 ], [ 645554.682836, 4561317.430305999703705 ], [ 645574.469159999978729, 4561278.597298 ], [ 645600.465182999963872, 4561222.06247999984771 ], [ 645617.644302999950014, 4561184.410342999733984 ], [ 645636.900152000016533, 4561144.445142 ], [ 645655.118530999985524, 4561111.067591999657452 ], [ 645673.003317, 4561083.058930000290275 ], [ 645683.65231799997855, 4561068.255715999752283 ], [ 645701.505821999977343, 4561041.823602999560535 ], [ 645713.731875999947079, 4561027.040822999551892 ], [ 645728.641052, 4561012.767027 ], [ 645744.763027, 4560994.485856999643147 ], [ 645766.109729000017978, 4560973.388129999861121 ], [ 645777.31354200001806, 4560964.427001999691129 ], [ 645838.244859999977052, 4560908.113585 ], [ 645756.002101000049151, 4560887.177968 ], [ 645704.217683000024408, 4560846.404668999835849 ], [ 645688.991734000039287, 4560834.094526999630034 ], [ 645666.221473000012338, 4560813.026293000206351 ], [ 645649.846521000028588, 4560788.498447 ], [ 645636.798936999985017, 4560769.190448 ], [ 645631.800364000024274, 4560751.431455999612808 ], [ 645618.539358000038192, 4560711.283598000183702 ], [ 645598.088663000031374, 4560650.056691000238061 ], [ 645584.552032000035979, 4560648.087263000197709 ], [ 645528.271285000024363, 4560647.508566999807954 ], [ 645512.614469000021927, 4560648.351327000185847 ], [ 645498.40795599995181, 4560649.678407000377774 ], [ 645482.743938000057824, 4560652.986708999611437 ], [ 645463.338547999970615, 4560660.463089000433683 ], [ 645455.330909000011161, 4560665.24577600043267 ], [ 645449.522741999942809, 4560669.550323000177741 ], [ 645443.624243999947794, 4560675.019244999624789 ], [ 645435.349247999954969, 4560685.638590999878943 ], [ 645404.451237999950536, 4560725.838708999566734 ], [ 645381.957984999986365, 4560759.020596000365913 ], [ 645362.170708999969065, 4560781.050107000395656 ], [ 645348.421575000043958, 4560797.757836 ], [ 645341.033917999942787, 4560802.597418 ], [ 645290.233094000024721, 4560828.151966 ], [ 645248.61822399997618, 4560844.105016999877989 ], [ 645190.717123999958858, 4560860.944728 ], [ 645133.872180999955162, 4560877.850324000231922 ], [ 645117.009072000044398, 4560881.157737 ], [ 645104.664349999977276, 4560882.977958999574184 ], [ 645087.374231999972835, 4560882.445244000293314 ], [ 645070.78332499996759, 4560880.926901999861002 ], [ 645046.417277000029571, 4560878.854166000150144 ], [ 644978.049091, 4560873.163600999861956 ], [ 644891.40167399996426, 4560866.466422 ], [ 644873.362547000055201, 4560860.5549649996683 ], [ 644804.163674999959767, 4560857.392900999635458 ], [ 644779.561094, 4560854.127987000159919 ], [ 644763.107041000039317, 4560849.514391000382602 ], [ 644746.570040000020526, 4560840.623239000327885 ], [ 644745.228638999979012, 4560808.010571000166237 ], [ 644740.245903, 4560763.974960999563336 ], [ 644744.701508000027388, 4560743.660989999771118 ], [ 644731.620704, 4560699.686850000172853 ], [ 644720.982333999942057, 4560680.195171999745071 ], [ 644712.560619, 4560662.313478000462055 ], [ 644715.420545, 4560639.957591 ], [ 644720.552649999968708, 4560599.921042 ], [ 644719.096784000052139, 4560559.531682999804616 ], [ 644711.545702000032179, 4560509.170093 ], [ 644701.613631000043824, 4560487.893245999701321 ], [ 644703.417384000029415, 4560465.061051 ], [ 644697.251672000042163, 4560435.79571000020951 ], [ 644686.315604, 4560397.017593 ], [ 644671.243933000019751, 4560354.370232 ], [ 644671.66741, 4560302.545327000319958 ], [ 644669.760915, 4560255.660974999889731 ], [ 644664.057213000021875, 4560225.505233 ], [ 644660.445966999977827, 4560203.232060000300407 ], [ 644649.584352000034414, 4560161.090293999761343 ], [ 644642.143566000042483, 4560138.974450999870896 ], [ 644630.940196000039577, 4560125.069364000111818 ], [ 644613.757079, 4560106.347799000330269 ], [ 644599.657129000057466, 4560102.258887999691069 ], [ 644572.545271, 4560050.599209000356495 ], [ 644560.714877999969758, 4560023.009929000400007 ], [ 644556.876137000042945, 4559989.748168 ], [ 644555.157022000057623, 4559974.020870000123978 ], [ 644547.209144999971613, 4559955.02709100022912 ], [ 644525.490026999963447, 4559937.781906000338495 ], [ 644512.522492000018246, 4559933.27135800011456 ], [ 644500.958431, 4559926.534041999839246 ], [ 644487.182154000038281, 4559917.520569999702275 ], [ 644490.846910999971442, 4559891.360003000125289 ], [ 644490.459888000041246, 4559877.002972000278533 ], [ 644486.843477000016719, 4559854.951953999698162 ], [ 644476.90505599998869, 4559822.469104000367224 ], [ 644473.90140800003428, 4559803.795443999581039 ], [ 644477.201748, 4559796.463978 ], [ 644486.380274, 4559787.227547000162303 ], [ 644487.04184299998451, 4559776.700748999603093 ], [ 644481.434863999951631, 4559764.48384500015527 ], [ 644468.14282299997285, 4559753.458665000274777 ], [ 644452.313618000014685, 4559745.970626999624074 ], [ 644442.473082000040449, 4559742.865985999815166 ], [ 644430.882462, 4559737.027886000461876 ], [ 644422.805214999942109, 4559724.540016000159085 ], [ 644411.884606000036001, 4559696.291562000289559 ], [ 644407.446241999976337, 4559681.410124000161886 ], [ 644398.675856000045314, 4559670.019202000461519 ], [ 644392.833763999980874, 4559657.797727 ], [ 644389.3460999999661, 4559652.120032999664545 ], [ 644387.723867999971844, 4559643.347269999794662 ], [ 644382.530220999964513, 4559632.704625000245869 ], [ 644371.667108000023291, 4559612.987030999734998 ], [ 644338.878242, 4559563.903838999569416 ], [ 644287.988728999975137, 4559496.526251999661326 ], [ 644268.097246999968775, 4559466.534719999879599 ], [ 644261.117133999941871, 4559455.401505 ], [ 644254.487863000016659, 4559437.555923 ], [ 644247.303150000050664, 4559425.308051000349224 ], [ 644247.684558999957517, 4559417.474543999880552 ], [ 644246.940494999988005, 4559407.142089 ], [ 644249.367561000050046, 4559400.681769999675453 ], [ 644250.006579000037163, 4559385.334393000230193 ], [ 644249.985476, 4559369.418654000386596 ], [ 644248.985325000016019, 4559357.181961 ], [ 644245.972544000018388, 4559350.392 ], [ 644238.719046000041999, 4559341.619052999652922 ], [ 644233.756494999979623, 4559336.245489000342786 ], [ 644226.662986999959685, 4559330.840924000367522 ], [ 644225.991823000018485, 4559324.885793999768794 ], [ 644229.296700999955647, 4559317.321081000380218 ], [ 644240.503783999942243, 4559313.733102000318468 ], [ 644254.109898000024259, 4559314.446267999708652 ], [ 644263.153126999968663, 4559312.492606 ], [ 644266.020845000050031, 4559309.639441000297666 ], [ 644275.256772, 4559297.938273999840021 ], [ 644271.431052000029013, 4559286.423163999803364 ], [ 644274.906964999972843, 4559281.671741999685764 ], [ 644281.35811399994418, 4559279.666860999539495 ], [ 644288.451006000046618, 4559279.584955999627709 ], [ 644293.124525, 4559276.65643799956888 ], [ 644313.282939999946393, 4559247.334549999795854 ], [ 644328.296318999957293, 4559228.239825 ], [ 644339.434138000011444, 4559211.189786000177264 ], [ 644345.100245999987237, 4559197.963178000412881 ], [ 644346.925700000021607, 4559179.496186000294983 ], [ 644349.544084999943152, 4559166.764619999565184 ], [ 644348.968659, 4559161.488854000344872 ], [ 644339.73829799995292, 4559155.919754999689758 ], [ 644332.702418999979272, 4559147.59527700021863 ], [ 644326.52637900004629, 4559141.19809199962765 ], [ 644322.291761999949813, 4559133.384375000372529 ], [ 644312.987840999965556, 4559120.072770999744534 ], [ 644299.776212000055239, 4559110.84878300037235 ], [ 644296.463747999980114, 4559101.809410000219941 ], [ 644298.495638999971561, 4559090.299034999683499 ], [ 644303.024846000014804, 4559077.272045000456274 ], [ 644305.480767, 4559061.294218 ], [ 644314.321378999971785, 4559047.108569 ], [ 644324.249185999971814, 4559039.908072999678552 ], [ 644332.301457999972627, 4559031.215579000301659 ], [ 644338.241323000052944, 4559021.126350999809802 ], [ 644343.440404, 4558985.689019000157714 ], [ 644342.257761999964714, 4558971.649489000439644 ], [ 644337.723051000037231, 4558962.030615 ], [ 644332.828392000054009, 4558947.69556 ], [ 644330.35279899998568, 4558930.709512 ], [ 644331.501309999963269, 4558923.557556999847293 ], [ 644338.625114000053145, 4558916.412693000398576 ], [ 644353.018602999974973, 4558897.294632 ], [ 644356.867619000026025, 4558870.293607000261545 ], [ 644355.912957999971695, 4558861.700667999684811 ], [ 644348.439252999960445, 4558849.613606000319123 ], [ 644354.717639000038616, 4558836.843357999809086 ], [ 644354.532898999983445, 4558829.209681999869645 ], [ 644349.636077999952249, 4558798.004121 ], [ 644346.353474, 4558784.478383 ], [ 644345.629200999974273, 4558781.20991799980402 ], [ 644337.756193, 4558766.815974 ], [ 644324.444842000026256, 4558754.113734999671578 ], [ 644318.47900299995672, 4558751.074830999597907 ], [ 644311.30035300005693, 4558741.459246000275016 ], [ 644307.655328999971971, 4558735.223197000101209 ], [ 644296.000421999953687, 4558727.029594999738038 ], [ 644287.31824199995026, 4558719.172427999787033 ], [ 644284.126159999985248, 4558707.003482 ], [ 644287.835986000020057, 4558695.526273 ], [ 644292.215407000039704, 4558687.538567 ], [ 644307.491090000024997, 4558675.179362 ], [ 644312.45971099997405, 4558668.380582000128925 ], [ 644315.372798, 4558641.594277 ], [ 644388.98185400001239, 4558621.003860999830067 ], [ 644460.10884400003124, 4558613.04844 ], [ 644482.221697999979369, 4558564.818271 ], [ 644506.87190999998711, 4558524.945895000360906 ], [ 644561.999243999947794, 4558480.734737999737263 ], [ 644588.107859999989159, 4558458.372806999832392 ], [ 644618.984257000032812, 4558399.554565999656916 ], [ 644639.427602999960072, 4558333.577186999842525 ], [ 644748.674086999963038, 4558250.967907999642193 ], [ 644763.208623999962583, 4558233.319396000355482 ], [ 644808.700259999954142, 4558185.920196999795735 ], [ 644965.41293999995105, 4558226.891578 ], [ 645038.648399999947287, 4558274.85939500015229 ], [ 645103.035204999963753, 4558330.071151999756694 ], [ 645101.522919000010006, 4558394.335672999732196 ], [ 645091.487167999963276, 4558446.158293000422418 ], [ 645151.664569000015035, 4558499.387737999670208 ], [ 645188.46981100004632, 4558550.353625000454485 ], [ 645284.252855999977328, 4558624.017361000180244 ], [ 645342.176631, 4558609.032846 ], [ 645370.343705, 4558641.879886000417173 ], [ 645467.338771000038832, 4558654.574139 ], [ 645512.999956000014208, 4558712.893008000217378 ], [ 645592.025829000049271, 4558723.442672000266612 ], [ 645670.365655999979936, 4558678.358751 ], [ 645742.757840999984182, 4558641.586628999561071 ], [ 645742.665468, 4558620.149461000226438 ], [ 645745.543808000045829, 4558565.941130000166595 ], [ 645753.923282, 4558507.344549000263214 ], [ 645756.654935, 4558483.187171 ], [ 645755.641765999956988, 4558421.271069999784231 ], [ 645741.69305300002452, 4558398.11345 ], [ 645719.638964000041597, 4558375.249436000362039 ], [ 645705.949502, 4558339.091501999646425 ], [ 645692.465019, 4558293.075230999849737 ], [ 645673.148588999989443, 4558268.011420000344515 ], [ 645662.441971000051126, 4558221.573078 ], [ 645749.985008000046946, 4558208.104448 ], [ 645822.641499000019394, 4558177.257891999557614 ], [ 645893.252239999943413, 4558158.932477000169456 ], [ 645963.460568999988027, 4558160.335741999559104 ], [ 646025.248697999981232, 4558132.861235000193119 ], [ 646069.571698999963701, 4558167.833379999734461 ], [ 646172.458457999979146, 4558165.32778 ], [ 646197.557156999944709, 4558159.7662150003016 ], [ 646292.427411000011489, 4558220.56383700016886 ], [ 646314.817667, 4558243.347520000301301 ], [ 646328.443046999978833, 4558243.620593000203371 ], [ 646341.093917, 4558216.718963 ], [ 646368.134578000055626, 4558152.388413 ], [ 646451.943314000032842, 4558005.942648 ], [ 646527.518381000030786, 4557874.681574 ], [ 646542.37462100002449, 4557852.555839000269771 ], [ 646557.298661999986507, 4557916.550735999830067 ], [ 646592.481975, 4557958.52851099986583 ], [ 646622.77547999995295, 4557974.385905000381172 ], [ 646702.978111000033095, 4558016.546513999812305 ], [ 646712.332015999942087, 4558044.36729000043124 ], [ 646760.956296000047587, 4558048.965196999721229 ], [ 646805.008374999975786, 4558048.018233000300825 ], [ 646863.842485000030138, 4558077.911597999744117 ], [ 646883.110631000017747, 4558105.210137999616563 ], [ 646949.999731000047177, 4558181.91342500038445 ], [ 647024.752953000017442, 4558226.478152999654412 ], [ 647079.876971, 4558261.6853 ], [ 647239.630896999966353, 4558288.2289819996804 ], [ 647618.828797, 4558342.6003 ], [ 648158.435685000033118, 4558490.863494999706745 ], [ 648304.575771, 4558568.689057 ], [ 648360.800399000057951, 4558588.157323 ], [ 648322.594697, 4558627.819980000145733 ], [ 648265.596444000024348, 4558686.537598 ], [ 648240.824134, 4558711.55738199967891 ], [ 648210.835589000023901, 4558742.579943000338972 ], [ 648183.779391000047326, 4558768.908535 ], [ 648169.31727600004524, 4558780.954357 ], [ 648126.298452000017278, 4558814.71153200045228 ], [ 648096.977143, 4558833.575278 ], [ 648073.050681, 4558846.739842000417411 ], [ 648045.074723999947309, 4558859.700177 ], [ 648003.073658999986947, 4558879.739873999729753 ], [ 647970.673915000050329, 4558896.064925 ], [ 647940.832509999978356, 4558910.398358999751508 ], [ 647906.333331999951042, 4558930.113053999841213 ], [ 647890.384496000013314, 4558941.429557999596 ], [ 647855.21347199997399, 4558967.394959 ], [ 647827.580555, 4558992.469166000373662 ], [ 647804.344281999976374, 4559016.777295 ], [ 647773.886258000042289, 4559051.246146 ], [ 647749.468895000056364, 4559080.850553000345826 ], [ 647713.679858000017703, 4559120.40957900043577 ], [ 647705.005157000035979, 4559126.475898999720812 ], [ 647684.192078000050969, 4559145.957647999748588 ], [ 647657.4256550000282, 4559168.91752600017935 ], [ 647638.201275, 4559183.722365999594331 ], [ 647598.744462999980897, 4559210.901688000187278 ], [ 647524.680038, 4559256.662541000172496 ], [ 647497.053548999945633, 4559274.885312999598682 ], [ 647484.643963000038639, 4559284.308315999805927 ], [ 647468.292724000057206, 4559298.582991000264883 ], [ 647456.959272, 4559311.237565999850631 ], [ 647443.780459000030532, 4559325.509747000411153 ], [ 647413.975317999953404, 4559367.689983 ], [ 647389.732055000029504, 4559406.250858999788761 ], [ 647368.498453999985941, 4559431.678038000129163 ], [ 647354.9473, 4559446.953538999892771 ], [ 647333.660273000015877, 4559468.803434000350535 ], [ 647318.232092999969609, 4559481.453286999836564 ], [ 647310.181217, 4559488.665501000359654 ], [ 647294.816377999959514, 4559499.428572 ], [ 647273.226703000022098, 4559513.420219000428915 ], [ 647248.715473999967799, 4559525.809174000285566 ], [ 647232.584294999949634, 4559532.969505 ], [ 647211.906191000016406, 4559541.304290000349283 ], [ 647189.898078999947757, 4559548.179568000137806 ], [ 647163.211895999964327, 4559554.827297000214458 ], [ 647121.730518999975175, 4559563.153800000436604 ], [ 647080.724494999973103, 4559569.135537000373006 ], [ 647056.307875000056811, 4559576.440247000195086 ], [ 646997.902827000012621, 4559603.807265000417829 ], [ 647020.645298999967054, 4559600.866810999810696 ], [ 647042.757314000045881, 4559601.312311000190675 ], [ 647059.71208900003694, 4559604.486108000390232 ], [ 647081.113255999982357, 4559615.635169999673963 ], [ 647124.370321, 4559643.673615000210702 ], [ 647204.16131, 4559711.83286300022155 ], [ 647224.234367000055499, 4559726.809539999812841 ], [ 647237.155691999942064, 4559741.464271999895573 ], [ 647248.230068000033498, 4559752.827553999610245 ], [ 647258.570891999988817, 4559765.608792000450194 ], [ 647265.061461, 4559778.312345 ], [ 647266.459856000030413, 4559781.372643999755383 ], [ 647269.979142999975011, 4559791.195186000317335 ], [ 647272.957765000057407, 4559807.848433 ], [ 647275.257469999953173, 4559824.876706999726593 ], [ 647332.254192000022158, 4559856.014852999709547 ], [ 647354.582242000033148, 4559865.673002 ], [ 647410.568648000014946, 4559889.88313 ], [ 647471.555555999977514, 4559912.873084999620914 ], [ 647530.997009000042453, 4559934.255194 ], [ 647612.355121999979019, 4559962.356324000284076 ], [ 647625.377655999967828, 4559969.461402 ], [ 647641.814795000012964, 4559980.3340729996562 ], [ 647653.122067000018433, 4559988.848349000327289 ], [ 647665.381058000028133, 4560000.09190099965781 ], [ 647674.147972999955527, 4560011.809023000299931 ], [ 647679.320672999951057, 4560023.242389 ], [ 647682.565165000036359, 4560035.414192000404 ], [ 647683.947132, 4560050.469321999698877 ], [ 647684.196653999970295, 4560060.114857000298798 ], [ 647682.807295999955386, 4560073.203571000136435 ], [ 647678.360752, 4560093.060937999747694 ], [ 647670.660992000019178, 4560117.350619000382721 ], [ 647668.761800999986008, 4560127.852297999896109 ], [ 647669.180361, 4560140.755471999756992 ], [ 647670.320652000023983, 4560150.752231 ], [ 647672.742409999947995, 4560159.20890299975872 ], [ 647679.23429000005126, 4560166.404059000313282 ], [ 647665.034970000036992, 4560361.336535999551415 ], [ 647661.826821999973617, 4560378.886599999852479 ], [ 647691.713818000047468, 4560385.611247999593616 ], [ 647738.838574999943376, 4560400.492964999750257 ], [ 647768.334655000013299, 4560411.597109000198543 ], [ 647805.243019000045024, 4560428.760228999890387 ], [ 647842.220981, 4560447.035611 ], [ 647890.597243999945931, 4560478.381427000276744 ], [ 647915.255763, 4560497.54035700019449 ], [ 647931.578254999942146, 4560513.986941000446677 ], [ 647944.021950999973342, 4560526.400967 ], [ 647956.003176999976858, 4560543.82581099960953 ], [ 647967.399196999962442, 4560562.382786000147462 ], [ 648009.749414999969304, 4560641.298906000331044 ], [ 648026.225681000039913, 4560660.892013000324368 ], [ 648065.691373000037856, 4560701.621078999713063 ], [ 648087.254459999967366, 4560720.684508999809623 ], [ 648096.749515000032261, 4560727.041415000334382 ], [ 648103.975972000043839, 4560729.831488000229001 ], [ 648128.714384000049904, 4560738.374932000413537 ], [ 648129.385373000055552, 4560742.520209000445902 ], [ 648125.376353000057861, 4560758.965417000465095 ], [ 648110.034512000042014, 4560848.417407999746501 ], [ 648137.108786000055261, 4560843.969182999804616 ], [ 648033.388045000028796, 4560985.638485999777913 ], [ 647964.023933000047691, 4561070.895871999673545 ], [ 647973.912344999960624, 4561085.968182999640703 ], [ 647986.49896700005047, 4561113.201433000154793 ], [ 647996.57636199996341, 4561137.562725 ], [ 648012.105793999973685, 4561160.757407000288367 ], [ 648036.045488000032492, 4561188.743152 ], [ 648051.518174999975599, 4561201.90752200037241 ], [ 648070.324507000041194, 4561216.172512999735773 ], [ 648089.679091, 4561228.638311999849975 ], [ 648147.16453199996613, 4561268.878687 ], [ 648103.112761000054888, 4561329.403597 ], [ 648056.624482000013813, 4561382.693314 ], [ 648035.468856, 4561406.898337 ], [ 647945.244496, 4561351.867079 ], [ 647957.633661000058055, 4561418.591349000111222 ], [ 647964.073753, 4561439.846738000400364 ], [ 647983.8547790000448, 4561510.663885000161827 ], [ 647993.579368000035174, 4561544.525305000133812 ], [ 648002.089170000050217, 4561565.06749099958688 ], [ 648011.322770999977365, 4561575.572905999608338 ], [ 648029.590636000037193, 4561584.906689999625087 ], [ 648043.43686500005424, 4561590.11907 ], [ 648035.432445000042208, 4561629.418355000205338 ], [ 648028.889037000015378, 4561641.380630999803543 ], [ 648016.51830700004939, 4561652.347219999879599 ], [ 648009.141168999951333, 4561661.160528999753296 ], [ 648008.859305000049062, 4561675.049168 ], [ 648010.488295000046492, 4561705.569852000102401 ], [ 648016.604180000023916, 4561714.668112000450492 ], [ 648048.943706, 4561739.981209999881685 ], [ 648083.785198000026867, 4561752.794796999543905 ], [ 648103.420933000044897, 4561761.256933 ], [ 648119.079418999957852, 4561765.617751000449061 ], [ 648135.409346999949776, 4561771.202863000333309 ], [ 648145.733304, 4561770.135315 ], [ 648152.685904999962077, 4561773.963949999772012 ], [ 648161.040229000034742, 4561781.475143999792635 ], [ 648167.521640000049956, 4561783.306137000210583 ], [ 648176.076698999968357, 4561780.936540000140667 ], [ 648188.490986000047997, 4561769.893357000313699 ], [ 648194.502584, 4561767.183326999656856 ], [ 648198.702630999963731, 4561769.812091000378132 ], [ 648199.674110000021756, 4561777.739744000136852 ], [ 648200.951866999967024, 4561798.668366 ], [ 648204.52247600001283, 4561818.233044000342488 ], [ 648207.121753999963403, 4561829.037074999883771 ], [ 648110.38749, 4561984.152650999836624 ], [ 648084.722156999981962, 4562028.90197900030762 ], [ 648069.676945999963209, 4562060.883392999880016 ], [ 648058.275688000023365, 4562090.239912999793887 ], [ 648053.398915000027046, 4562108.966606999747455 ], [ 648049.428438000031747, 4562127.267439000308514 ], [ 648046.200610000058077, 4562153.202487000264227 ], [ 648041.704546, 4562175.080089 ], [ 648028.417997000040486, 4562208.885443000122905 ], [ 648000.304054999956861, 4562252.408014999702573 ], [ 647895.864196000038646, 4562421.463959 ], [ 647947.864535999950022, 4562522.81163000036031 ], [ 647959.459859000053257, 4562534.686660000123084 ], [ 647993.665095999953337, 4562553.451345999725163 ], [ 648085.186244999989867, 4562601.67979000043124 ], [ 648102.999537999974564, 4562613.847962000407279 ], [ 648131.3025, 4562727.377375000156462 ], [ 648159.750727999955416, 4562806.468239 ], [ 648173.885722000035457, 4562863.799195 ], [ 648179.263321000034921, 4562906.269209999591112 ], [ 648175.557356999954209, 4562949.109933 ], [ 648175.006529, 4562976.210040999576449 ], [ 648186.88866399996914, 4563032.928829000331461 ], [ 648189.902586000040174, 4563052.193478000350296 ], [ 648185.993615000043064, 4563076.959572999738157 ], [ 648144.915769999963231, 4563257.41835 ], [ 648119.906213999958709, 4563406.705388000234962 ], [ 648110.72077699995134, 4563523.982597 ], [ 648113.864684000029229, 4563648.285423999652267 ], [ 648110.567120000021532, 4563717.690492999739945 ], [ 648106.068067000014707, 4563733.95915799960494 ], [ 648095.522453999961726, 4563781.981038000434637 ], [ 648602.580344000016339, 4563815.170779 ], [ 648618.99557399994228, 4563854.989771000109613 ], [ 648514.053373, 4564023.03818800020963 ], [ 648345.399069000035524, 4564113.776604999788105 ], [ 648131.585112, 4564235.132411000318825 ], [ 648108.963726000045426, 4564248.878017 ], [ 648078.962615999975242, 4564273.746979 ], [ 648061.009932999964803, 4564292.585593 ], [ 648048.460626999964006, 4564324.517706000246108 ], [ 648031.318913999944925, 4564359.177631 ], [ 648020.772844000020996, 4564375.901044 ], [ 648010.441542000044137, 4564382.466244 ], [ 647524.002325, 4564408.165226999670267 ], [ 647294.600874, 4564313.583193999715149 ], [ 647225.54585, 4564332.712663000449538 ], [ 647222.447209, 4564285.591409999877214 ], [ 647223.234501000028104, 4564246.623165000230074 ], [ 647227.491664999979548, 4564213.989145999774337 ], [ 647220.515276000020094, 4564158.715068000368774 ], [ 647216.057873000041582, 4564134.423754000104964 ], [ 647208.602290999959223, 4564124.865859 ], [ 647199.272071999963373, 4564118.8464289996773 ], [ 647185.738076, 4564120.81659600045532 ], [ 647174.731528999982402, 4564131.356586 ], [ 647169.459383000037633, 4564124.974889 ], [ 647170.77275, 4564104.376477000303566 ], [ 647173.218349999981001, 4564094.574323000386357 ], [ 647198.111165, 4564065.044867999851704 ], [ 647209.361476000049151, 4564042.859019 ], [ 647222.976020999951288, 4563992.487994000315666 ], [ 647228.801011999952607, 4563971.092205000109971 ], [ 647226.961545999976806, 4563950.885475999675691 ], [ 647217.041546999942511, 4563929.626985999755561 ], [ 647202.483280000044033, 4563915.438575999811292 ], [ 647202.202564000035636, 4563906.914153000339866 ], [ 647208.788102000020444, 4563892.708568000234663 ], [ 647209.449142999947071, 4563882.403900999575853 ], [ 647200.697783999959938, 4563870.132063000462949 ], [ 647185.269447, 4563854.582224999554455 ], [ 647172.857931999955326, 4563822.955478000454605 ], [ 647169.859482, 4563815.275812 ], [ 647156.008067999966443, 4563810.509061000309885 ], [ 647149.321869999985211, 4563807.686268 ], [ 647142.327125999960117, 4563775.280426999554038 ], [ 647133.892863000044599, 4563769.7234589997679 ], [ 647129.100238000042737, 4563762.007593999616802 ], [ 647126.698989000055008, 4563747.176261999644339 ], [ 647135.730587000027299, 4563723.146245 ], [ 647132.842191, 4563687.991146000102162 ], [ 647133.871387999970466, 4563678.971168000251055 ], [ 647140.045990000013262, 4563668.089200999587774 ], [ 647141.285880999988876, 4563648.633294000290334 ], [ 647138.646018999977969, 4563638.972811000421643 ], [ 647122.806231, 4563609.287267999723554 ], [ 647131.375415000016801, 4563577.839824000373483 ], [ 647138.057469, 4563555.950373000465333 ], [ 647129.358627, 4563509.471461 ], [ 647139.907170000020415, 4563323.882527999579906 ], [ 647142.626740999985486, 4563301.346657999791205 ], [ 647150.74903299997095, 4563292.469871999695897 ], [ 647167.432721000048332, 4563280.389541000127792 ], [ 647175.820151999942027, 4563257.96811299957335 ], [ 647175.166730000055395, 4563205.998373 ], [ 647180.432063000043854, 4563169.963897 ], [ 647164.724599999957718, 4563077.584413000382483 ], [ 647161.730431, 4563028.954943999648094 ], [ 647163.052721000043675, 4562991.707995999604464 ], [ 647178.52520499995444, 4562955.313149999827147 ], [ 647194.143179, 4562912.135154999792576 ], [ 647202.325605000020005, 4562871.639223 ], [ 647218.060806000023149, 4562822.255067000165582 ], [ 647213.920338000054471, 4562774.735309000127017 ], [ 647203.610164999961853, 4562751.93637099955231 ], [ 647221.917602999950759, 4562715.587732000276446 ], [ 647239.651756, 4562651.561098 ], [ 647237.775465999962762, 4562632.319953000172973 ], [ 647224.941930999979377, 4562621.898284000344574 ], [ 647198.964178, 4562616.853385999798775 ], [ 647167.717316000023857, 4562620.176527 ], [ 647146.678077999968082, 4562623.13937299977988 ], [ 647136.584532, 4562617.848864000290632 ], [ 647119.120321, 4562612.420742000453174 ], [ 647110.492696000030264, 4562618.455218999646604 ], [ 647071.192201999947429, 4562655.502369999885559 ], [ 647053.238536000018939, 4562674.3434549998492 ], [ 647043.858597000013106, 4562689.403566 ], [ 647045.025572999962606, 4562715.971765000373125 ], [ 647036.204450999968685, 4562731.609588 ], [ 647024.158325999975204, 4562738.708083 ], [ 647003.119503999943845, 4562741.671334000304341 ], [ 646988.653179000015371, 4562756.062516000121832 ], [ 646969.351816999958828, 4562785.605545000173151 ], [ 646939.857522999984212, 4562814.387842000462115 ], [ 646891.434172000037506, 4562868.011791000142694 ], [ 646805.325545000028796, 4562729.111545000225306 ], [ 646744.532436999958009, 4562754.698818 ], [ 646661.125069999950938, 4562785.296028000302613 ], [ 646614.277147999964654, 4562809.898749000392854 ], [ 646598.22348799998872, 4562825.269436 ], [ 646557.38699499994982, 4562886.755975999869406 ], [ 646464.156624000053853, 4563025.635223999619484 ], [ 646421.375591999967583, 4563094.258182999677956 ], [ 646415.855333999963477, 4563099.32294199988246 ], [ 646387.912312999949791, 4563124.962020999751985 ], [ 646366.189506000024267, 4563140.341498999856412 ], [ 646349.121244000038132, 4563152.415892000310123 ], [ 646315.460651000030339, 4563192.978659000247717 ], [ 646255.160146999987774, 4563260.351235000416636 ], [ 646180.629695000010543, 4563342.232741000130773 ], [ 646099.2082, 4563431.140509 ], [ 646078.755616000038572, 4563452.688136000186205 ], [ 646061.627681000041775, 4563499.192103000357747 ], [ 646027.875479000038467, 4563589.278111999854445 ], [ 645973.522478000028059, 4563652.284927000291646 ], [ 645969.200985, 4563659.928498 ], [ 645948.333165999967605, 4563696.817311 ], [ 645940.84586300002411, 4563722.667686999775469 ], [ 645925.260408999980427, 4563770.535592 ], [ 645896.322738999966532, 4563799.988208999857306 ], [ 645850.227810999960639, 4563832.684949999675155 ], [ 645787.272069000056945, 4563876.462132999673486 ], [ 645759.06866899994202, 4563902.797914000228047 ], [ 645719.585465000011027, 4563965.193129000253975 ], [ 645696.958618000033312, 4563994.106274999678135 ], [ 645672.066532999975607, 4564001.671970999799669 ], [ 645649.071497000055388, 4564004.122256999835372 ], [ 645634.134429999976419, 4564008.755018999800086 ], [ 645617.309999000048265, 4564017.603877999819815 ], [ 645515.704068999970332, 4564115.521478 ], [ 645414.757978999987245, 4564214.131046 ], [ 645344.897986000054516, 4564276.821614 ], [ 645326.407054999959655, 4564293.590091999620199 ], [ 645267.246517000021413, 4564346.754373 ], [ 645245.319773999974132, 4564374.772028 ], [ 645231.712764000054449, 4564403.188795999623835 ], [ 645185.810064999968745, 4564493.924522999674082 ], [ 645144.148782999953255, 4564575.548843 ], [ 645109.482045999960974, 4564644.551354000344872 ], [ 645062.361490000039339, 4564729.210484 ], [ 645027.412571999942884, 4564790.133325000293553 ], [ 645017.118087999988347, 4564832.943699999712408 ], [ 645013.874987000017427, 4564845.473864999599755 ], [ 644966.76232700003311, 4564763.38147300016135 ], [ 644940.785576, 4564712.674635999836028 ], [ 644914.194374999962747, 4564692.42066099960357 ], [ 644889.458485999959521, 4564669.527032 ], [ 644785.593660000013188, 4564689.64187700022012 ], [ 644841.93908299994655, 4564480.361478 ], [ 644837.199510999955237, 4564447.103459999896586 ], [ 644742.858357000048272, 4564395.027785000391304 ], [ 644707.509998, 4564362.961175999604166 ], [ 644623.414421000052243, 4564293.164862999692559 ], [ 644596.633540999959223, 4564282.770898000337183 ], [ 644541.456158000044525, 4564252.099844000302255 ], [ 644442.998936000047252, 4564225.946716000325978 ], [ 644386.008710999973118, 4564196.140575 ], [ 644322.061450000037439, 4564137.753649 ], [ 644258.065428999951109, 4564075.423604000359774 ], [ 644194.437332, 4563952.904885999858379 ], [ 644181.983235000050627, 4563890.584942 ], [ 644034.499273000052199, 4563907.726721 ], [ 643809.073280000011437, 4563931.951534999534488 ], [ 643834.432469, 4564014.916666000150144 ], [ 643941.61289999994915, 4564146.111025 ], [ 643961.701116999960504, 4564313.225519999861717 ], [ 643999.187750000040978, 4564419.732196999713778 ], [ 644110.339953999966383, 4564622.699732 ], [ 643975.721842000028118, 4564605.700078000314534 ], [ 643849.91252200002782, 4564597.839680000208318 ], [ 643711.137706, 4564529.218298000283539 ], [ 643529.563311, 4564509.290776000358164 ], [ 643245.3432, 4564540.581772999837995 ], [ 643205.607621000031941, 4564678.551981000229716 ], [ 643181.695801, 4564753.00528599973768 ], [ 643128.485201, 4564930.327298000454903 ], [ 643123.329838, 4564954.57107700034976 ], [ 643117.99783100001514, 4564981.832309000194073 ], [ 643114.381294999970123, 4565007.994399 ], [ 643039.471214000019245, 4564997.926928999833763 ], [ 642964.552796000032686, 4564987.848968000151217 ], [ 642865.025249999947846, 4564966.971401000395417 ], [ 642867.297782000037841, 4564937.46208699978888 ], [ 642864.723444, 4564919.93028200045228 ], [ 642861.276283000013791, 4564866.085962999612093 ], [ 642882.349503000034019, 4564801.071976999752223 ], [ 642890.999962999951094, 4564726.851610000245273 ], [ 642897.435629999963567, 4564719.81426400039345 ], [ 642911.432576, 4564694.100046999752522 ], [ 642924.269171, 4564681.801719999872148 ], [ 642940.684268999961205, 4564670.473228000104427 ], [ 642967.052126999944448, 4564656.641225 ], [ 642995.125710000051185, 4564647.340843999758363 ], [ 642989.111694999970496, 4564632.884573999792337 ], [ 642986.025609, 4564606.824145000427961 ], [ 642991.186686999979429, 4564572.873493 ], [ 642997.007143000024371, 4564551.474804 ], [ 643009.861775, 4564538.277355999685824 ], [ 643036.450255000032485, 4564512.810498000122607 ], [ 643056.726049000048079, 4564488.108294 ], [ 643063.645434999954887, 4564456.879928999580443 ], [ 643064.613033000030555, 4564407.59802099969238 ], [ 643007.15362500003539, 4564401.094646999612451 ], [ 642928.398064999957569, 4564379.824633999727666 ], [ 642887.178350999951363, 4564370.953056000173092 ], [ 642777.172627000021748, 4564337.421489999629557 ], [ 642728.682420999975875, 4564378.60877799987793 ], [ 642718.757592999958433, 4564425.915961000137031 ], [ 642721.739716000040062, 4564457.338521 ], [ 642700.945615999982692, 4564462.317801999859512 ], [ 642641.026186999981292, 4564489.820984999649227 ], [ 642599.692449999973178, 4564487.223832 ], [ 642477.219141999958083, 4564447.177736000157893 ], [ 642458.073684999952093, 4564505.955385000444949 ], [ 642424.89789300004486, 4564592.246692 ], [ 642380.904642999987118, 4564633.512942999601364 ], [ 642364.806161000044085, 4564536.407284 ], [ 642352.211214, 4564490.447834 ], [ 642307.333906000014395, 4564392.76908199954778 ], [ 642249.741709999972954, 4564301.11748499982059 ], [ 642184.233483999967575, 4564199.90497300028801 ], [ 642085.905229000025429, 4564213.224833999760449 ], [ 642049.855618000030518, 4564216.098221000283957 ], [ 641953.924742999952286, 4564175.690216000191867 ], [ 641868.677293000044301, 4564140.866910999640822 ], [ 641794.148383999941871, 4564109.8404989996925 ], [ 641753.003168000024743, 4564096.578851999714971 ], [ 641642.023564000031911, 4564066.988594999536872 ], [ 641648.963647000025958, 4564057.261180000379682 ], [ 641642.946451999945566, 4564042.806113 ], [ 641626.096906000049785, 4564029.928624999709427 ], [ 641635.457833, 4564011.285538 ], [ 641669.31403, 4563982.367798999883235 ], [ 641691.197112999972887, 4563967.55552 ], [ 641703.319049000041559, 4563945.378887999802828 ], [ 641707.507853999966756, 4563914.984906 ], [ 641707.307672000024468, 4563879.130180000327528 ], [ 641722.189877999946475, 4563854.319543999619782 ], [ 641735.339262999943458, 4563825.899035999551415 ], [ 641750.352773000020534, 4563793.916394 ], [ 641764.059239999973215, 4563783.432184999808669 ], [ 641774.265575999976136, 4563767.493401000276208 ], [ 641772.951193999964744, 4563742.367803 ], [ 641786.692776000010781, 4563730.085109 ], [ 641790.82972699997481, 4563702.377857999876142 ], [ 641803.596211, 4563693.663528 ], [ 641819.907021000050008, 4563687.705888000316918 ], [ 641840.824437999981456, 4563676.46252700034529 ], [ 641854.009791000047699, 4563646.232594000175595 ], [ 641871.915387999964878, 4563604.455250999890268 ], [ 641881.312228000024334, 4563584.025039999745786 ], [ 641889.724953999975696, 4563568.051484 ], [ 641894.689605999970809, 4563543.947697999887168 ], [ 641889.091247000033036, 4563507.976754000410438 ], [ 641887.628419999964535, 4563490.922454999759793 ], [ 641895.20560700003989, 4563471.345332000404596 ], [ 641902.007874, 4563445.478118999861181 ] ], [ [ 654555.581238999962807, 4563390.836694000288844 ], [ 654792.061880000052042, 4563316.061134999617934 ], [ 654821.850249000010081, 4563281.617452000267804 ], [ 654864.208298000041395, 4563245.41941099986434 ], [ 654894.565628999960609, 4563214.231367999687791 ], [ 654911.589779000030831, 4563196.666217000223696 ], [ 654954.615396999986842, 4563120.030661 ], [ 654976.256303000031039, 4563054.592063999734819 ], [ 654999.538366999942809, 4562996.807908999733627 ], [ 655023.419161999947391, 4562974.001811999827623 ], [ 655063.456789999967441, 4562974.853314000181854 ], [ 655159.457241000025533, 4562989.002693000249565 ], [ 655260.062173999962397, 4563018.934719 ], [ 655337.33314700005576, 4563025.068102999590337 ], [ 655378.691862000036053, 4563027.293465999886394 ], [ 655424.813364999950863, 4563016.625221 ], [ 655474.884757000021636, 4562989.891671 ], [ 655508.30284500005655, 4562963.258589000441134 ], [ 655526.293297, 4562942.572060000151396 ], [ 655531.8284289999865, 4562894.273974999785423 ], [ 655537.866768999956548, 4562801.158084000460804 ], [ 655564.771531000034884, 4562742.108817 ], [ 655615.265907000051811, 4562695.669913999736309 ], [ 655682.056106999982148, 4562686.777223000302911 ], [ 655860.732052, 4562726.893020000308752 ], [ 655902.870711999945343, 4562735.880017999559641 ], [ 655955.041737, 4562737.45121300034225 ], [ 656050.006905999965966, 4562694.643423999659717 ], [ 656084.132553, 4562677.446879000402987 ], [ 655944.944227, 4562578.080162 ], [ 655823.959603999974206, 4562490.756753000430763 ], [ 655791.234276999952272, 4562463.611236999742687 ], [ 655770.264092999976128, 4562434.017958000302315 ], [ 655746.883496999973431, 4562412.003894999623299 ], [ 655710.136232999968342, 4562383.417794999666512 ], [ 655683.323645, 4562374.781453999690711 ], [ 655660.062095999950543, 4562367.998169000260532 ], [ 655637.444327999954112, 4562352.27632199972868 ], [ 655621.132431, 4562336.689129999838769 ], [ 655597.828925000037998, 4562310.634222 ], [ 655534.825426999945194, 4562268.493452000431716 ], [ 655517.199052999960259, 4562229.553442000411451 ], [ 655495.925843999953941, 4562193.234756999649107 ], [ 655462.616903000045568, 4562109.132032000459731 ], [ 655415.056681000045501, 4562038.631919000297785 ], [ 655393.815274999942631, 4562022.029458000324667 ], [ 655378.670126999961212, 4561989.818130999803543 ], [ 655397.70070799998939, 4561966.076701999641955 ], [ 655432.716489000013098, 4561907.18867199961096 ], [ 655455.60991, 4561846.698408000171185 ], [ 655471.227343, 4561810.710958000272512 ], [ 655490.628830999950878, 4561756.621810000389814 ], [ 655504.166256000055, 4561722.189500999636948 ], [ 655528.070453000022098, 4561698.941036 ], [ 655580.710603000014089, 4561636.38648600038141 ], [ 655604.420633999980055, 4561601.027308999560773 ], [ 655642.536756000015885, 4561544.449945 ], [ 655686.336321, 4561495.613582000136375 ], [ 655720.955810999963433, 4561455.100648 ], [ 655737.962601999985054, 4561417.799382000230253 ], [ 655772.783794000046328, 4561367.872100000269711 ], [ 655792.17680300003849, 4561344.97236 ], [ 655821.456831000046805, 4561322.728162 ], [ 655860.699253999977373, 4561298.009011999703944 ], [ 655947.289066000026651, 4561247.844906000420451 ], [ 655988.645875000045635, 4561229.447165000252426 ], [ 656008.601807, 4561222.254433000460267 ], [ 656033.697941, 4561206.197107000276446 ], [ 656059.370431000017561, 4561184.776317999698222 ], [ 656091.998506000032648, 4561153.185879999771714 ], [ 656129.274450000026263, 4561114.975209999829531 ], [ 656168.101531, 4561067.823315000161529 ], [ 656180.119235, 4561052.84155 ], [ 656188.334454, 4561045.764452000148594 ], [ 656202.504811999970116, 4561037.62641 ], [ 656218.930705999955535, 4561027.215296000242233 ], [ 656238.673567999969237, 4561009.244618000462651 ], [ 656265.775623, 4560983.823206 ], [ 656296.677689000032842, 4560949.064403000287712 ], [ 656325.930712, 4560907.084025000222027 ], [ 656334.484810999943875, 4560893.60548899974674 ], [ 656365.531142, 4560844.710578000172973 ], [ 656396.355057999957353, 4560792.900928 ], [ 656415.267278000013903, 4560750.710288999602199 ], [ 656420.744925, 4560732.012140000239015 ], [ 656425.461393999983557, 4560715.941185999661684 ], [ 656433.263237999984995, 4560687.862867999821901 ], [ 656433.734114, 4560665.902925999835134 ], [ 656431.43592700001318, 4560647.460128 ], [ 656407.803411999950185, 4560531.705182 ], [ 656393.859085, 4560468.173011000268161 ], [ 656384.923466, 4560444.223194999620318 ], [ 656385.646676999982446, 4560431.232176999561489 ], [ 656388.818494, 4560409.319032999686897 ], [ 656398.018958, 4560379.027009 ], [ 656435.351845000055619, 4560275.786291999742389 ], [ 656438.427680999971926, 4560258.358412000350654 ], [ 656447.406446999986656, 4560217.287709999829531 ], [ 656458.681148999952711, 4560195.55943899974227 ], [ 656482.710038000019267, 4560166.474054000340402 ], [ 656523.46652300003916, 4560134.15992399957031 ], [ 656549.249835000024177, 4560107.811421000398695 ], [ 656566.034148999955505, 4560080.814512999728322 ], [ 656572.805143999983557, 4560058.978655000217259 ], [ 656580.232303999946453, 4560027.293691 ], [ 656585.150391999981366, 4560008.117131999693811 ], [ 656594.709024999989197, 4559982.309197999536991 ], [ 656595.103327000048012, 4559963.935247999615967 ], [ 656593.682671000016853, 4559925.329467000439763 ], [ 656586.127646, 4559899.609687999822199 ], [ 656565.836495999945328, 4559859.255052999593318 ], [ 656544.466084999963641, 4559825.774900999851525 ], [ 656536.379642999963835, 4559805.253064 ], [ 656525.389164000051096, 4559771.829039 ], [ 656510.364787, 4559737.874235999770463 ], [ 656495.418532000039704, 4559699.878131999634206 ], [ 656479.234437, 4559635.842507 ], [ 656475.344784999964759, 4559607.05815 ], [ 656484.410753999953158, 4559583.48317 ], [ 656495.05264, 4559558.042663999833167 ], [ 656499.719164, 4559541.204277999699116 ], [ 656506.644143000012264, 4559512.196426999755204 ], [ 656507.424026999971829, 4559496.962991000153124 ], [ 656504.152068999945186, 4559481.642666 ], [ 656503.092340999981388, 4559472.745303000323474 ], [ 656503.649836999946274, 4559462.794117 ], [ 656508.860389000037685, 4559440.158347000367939 ], [ 656489.82572700001765, 4559327.023432999849319 ], [ 656454.245948, 4559304.412839000113308 ], [ 656553.160458000027575, 4559173.169933999888599 ], [ 656659.394335999968462, 4559121.846005000174046 ], [ 656790.020552000030875, 4559042.390906999818981 ], [ 656837.187409, 4558942.939620000310242 ], [ 656894.547558999969624, 4558913.671916999854147 ], [ 656925.441989999962971, 4558900.874088999815285 ], [ 656972.131897000013851, 4558865.102016 ], [ 657045.499497000011615, 4558761.716954999603331 ], [ 657101.251226000022143, 4558566.252305 ], [ 657109.031816, 4558538.973832 ], [ 657148.753020999953151, 4558399.700194999575615 ], [ 657196.532484999974258, 4558269.075028999708593 ], [ 657116.582830999977887, 4558215.783353 ], [ 657095.892130000051111, 4558174.374773999676108 ], [ 657105.488493000040762, 4558034.241785 ], [ 657120.434715999988839, 4557957.20175 ], [ 657184.90995, 4557898.477238999679685 ], [ 657342.36445300001651, 4557806.71289199963212 ], [ 657462.109074000036344, 4557703.075718999840319 ], [ 657584.744165000040084, 4557634.879247999750078 ], [ 657786.93961, 4557539.58003900013864 ], [ 657882.921306999982335, 4557452.574374999850988 ], [ 657937.780975, 4557373.521822 ], [ 657967.238703, 4557198.91985800024122 ], [ 657965.84865900001023, 4556960.40612499974668 ], [ 658121.158853000029922, 4556954.358827999792993 ], [ 658176.412299999967217, 4556919.43437 ], [ 658289.182004999951459, 4556804.906713999807835 ], [ 658350.500167, 4556721.531716999597847 ], [ 658380.961511999950744, 4556656.459301000460982 ], [ 658415.4772220000159, 4556622.430877 ], [ 658445.350002, 4556615.892361000180244 ], [ 658500.843588000047021, 4556642.454156000167131 ], [ 658520.648419999983162, 4556695.154768000356853 ], [ 658505.629484000033699, 4556754.275015999563038 ], [ 658483.26902, 4556850.711961000226438 ], [ 658474.642639999976382, 4556895.387102999724448 ], [ 658462.168616999988444, 4557034.212953999638557 ], [ 658465.687653, 4557324.367164 ], [ 658470.542035000049509, 4557665.510780000127852 ], [ 658494.411458999966271, 4557885.08695499971509 ], [ 658529.188057000050321, 4558054.961717000231147 ], [ 658666.339414000045508, 4558478.275146 ], [ 658597.298061999958009, 4558671.464111999608576 ], [ 658612.833404000033624, 4558806.366894000209868 ], [ 658648.781497000018135, 4558871.737200999632478 ], [ 658649.157675000024028, 4558958.315925000235438 ], [ 658723.425165000022389, 4559042.01369300018996 ], [ 658796.631453, 4559112.682520999573171 ], [ 658887.865062, 4559161.763111 ], [ 659083.482457999954931, 4559173.210474000312388 ], [ 659213.576408999972045, 4559194.885179 ], [ 659426.009257000056095, 4559240.330691000446677 ], [ 659496.26554000005126, 4559352.661965999752283 ], [ 659538.917046000016853, 4559419.972032000310719 ], [ 659580.923750999965705, 4559487.945847 ], [ 659635.091334, 4559541.324213 ], [ 659660.996170999947935, 4559562.61733299959451 ], [ 659719.703823999967426, 4559626.703309999778867 ], [ 659755.144224000046961, 4559667.465777999721467 ], [ 659790.313123999978416, 4559733.258653 ], [ 659811.55594, 4559792.626555000431836 ], [ 659857.502573000034317, 4559914.992813000455499 ], [ 659858.378806, 4559946.634901000186801 ], [ 659699.576546999975108, 4560810.037978 ], [ 659641.889089999953285, 4560897.279496000148356 ], [ 659639.015234000049531, 4560946.544773999601603 ], [ 659660.072568999952637, 4561053.737095000222325 ], [ 659699.447432999964803, 4561105.715509999543428 ], [ 659732.993927999981679, 4561136.05139399971813 ], [ 659746.746885000029579, 4561165.942835999652743 ], [ 659750.299935000017285, 4561209.073161999695003 ], [ 659734.808393000042997, 4561258.961834999732673 ], [ 659742.146407000022009, 4561322.36841700039804 ], [ 659789.561337, 4561399.837448 ], [ 659807.092595999944024, 4561451.027095000259578 ], [ 659813.740028999978676, 4561513.741124000400305 ], [ 659811.12146599998232, 4561590.358622999861836 ], [ 659797.163728000014089, 4561651.055033000186086 ], [ 659841.713236000039615, 4561660.439615 ], [ 659844.264846, 4561759.552016999572515 ], [ 659835.106770999962464, 4561817.165722999721766 ], [ 659828.625420999946073, 4561866.351989000104368 ], [ 659818.448394999955781, 4561919.933582000434399 ], [ 659808.02888, 4561974.631728 ], [ 659802.913019999978133, 4562023.159273999743164 ], [ 659795.342125999974087, 4562060.436685999855399 ], [ 659786.222147000022233, 4562086.472714000381529 ], [ 659796.040381000027992, 4562110.891055 ], [ 659778.215191000024788, 4562215.643880999647081 ], [ 659778.779141, 4562241.214553999714553 ], [ 659783.651935999980196, 4562285.706828 ], [ 659785.370268000056967, 4562330.574287000112236 ], [ 659782.355616000015289, 4562406.505637000314891 ], [ 659772.779401, 4562453.380425999872386 ], [ 659737.624963999958709, 4562507.081291999667883 ], [ 659702.469784999964759, 4562540.155696 ], [ 659685.849659000057727, 4562548.988672999665141 ], [ 659650.669055999955162, 4562634.967673 ], [ 659640.576001, 4562664.114849000237882 ], [ 659634.901976999943145, 4562686.849806999787688 ], [ 659621.095113000017591, 4562690.590638999827206 ], [ 659574.692844999954104, 4562692.929348999634385 ], [ 659524.148567999945953, 4562698.998693999834359 ], [ 659474.788355999975465, 4562733.784873000346124 ], [ 659497.743505000020377, 4562754.013884999789298 ], [ 659514.953885999973863, 4562790.256439999677241 ], [ 659491.010282999952324, 4562814.835492 ], [ 659481.119394000037573, 4562855.872269 ], [ 659519.44223799998872, 4562914.0919030001387 ], [ 659587.203708000015467, 4563025.861077999696136 ], [ 659552.125493000028655, 4563147.930898999795318 ], [ 659523.809671, 4563208.280167000368237 ], [ 659462.124415999976918, 4563312.718154000118375 ], [ 659421.9873320000479, 4563378.196296 ], [ 659363.831725999945775, 4563486.299912 ], [ 659352.248894999967888, 4563521.912712000310421 ], [ 659322.407834999961779, 4563569.666747 ], [ 659296.163747000042349, 4563617.510607999749482 ], [ 659199.886703999945894, 4563698.779730999842286 ], [ 659152.001736999955028, 4563728.223946000449359 ], [ 659140.311840999987908, 4563747.673331 ], [ 659075.97909699997399, 4563768.250591999851167 ], [ 659052.782382, 4563799.556092999875546 ], [ 659007.766129, 4563842.514928 ], [ 658996.791102000046521, 4563859.980773 ], [ 658988.509395999950357, 4563895.099592000246048 ], [ 658980.674073999980465, 4563915.91064800042659 ], [ 658977.166182999964803, 4563925.219925999641418 ], [ 658962.451800000038929, 4563960.3095260001719 ], [ 658956.339236999978311, 4563992.898757999762893 ], [ 658970.886394000030123, 4564068.524603 ], [ 658966.094316, 4564102.486637 ], [ 658986.120607999968342, 4564133.40236399974674 ], [ 659011.426085000042804, 4564211.05135800037533 ], [ 659001.033688999945298, 4564284.100521000102162 ], [ 658972.68538699997589, 4564377.851021000184119 ], [ 658973.779787000035867, 4564492.61498299986124 ], [ 658946.563973000040278, 4564585.24619899969548 ], [ 658985.010392999975011, 4564720.551965000107884 ], [ 658950.789662000024691, 4564804.066591000184417 ], [ 658893.854497, 4564856.607060000300407 ], [ 658815.457327999989502, 4564985.765847999602556 ], [ 658805.06208299996797, 4565132.546505999751389 ], [ 658686.647309000021778, 4565281.449713 ], [ 658644.79178700002376, 4565385.403572999872267 ], [ 658512.64437, 4565586.881687000393867 ], [ 658470.168099, 4565595.820887999609113 ], [ 658448.546136999968439, 4565638.369659 ], [ 658461.963280000025406, 4565683.480078999884427 ], [ 658465.70447899994906, 4565759.747457000426948 ], [ 658459.995330999954604, 4565815.182710999622941 ], [ 658453.649562999955378, 4565863.6508569996804 ], [ 658422.130370000028051, 4565860.077288 ], [ 658423.270031000021845, 4565890.569806000217795 ], [ 658409.983944999985397, 4565990.581089000217617 ], [ 658397.478572999942116, 4566042.369721 ], [ 658298.829597000032663, 4566035.193246999755502 ], [ 658185.436132999951951, 4566032.396305999718606 ], [ 657824.158705999958329, 4566011.996078000403941 ], [ 657592.229499, 4566003.397370000369847 ], [ 657213.459559999988414, 4565920.825519000180066 ], [ 657124.036685000057332, 4565895.592636000365019 ], [ 657119.009840999962762, 4565795.09597900044173 ], [ 657079.964430000050925, 4565686.712519000284374 ], [ 657010.41807599994354, 4565574.073057999834418 ], [ 656896.787448000046425, 4565419.254354 ], [ 656556.197346, 4565442.393899000249803 ], [ 656026.995141000021249, 4565366.506485999561846 ], [ 655845.569469999987632, 4565310.629855000413954 ], [ 655636.264580999966711, 4564939.205792999826372 ], [ 655517.788671000045724, 4564690.540117000229657 ], [ 655381.660546, 4564713.126863 ], [ 655326.355995, 4564722.310678999871016 ], [ 655220.152832000050694, 4564723.635022000409663 ], [ 655132.931426999974065, 4564678.748211000114679 ], [ 655089.033513, 4564627.620381999760866 ], [ 654850.127543000038713, 4564183.295806 ], [ 654532.51110600004904, 4563800.044506000354886 ], [ 654368.950067, 4563518.167754 ], [ 654555.581238999962807, 4563390.836694000288844 ] ] ] } },
{ "type": "Feature", "properties": { "_group_key": "__all__", "_group_by": [ ], "_feature_count": 207, "_dissolved_count": 207, "_dissolve_status": "success", "_dissolve_engine": "shapely" }, "geometry": { "type": "Polygon", "coordinates": [ [ [ 635709.340962999965996, 4542895.965851999819279 ], [ 635655.548600999987684, 4542878.723767000250518 ], [ 635608.030187000054866, 4542873.758476000279188 ], [ 635579.367891, 4542876.504824000410736 ], [ 635553.7039400000358, 4542883.115836 ], [ 635541.402974999975413, 4542887.041983 ], [ 635506.349771999986842, 4542903.863246000371873 ], [ 635463.810005999985151, 4542930.796712 ], [ 635425.862733999965712, 4542955.89395400043577 ], [ 635392.716405999963172, 4542978.336950999684632 ], [ 635355.10823699994944, 4542996.477715999819338 ], [ 635327.790853000013158, 4542997.928295000456274 ], [ 635301.930724999983795, 4542989.22220699954778 ], [ 635277.139887999976054, 4542973.606168 ], [ 635219.739896000013687, 4542913.900410000234842 ], [ 635214.884143, 4542902.661105999723077 ], [ 635191.331187000032514, 4542882.825938999652863 ], [ 635160.613648000056855, 4542859.282923 ], [ 635119.735128000029363, 4542855.442626000382006 ], [ 635087.58371499995701, 4542853.573424000293016 ], [ 634891.306472999975085, 4542868.219158000312746 ], [ 634846.98945, 4542863.395417000167072 ], [ 634750.293060000054538, 4542838.008740999735892 ], [ 634603.794693000032566, 4542804.157842 ], [ 634562.718278000014834, 4542792.743199000135064 ], [ 634523.695924, 4542782.132723 ], [ 634487.286327, 4542765.70673600025475 ], [ 634450.35004199994728, 4542744.051779 ], [ 634393.862962999963202, 4542706.602455000393093 ], [ 634364.227730000042357, 4542687.624819999560714 ], [ 634338.182230000034906, 4542674.232384 ], [ 634311.643127999966964, 4542662.530123 ], [ 634277.412166, 4542659.815755999647081 ], [ 634249.075735999969766, 4542656.243242000229657 ], [ 634212.802186000044458, 4542660.821312 ], [ 634187.8149, 4542666.80534499976784 ], [ 634150.403925, 4542682.079540999606252 ], [ 634108.047334, 4542701.983275 ], [ 634023.786174, 4542744.709297999739647 ], [ 633983.131766999955289, 4542763.090078 ], [ 633938.848154, 4542775.274693000130355 ], [ 633909.530290000024252, 4542780.336586000397801 ], [ 633870.102326, 4542785.458425000309944 ], [ 633835.492345000035129, 4542787.414513000287116 ], [ 633799.237633000011556, 4542785.02080800011754 ], [ 633742.677714, 4542754.649356000125408 ], [ 633683.371727, 4542742.030092 ], [ 633580.2718589999713, 4542716.564599 ], [ 633518.934816999942996, 4542698.601389000192285 ], [ 633482.812326999963261, 4542685.21746 ], [ 633449.320197999943048, 4542671.015346 ], [ 633415.547692999942228, 4542654.187451000325382 ], [ 633381.155109000043012, 4542634.449972 ], [ 633358.630742999957874, 4542618.337688 ], [ 633327.382195999962278, 4542593.571414000354707 ], [ 633294.401568999979645, 4542565.06466200016439 ], [ 633239.127208000048995, 4542504.458807 ], [ 633209.67316300002858, 4542472.063043000176549 ], [ 633174.04443899996113, 4542433.702871999703348 ], [ 633136.605238000047393, 4542395.443303000181913 ], [ 633098.914563999976963, 4542355.724596999585629 ], [ 633066.650398000027053, 4542323.778227999806404 ], [ 633028.430181000032462, 4542289.103198000229895 ], [ 632983.109225000021979, 4542259.163781999610364 ], [ 632967.75239799998235, 4542279.985418999567628 ], [ 632917.412347999983467, 4542321.417599 ], [ 632894.509980999981053, 4542346.966784999705851 ], [ 632875.823276999988593, 4542359.876896999776363 ], [ 632843.444306000019424, 4542396.937319000251591 ], [ 632869.495818999945186, 4542435.266735999844968 ], [ 632889.219306000042707, 4542475.158535 ], [ 632905.199819999979809, 4542514.127495000138879 ], [ 632913.260173000046052, 4542528.81025 ], [ 632942.345638999948278, 4542543.540786 ], [ 632963.202597999945283, 4542552.86954400036484 ], [ 632978.981414000038058, 4542576.021184000186622 ], [ 632993.838106999988668, 4542594.825105999596417 ], [ 632995.807859999942593, 4542603.545105 ], [ 632998.748257, 4542612.538121 ], [ 633002.301699999952689, 4542635.035114999860525 ], [ 633006.562164, 4542649.14936999976635 ], [ 633015.768535000039265, 4542678.53415699955076 ], [ 633024.834458000026643, 4542694.3235990004614 ], [ 633034.498448999947868, 4542698.463397 ], [ 633052.148876999970526, 4542753.33241599984467 ], [ 633071.916872999980114, 4542821.266355000436306 ], [ 633097.253238999983296, 4542889.590127999894321 ], [ 633116.342274999944493, 4542916.566859000362456 ], [ 633141.650492000044324, 4542952.107611999846995 ], [ 633168.348954000044614, 4542991.660485999658704 ], [ 633182.253029000014067, 4543015.611509 ], [ 633217.192055, 4543065.386664000339806 ], [ 633242.791485999943689, 4543096.413262999616563 ], [ 633304.352625999948941, 4543184.263801 ], [ 633340.784093, 4543240.207963 ], [ 633376.016590000013821, 4543287.135262000374496 ], [ 633402.011371999979019, 4543321.312469 ], [ 633415.534277, 4543346.722969999536872 ], [ 633430.611085999989882, 4543386.098891000263393 ], [ 633449.253375999978743, 4543427.782986000180244 ], [ 633488.193066, 4543494.101547 ], [ 633511.802857000031509, 4543535.420924000442028 ], [ 633529.327890999964438, 4543564.058427999727428 ], [ 633538.617944000056013, 4543598.820535000413656 ], [ 633556.105411999975331, 4543703.395417000167072 ], [ 633470.211105, 4543688.805325999855995 ], [ 633425.311868999968283, 4543702.369742999784648 ], [ 633371.580451000016183, 4543704.990586999803782 ], [ 633323.168225000030361, 4543687.930013 ], [ 633276.440839000046253, 4543678.096601 ], [ 633281.692856000037864, 4543736.60578399989754 ], [ 633276.24336800002493, 4543789.845396 ], [ 633217.932978000026196, 4543830.253108000382781 ], [ 633214.327183000044897, 4543850.532472999766469 ], [ 633213.77224900003057, 4543881.084107000380754 ], [ 633231.77892900002189, 4543907.752911999821663 ], [ 633255.292367000016384, 4543978.898513999767601 ], [ 633267.879078999976628, 4544031.255409000441432 ], [ 633280.751151000033133, 4544067.437128 ], [ 633301.276828999980353, 4544097.039296999573708 ], [ 633290.483914999989793, 4544127.826860999688506 ], [ 633306.127730999956839, 4544160.46091 ], [ 633333.758634999976493, 4544178.942698 ], [ 633323.401809999952093, 4544197.766649000346661 ], [ 633329.252486999961548, 4544226.069344 ], [ 633347.882820000057109, 4544295.127628000453115 ], [ 633339.383253999985754, 4544315.862122000195086 ], [ 633361.511473000049591, 4544389.059713000431657 ], [ 633406.938642999972217, 4544421.114125999622047 ], [ 633417.955805000034161, 4544422.835998999886215 ], [ 633444.331524000037462, 4544451.079195000231266 ], [ 633446.529892000020482, 4544488.755061999894679 ], [ 633432.206888000015169, 4544545.797756000421941 ], [ 633432.164258999982849, 4544631.307796999812126 ], [ 633460.737257999950089, 4544659.813188999891281 ], [ 633510.09674399998039, 4544736.683208 ], [ 633513.350657999981195, 4544769.92512399982661 ], [ 633517.67275599995628, 4544802.220334 ], [ 633489.280511999968439, 4544927.304401 ], [ 633464.668916000053287, 4544972.687940999865532 ], [ 633458.404870999976993, 4544988.410082999616861 ], [ 633449.132853999966756, 4545002.178468000143766 ], [ 633460.00136500003282, 4545026.796887 ], [ 633462.077840000041761, 4545034.197509 ], [ 633472.373859000043012, 4545032.530361000448465 ], [ 633476.658053, 4545026.267226000316441 ], [ 633484.129978999961168, 4545030.556653000414371 ], [ 633481.571900999988429, 4545053.764601999893785 ], [ 633489.392316999961622, 4545057.382957000285387 ], [ 633496.979668000014499, 4545086.728087999857962 ], [ 633473.389447, 4545118.981498000212014 ], [ 633463.457422, 4545181.47906699962914 ], [ 633429.744788000010885, 4545256.248254000209272 ], [ 633404.882726000039838, 4545269.732942 ], [ 633385.055276000057347, 4545329.040986999869347 ], [ 633342.13052400003653, 4545411.62763199955225 ], [ 633307.975670999963768, 4545461.369004 ], [ 633298.665722999954596, 4545486.053382 ], [ 633283.887459, 4545503.086729000322521 ], [ 633258.156659999978729, 4545525.573587000370026 ], [ 633260.57016, 4545525.073303 ], [ 633235.847562000039034, 4545545.290869999676943 ], [ 633205.998603999963962, 4545550.14556 ], [ 633180.501371999969706, 4545580.621632999740541 ], [ 633147.830173, 4545574.242236999794841 ], [ 633108.800638000015169, 4545587.914746000431478 ], [ 633113.297594, 4545635.638144999742508 ], [ 633076.791117000044324, 4545656.686126000247896 ], [ 633052.558482000022195, 4545666.174348000437021 ], [ 633018.594990000012331, 4545703.227076999843121 ], [ 632981.278976000030525, 4545769.392732 ], [ 632954.361962000024505, 4545798.055819000117481 ], [ 632887.988786999951117, 4545827.40279300045222 ], [ 633096.271061999956146, 4546110.291677 ], [ 633244.0912960000569, 4546162.363029999658465 ], [ 633325.920061000040732, 4546174.268020000308752 ], [ 633389.821772000053898, 4546181.349961999803782 ], [ 633454.470085000037216, 4546222.672694999724627 ], [ 633615.679603999946266, 4546355.742545999586582 ], [ 633757.259842999977991, 4546463.704056000337005 ], [ 633862.055812999955378, 4546576.515801000408828 ], [ 634040.106783999945037, 4546696.554722 ], [ 634201.808989000041038, 4546776.808009999804199 ], [ 634308.052620999980718, 4546817.368137000128627 ], [ 634459.356266999966465, 4546807.605100999586284 ], [ 634583.05667199997697, 4546745.65351300034672 ], [ 634667.63003999995999, 4546671.368467000313103 ], [ 634718.169768000021577, 4546742.927961999550462 ], [ 634746.018365000025369, 4546735.13317000027746 ], [ 634811.743036000058055, 4546768.014782999642193 ], [ 634890.391385999973863, 4546827.121638 ], [ 635124.735742000048049, 4546940.8838 ], [ 635274.237904999987222, 4547059.172619 ], [ 635488.015417000046, 4547217.189108000136912 ], [ 635627.73262300004717, 4547309.973092 ], [ 635721.186531999963336, 4547343.698744 ], [ 635750.920067999977618, 4547345.260246999561787 ], [ 635932.05425699998159, 4547423.858764999546111 ], [ 636064.795777000021189, 4547493.500329 ], [ 636093.092068, 4547469.693744 ], [ 636104.991677999962121, 4547486.984012000262737 ], [ 636181.515539000043646, 4547441.951724999584258 ], [ 636161.859655000036582, 4547504.621351 ], [ 636155.548459999961779, 4547546.627325999550521 ], [ 636151.072438, 4547593.453897999599576 ], [ 636150.912351, 4547629.199631 ], [ 636152.315895, 4547653.169246000237763 ], [ 636154.368279000045732, 4547673.430569999851286 ], [ 636157.548440000042319, 4547694.512455999851227 ], [ 636161.409241999965161, 4547717.86142 ], [ 636173.800660999957472, 4547763.369036000221968 ], [ 636188.144794999971054, 4547807.358211999759078 ], [ 636317.166381999966688, 4548179.328669000416994 ], [ 636335.654332999954931, 4548227.704319999553263 ], [ 636575.684473, 4548910.405159000307322 ], [ 636602.994105000048876, 4548974.438538 ], [ 636643.567439, 4549059.875710999593139 ], [ 636661.749884000048041, 4549093.753944000229239 ], [ 636693.907658000010997, 4549147.827672 ], [ 636747.30264500004705, 4549227.374629000201821 ], [ 636784.023999999975786, 4549276.392160000279546 ], [ 636856.751943000010215, 4549363.586516000330448 ], [ 636836.365063, 4549367.714332000352442 ], [ 636823.702295999974012, 4549372.641783 ], [ 636813.053548000054434, 4549379.061725 ], [ 636802.654009000048973, 4549387.88514900021255 ], [ 636796.874134000041522, 4549393.663123000413179 ], [ 636790.605822999961674, 4549403.096824999898672 ], [ 636784.58319399994798, 4549415.122728000395 ], [ 636779.682119, 4549430.534589 ], [ 636777.476480999961495, 4549438.400573999620974 ], [ 636775.285364000010304, 4549449.087655000388622 ], [ 636773.680269, 4549467.537398999556899 ], [ 636773.988569000037387, 4549482.06929299980402 ], [ 636776.289792999974452, 4549495.172481000423431 ], [ 636779.230529999942519, 4549508.676314 ], [ 636782.845312000019476, 4549520.282577999867499 ], [ 636785.993232000037096, 4549527.193554 ], [ 636791.341345999971963, 4549538.221401000395417 ], [ 636798.33091100002639, 4549549.990683999843895 ], [ 636849.406139999977313, 4549634.737117 ], [ 636990.958653999958187, 4549553.303917 ], [ 637217.452154999948107, 4549843.36041499953717 ], [ 637241.963005000026897, 4549882.734093000181019 ], [ 637365.47340300003998, 4549729.782650999724865 ], [ 637527.884240000043064, 4549505.743487999774516 ], [ 637549.601264999946579, 4549476.443845000118017 ], [ 637661.644862000015564, 4549320.438453 ], [ 637961.002408999949694, 4548910.520967000164092 ], [ 637991.823725000023842, 4548866.51244300045073 ], [ 638122.490104999975301, 4548690.52988800033927 ], [ 638265.414909000042826, 4548474.966982999816537 ], [ 638336.779224000056274, 4548345.62291800044477 ], [ 638374.482442999957129, 4548276.113901999779046 ], [ 638416.367016999982297, 4548194.845410999841988 ], [ 638457.204997999942861, 4548111.636060999706388 ], [ 638576.856042, 4547835.912181000225246 ], [ 638637.449124000035226, 4547673.205299000255764 ], [ 638655.986870000022464, 4547626.323634999804199 ], [ 638695.178765999968164, 4547524.69324 ], [ 638758.755942999967374, 4547370.217507 ], [ 638605.858824, 4547306.064159999601543 ], [ 638638.222930000047199, 4547229.48089599981904 ], [ 638664.00293800001964, 4547172.607899 ], [ 638680.464460000046529, 4547146.221397999674082 ], [ 638699.386332000023685, 4547123.524172999896109 ], [ 638723.254490999970585, 4547101.520352000370622 ], [ 638749.880052999942563, 4547083.056010000407696 ], [ 638777.548508999985643, 4547065.011316999793053 ], [ 638814.296210999949835, 4547045.139709999784827 ], [ 638811.236523000057787, 4547030.499962000176311 ], [ 638783.901319999946281, 4546926.210529999807477 ], [ 638779.496487000025809, 4546896.930234 ], [ 638784.133314999984577, 4546866.477408000268042 ], [ 638777.62658299994655, 4546805.261764000169933 ], [ 638886.092887999955565, 4546697.259452999569476 ], [ 638827.980639999965206, 4546646.293676 ], [ 638816.593036000034772, 4546652.363758999854326 ], [ 638805.854795000050217, 4546648.117869 ], [ 638795.777645000023767, 4546656.011927999556065 ], [ 638781.871212000027299, 4546652.161396999843419 ], [ 638782.185972, 4546635.542144999839365 ], [ 638773.293824000051245, 4546605.277328999713063 ], [ 638739.629436000017449, 4546573.188575999811292 ], [ 638648.328990999958478, 4546488.812091999687254 ], [ 638563.628050999948755, 4546294.038033000193536 ], [ 638508.797402000054717, 4546236.395967000164092 ], [ 638495.149337999988347, 4546194.802768999710679 ], [ 638443.277748, 4546123.746018 ], [ 638347.873451999970712, 4546031.83321600034833 ], [ 638320.128242, 4546013.718194000422955 ], [ 638224.300964000052772, 4546018.073935000225902 ], [ 638165.557177999988198, 4546024.162736999802291 ], [ 638071.968666999950074, 4546039.55723400041461 ], [ 637926.771438000025228, 4546160.384439 ], [ 637910.407867999980226, 4546175.802055000327528 ], [ 637805.516538999974728, 4546204.536011000163853 ], [ 637704.231272, 4546233.783413999713957 ], [ 637552.15639200003352, 4546261.61228 ], [ 637435.9574169999687, 4546308.485616000369191 ], [ 637383.786957000032999, 4546388.767002999782562 ], [ 637152.217708999989554, 4546578.343867000192404 ], [ 637073.598007000051439, 4546586.75674800015986 ], [ 636995.945637000026181, 4546640.110573999583721 ], [ 636788.038374, 4546665.878376999869943 ], [ 636726.595870999968611, 4546671.91694699972868 ], [ 636695.243634999962524, 4546660.548517 ], [ 636558.116507000057027, 4546569.480561999604106 ], [ 636578.554280000040308, 4546521.530148999765515 ], [ 636621.933887999970466, 4546420.312180999666452 ], [ 636629.629046999965794, 4546402.542410999536514 ], [ 636640.447192, 4546378.23418700043112 ], [ 636660.938166999956593, 4546330.640343000181019 ], [ 636689.001322999945842, 4546266.940371000207961 ], [ 636724.66379300004337, 4546184.34736100025475 ], [ 636761.006092000054196, 4546099.601606000214815 ], [ 636781.917862999951467, 4546051.160779999569058 ], [ 636792.608696999959648, 4546021.564135000109673 ], [ 636801.740255999960937, 4545992.638047999702394 ], [ 636807.469200000050478, 4545969.456656999886036 ], [ 636810.719151000026613, 4545950.726739999838173 ], [ 636812.502759999944828, 4545938.943734999746084 ], [ 636817.472579999943264, 4545905.542185000143945 ], [ 636820.892344999941997, 4545866.45898099988699 ], [ 636821.586903000017628, 4545799.527734999544919 ], [ 636818.548862, 4545429.456694000400603 ], [ 636815.685617999988608, 4545209.424859999679029 ], [ 636813.399512000032701, 4544991.325141999870539 ], [ 636811.099869000026956, 4544950.102938000112772 ], [ 636801.79618299996946, 4544893.568796000443399 ], [ 636788.869985, 4544844.16347 ], [ 636777.631466, 4544799.831566999666393 ], [ 636761.57113199995365, 4544738.573784000240266 ], [ 636729.898990000016056, 4544618.110155999660492 ], [ 636698.155182000016794, 4544498.722631 ], [ 636664.283140999963507, 4544400.07404899969697 ], [ 636617.548339999979362, 4544298.531816000118852 ], [ 636537.076370000024326, 4544150.462728999555111 ], [ 636514.478664000052959, 4544109.529198000207543 ], [ 636497.42328800004907, 4544070.342518 ], [ 636472.292403000057675, 4543991.536709999665618 ], [ 636463.461970999953337, 4543942.330573 ], [ 636460.736773999989964, 4543913.894248999655247 ], [ 636460.313762999954633, 4543881.491682999767363 ], [ 636459.845787000027485, 4543867.323486000299454 ], [ 636460.740182999987155, 4543849.082713999785483 ], [ 636463.533846999984235, 4543815.540610999800265 ], [ 636465.206390999956056, 4543802.933693000115454 ], [ 636441.005435000057332, 4543799.729275999590755 ], [ 636413.842515000025742, 4543801.600579 ], [ 636301.789837999967858, 4543859.52016399987042 ], [ 636218.43661900004372, 4543878.638821000233293 ], [ 636155.404771000030451, 4543920.613099999725819 ], [ 636190.405187999946065, 4543784.654647000133991 ], [ 635872.321665999945253, 4542917.339792000129819 ], [ 635830.766140999970958, 4542918.74694 ], [ 635787.826576999970712, 4542913.143395000137389 ], [ 635733.262901999987662, 4542901.694584 ], [ 635709.340962999965996, 4542895.965851999819279 ] ] ] } },
{ "type": "Feature", "properties": { "_group_key": "__all__", "_group_by": [ ], "_feature_count": 207, "_dissolved_count": 207, "_dissolve_status": "success", "_dissolve_engine": "shapely" }, "geometry": { "type": "Polygon", "coordinates": [ [ [ 676880.272634999942966, 4549071.159509999677539 ], [ 676928.589568000053987, 4549075.825970999896526 ], [ 676947.449569000047632, 4549053.731197999790311 ], [ 676960.853934000013396, 4549074.072834 ], [ 676970.861266999971122, 4549114.272365 ], [ 677022.05172600003425, 4549142.981309999711812 ], [ 677036.657002000021748, 4549136.235995000228286 ], [ 677056.522985000046901, 4549120.175576999783516 ], [ 677062.992781999986619, 4549151.247313999570906 ], [ 677073.846462000044994, 4549176.581934999674559 ], [ 677115.819781000027433, 4549191.860538000240922 ], [ 677154.131922999978997, 4549197.586260000243783 ], [ 677231.094629000057466, 4549205.469522999599576 ], [ 677266.185760000022128, 4549223.748405000194907 ], [ 677314.047973999986425, 4549259.299615000374615 ], [ 677358.765498999971896, 4549302.151139000430703 ], [ 677378.814261000021361, 4549311.179340999573469 ], [ 677377.211424999986775, 4549339.867491999641061 ], [ 677399.310045000049286, 4549364.208708999678493 ], [ 677423.676840999978594, 4549376.463200000114739 ], [ 677448.302662999951281, 4549378.026412 ], [ 677466.77567, 4549370.898017000406981 ], [ 677497.065758000011556, 4549362.467578999698162 ], [ 677549.881682, 4549339.942219000309706 ], [ 677558.410710999974981, 4549340.771123999729753 ], [ 677599.396201999974437, 4549346.797345999628305 ], [ 677637.212832, 4549364.244401999749243 ], [ 677736.351962000015192, 4549352.275595 ], [ 677776.005985999945551, 4549353.23825899977237 ], [ 677787.785951999947429, 4549313.999564000405371 ], [ 677823.836024999967776, 4549314.874970000237226 ], [ 677847.602184999966994, 4549316.885204000398517 ], [ 677828.100327000021935, 4549347.315934999845922 ], [ 677806.065585999982432, 4549363.321665000170469 ], [ 677769.946211999980733, 4549365.310691 ], [ 677721.578275999985635, 4549366.291632000356913 ], [ 677695.90495, 4549383.642381000332534 ], [ 677667.098250000039116, 4549381.510320000350475 ], [ 677651.193559000035748, 4549382.557435000315309 ], [ 677584.570547000039369, 4549362.967465999536216 ], [ 677533.834408, 4549372.523641999810934 ], [ 677513.846287, 4549393.600951000116765 ], [ 677441.068620000034571, 4549419.153101 ], [ 677379.792288, 4549425.222267 ], [ 677359.461653999984264, 4549396.958135000430048 ], [ 677329.59421500004828, 4549374.761702000163496 ], [ 677313.888133, 4549308.251554000191391 ], [ 677215.7992, 4549254.621640999801457 ], [ 677150.316885999985971, 4549269.800053000450134 ], [ 677040.739384999964386, 4549265.705716 ], [ 677005.764997, 4549249.541391000151634 ], [ 676944.096140000037849, 4549192.507832 ], [ 676885.849509999970905, 4549166.372798000462353 ], [ 676835.078627999988385, 4549177.365999000146985 ], [ 676812.525666999979876, 4549214.912792 ], [ 676817.305676999967545, 4549315.649961000308394 ], [ 676835.854180000023916, 4549384.382512000389397 ], [ 676899.413353999960236, 4549500.91420799959451 ], [ 676900.164135999977589, 4549529.681448999792337 ], [ 676926.74835999996867, 4549623.758407999761403 ], [ 677021.701397, 4549668.233075000345707 ], [ 677084.941640999983065, 4549766.440883999690413 ], [ 677200.017882999964058, 4549981.655973000451922 ], [ 677241.213707000017166, 4550086.819121999666095 ], [ 677234.791598999989219, 4550182.653541999869049 ], [ 677216.579060000018217, 4550285.700863 ], [ 677201.871262999949977, 4550356.82901700027287 ], [ 677233.184024999965914, 4550474.683538 ], [ 677215.856761, 4550513.066557999700308 ], [ 677191.489371999981813, 4550531.53908499982208 ], [ 677170.013863999978639, 4550571.865768999792635 ], [ 677152.922786999959499, 4550628.639463 ], [ 677094.638450999977067, 4550749.768566999584436 ], [ 677085.359363000025041, 4550822.383514000102878 ], [ 677070.107703999965452, 4550944.554104000329971 ], [ 677076.862343000015244, 4551032.531499000266194 ], [ 677153.655668, 4551148.331670000217855 ], [ 677170.810488000046462, 4551169.075845999643207 ], [ 677176.026575000025332, 4551196.962705999612808 ], [ 677177.28767, 4551258.379770999774337 ], [ 677165.854586999979801, 4551292.895327 ], [ 677171.863890000036918, 4551303.982864 ], [ 677212.364574, 4551317.083139000460505 ], [ 677242.267019000020809, 4551313.908214 ], [ 677264.2237530000275, 4551298.410241999663413 ], [ 677279.471662999945693, 4551276.773327000439167 ], [ 677281.11689900001511, 4551278.934942999854684 ], [ 677289.163950999965891, 4551323.497987000271678 ], [ 677285.454211, 4551341.337526000104845 ], [ 677280.836061, 4551351.578935000114143 ], [ 677265.598965000011958, 4551369.305847000330687 ], [ 677242.040122000034899, 4551389.197363000363111 ], [ 677224.167333, 4551396.740501999855042 ], [ 677180.424693000037223, 4551415.510191 ], [ 677158.931824999977835, 4551432.697028 ], [ 677152.917855, 4551454.435518000274897 ], [ 677149.573758000042289, 4551495.023420000448823 ], [ 677156.472330000018701, 4551534.281875999644399 ], [ 677157.26713099994231, 4551566.360766000114381 ], [ 677148.817412000033073, 4551591.172930999659002 ], [ 677149.133810000028461, 4551610.73186600022018 ], [ 677153.718968000030145, 4551620.92956 ], [ 677163.559916, 4551630.632429 ], [ 677121.859600999974646, 4551791.431862999685109 ], [ 676859.713322, 4552398.11084199976176 ], [ 676829.779287999961525, 4552424.336799999698997 ], [ 676581.780472000013106, 4552297.106212999671698 ], [ 676513.293014000053518, 4552301.496429 ], [ 676556.500695999944583, 4552279.877504999749362 ], [ 676526.103673, 4552231.998867000453174 ], [ 676464.440428999951109, 4552247.118556999601424 ], [ 676454.036212999955751, 4552210.95338200032711 ], [ 676401.966945, 4552314.318683999590576 ], [ 676281.308078999980353, 4552345.535748000256717 ], [ 676471.296646, 4552448.461345000192523 ], [ 676429.717388, 4552526.985089000314474 ], [ 676522.694738000049256, 4552567.208727000281215 ], [ 676548.138518000021577, 4552577.254041999578476 ], [ 676805.260032000020146, 4552680.898679000325501 ], [ 676919.442126999958418, 4552730.804852999746799 ], [ 677011.046867000055499, 4552782.410419000312686 ], [ 677131.626475000055507, 4552865.712142 ], [ 677252.668122999952175, 4552948.560646999627352 ], [ 677316.988363999989815, 4552991.433089000172913 ], [ 677421.125936000025831, 4553046.03632599953562 ], [ 677547.910733000026084, 4553096.258624999783933 ], [ 677637.419756000046618, 4553141.089777999557555 ], [ 677707.05926799995359, 4553187.227754999883473 ], [ 677788.99953499995172, 4553265.103284999728203 ], [ 677640.859150000032969, 4553259.25935 ], [ 677627.281659999978729, 4553280.025073000229895 ], [ 677847.274300000048243, 4553592.929343 ], [ 677877.921378999948502, 4553611.626584 ], [ 677894.031543000019155, 4553634.913696000352502 ], [ 677903.211019000038505, 4553702.034114999696612 ], [ 677899.222971000010148, 4553778.93206899985671 ], [ 677870.435887999949045, 4554004.628759999759495 ], [ 677872.257185, 4554036.12204600032419 ], [ 677926.053832, 4554037.953150000423193 ], [ 677985.359093999955803, 4554047.128359000198543 ], [ 678188.205191000015475, 4554071.665222999639809 ], [ 678368.107923, 4554081.728636000305414 ], [ 678501.2469310000306, 4554162.850983999669552 ], [ 678714.427007999969646, 4554315.029252000153065 ], [ 678818.429464000044391, 4554422.762352 ], [ 678901.91639899997972, 4554479.982815999537706 ], [ 678986.446280000032857, 4554558.370070000179112 ], [ 679002.87548299995251, 4554563.937990999780595 ], [ 679030.026746000046842, 4554554.282734000124037 ], [ 679032.915417999960482, 4554541.97817 ], [ 679034.041738, 4554517.255133000202477 ], [ 679033.811617000028491, 4554505.385196000337601 ], [ 679042.783690999960527, 4554477.243924000300467 ], [ 679062.291330000036396, 4554462.769154 ], [ 679105.461220999946818, 4554454.550773999653757 ], [ 679145.257127000018954, 4554435.929788 ], [ 679221.5747, 4554405.828954 ], [ 679247.772250000038184, 4554400.161394 ], [ 679274.555683000013232, 4554398.351977 ], [ 679296.854235999984667, 4554396.843689000234008 ], [ 679379.538978999946266, 4554391.118060000240803 ], [ 679539.733336, 4554434.776118 ], [ 679568.82177599996794, 4554451.987351999618113 ], [ 679602.155843000044115, 4554485.810909000225365 ], [ 679712.435906999977306, 4554590.112549000419676 ], [ 679816.553011000039987, 4554629.288096000440419 ], [ 679841.805462999967858, 4554634.03075 ], [ 679866.668305000057444, 4554633.098330999724567 ], [ 679911.848378999973647, 4554606.359965999610722 ], [ 679954.992720999987796, 4554556.887218000367284 ], [ 679978.653881, 4554541.994923000223935 ], [ 680028.691161999944597, 4554533.306711999699473 ], [ 680046.51136200001929, 4554531.490472 ], [ 680058.480845000012778, 4554531.540887 ], [ 680145.608964000013657, 4554506.737067 ], [ 680232.582158999983221, 4554512.435740999877453 ], [ 680274.563035, 4554509.916015 ], [ 680287.537356000044383, 4554515.890464000403881 ], [ 680223.490063, 4554549.004586 ], [ 680098.513520000036806, 4554684.120322000235319 ], [ 680069.566751, 4554703.525569999590516 ], [ 679936.401090000057593, 4554750.781108000315726 ], [ 679919.054724000045098, 4554761.696391999721527 ], [ 679886.139992999960668, 4554794.913092999719083 ], [ 679849.862759000039659, 4554754.839068000204861 ], [ 679804.437448999960907, 4554749.589007999747992 ], [ 679717.992141, 4554749.529387 ], [ 679691.898513, 4554758.174972999840975 ], [ 679639.738369000027888, 4554795.563179000280797 ], [ 679590.839622, 4554805.192831000313163 ], [ 679471.078507, 4554813.0714570004493 ], [ 679389.059230000013486, 4554843.551717 ], [ 679358.568625999963842, 4554841.770344999618828 ], [ 679337.227988000027835, 4554846.401263000443578 ], [ 679300.978164999978617, 4554889.347783000208437 ], [ 679212.264241999946535, 4554939.761753000319004 ], [ 679192.50924699997995, 4554940.377194999717176 ], [ 679119.686151999980211, 4554999.491283999755979 ], [ 679042.925443000043742, 4555135.727598999626935 ], [ 678964.629648, 4555181.433865999802947 ], [ 678936.636783999972977, 4555236.881745000369847 ], [ 678953.316781, 4555294.234387 ], [ 678943.36381, 4555312.053763000294566 ], [ 678825.18082, 4555488.914067000150681 ], [ 678606.502380999969319, 4555764.29880900029093 ], [ 678557.553306999965571, 4555881.845374000258744 ], [ 678483.385277000023052, 4555924.746572 ], [ 678335.32651399995666, 4556035.430603000335395 ], [ 678303.234712, 4556156.944888999685645 ], [ 678233.197015000041574, 4556201.126739 ], [ 678194.211698999977671, 4556202.841939000412822 ], [ 678160.478301999974065, 4556220.970990000292659 ], [ 678150.902569000027142, 4556235.845534999854863 ], [ 678119.327865, 4556323.902083000168204 ], [ 678039.760254999971949, 4556393.614726000465453 ], [ 678018.367907, 4556380.95146599970758 ], [ 677993.712126999977045, 4556356.077908 ], [ 677935.764306999975815, 4556318.840351999737322 ], [ 677904.749610999948345, 4556298.833451 ], [ 677698.560120000038296, 4556246.14763499982655 ], [ 677667.880154000013135, 4556236.514457000419497 ], [ 677612.02584899996873, 4556211.172516000457108 ], [ 677524.587558, 4556152.192605 ], [ 677471.264423000044189, 4556120.103616000153124 ], [ 677334.3466110000154, 4556066.734140999615192 ], [ 677310.742350999964401, 4556059.651545999571681 ], [ 677277.556485999957658, 4556055.291481000371277 ], [ 677198.165442000026815, 4556056.331710999831557 ], [ 677106.058197999955155, 4556054.9872190002352 ], [ 677076.732964999973774, 4556062.863527 ], [ 677000.917494999943301, 4556100.40704 ], [ 676974.500735, 4556111.30912800040096 ], [ 676883.750930999987759, 4556127.474332000128925 ], [ 676833.105455999961123, 4556144.611158000305295 ], [ 676689.714933000039309, 4556274.369133999571204 ], [ 676602.414684999966994, 4556363.005555000156164 ], [ 676598.291479, 4556373.070371 ], [ 676609.856051999959163, 4556403.276829999871552 ], [ 676751.176048, 4556601.919481 ], [ 676851.231821, 4556699.576337000355124 ], [ 676890.170306000043638, 4556727.046826000325382 ], [ 676923.246425000019372, 4556799.266053999774158 ], [ 677045.834067999967374, 4556755.99034 ], [ 677169.725583, 4556715.458766000345349 ], [ 677215.524717999971472, 4556910.429100000299513 ], [ 677210.496318000019528, 4557004.854005999863148 ], [ 677310.303305999957956, 4557056.243672999553382 ], [ 677314.892189000034705, 4557092.403122999705374 ], [ 677380.044874000013806, 4557080.387871 ], [ 677570.671094, 4557243.498115000315011 ], [ 677610.513139000046067, 4557345.812707999721169 ], [ 677682.497226999956183, 4557361.849550999701023 ], [ 677754.148766000056639, 4557363.593054999597371 ], [ 677801.98403299995698, 4557389.918964000418782 ], [ 677861.382361000054516, 4557390.009964000433683 ], [ 677907.491402999963611, 4557374.802980000153184 ], [ 678022.100588000030257, 4557294.623542999848723 ], [ 678082.387180999969132, 4557286.561816999688745 ], [ 678232.38142400002107, 4557287.432238000445068 ], [ 678229.001339999958873, 4557340.95011099986732 ], [ 678249.974183000042103, 4557372.389072 ], [ 678227.251102, 4557455.340008 ], [ 678176.372236000024714, 4557504.621754 ], [ 678124.409883999964222, 4557513.663258000276983 ], [ 678167.444507000036538, 4557531.198571000248194 ], [ 678178.195507999975234, 4557557.233465 ], [ 678145.285844000056386, 4557633.748431 ], [ 677953.925311999977566, 4557587.846861000172794 ], [ 677879.079837, 4557601.487009 ], [ 677892.434736000024714, 4557648.202902000397444 ], [ 677793.557011, 4557671.567532000131905 ], [ 677818.533867000020109, 4557708.257214000448585 ], [ 677873.496754999971017, 4557734.179645 ], [ 677787.746900000027381, 4557825.02819 ], [ 677806.00819700001739, 4557839.903208999894559 ], [ 677837.262746999971569, 4558001.487257 ], [ 677833.249229999957606, 4558152.492266999557614 ], [ 677890.949242, 4558223.761458000168204 ], [ 677898.167482999968342, 4558241.08942 ], [ 677961.685096999979578, 4558393.629150000400841 ], [ 677980.938915999955498, 4558481.714231999590993 ], [ 678069.260677000042051, 4558661.476823999546468 ], [ 678073.584764000028372, 4558727.891293000429869 ], [ 678146.688169999979436, 4558840.241734 ], [ 678285.982567999977618, 4558879.168600000441074 ], [ 678315.133439, 4558950.911034000106156 ], [ 678366.902420999947935, 4559020.851164000108838 ], [ 678405.872152999974787, 4559082.713748999871314 ], [ 678474.450914000044577, 4559191.602536000311375 ], [ 678555.156176000018604, 4559293.02358299959451 ], [ 678617.274103999952786, 4559328.881187999621034 ], [ 678636.066240999964066, 4559374.321246 ], [ 678641.654091999982484, 4559404.974314000457525 ], [ 678607.977569999988191, 4559407.238439000211656 ], [ 678582.681759000057355, 4559426.204560999758542 ], [ 678534.639273999957368, 4559529.131218999624252 ], [ 678474.148998999968171, 4559591.550443000160158 ], [ 678453.091175999958068, 4559606.488072999753058 ], [ 678428.709825000027195, 4559715.137327999807894 ], [ 678373.708603000035509, 4559764.294084999710321 ], [ 678342.693040000041947, 4559805.794494999572635 ], [ 678326.979947000043467, 4559813.653357 ], [ 678276.652556000044569, 4559799.026387999765575 ], [ 678244.949676000047475, 4559826.079882999882102 ], [ 678254.564446000033058, 4559898.456137999892235 ], [ 678208.064077000017278, 4559938.534598000347614 ], [ 678208.879681000020355, 4560074.594505 ], [ 678196.1546, 4560129.928403000347316 ], [ 678165.01569200004451, 4560176.580981999635696 ], [ 678139.673473999951966, 4560197.602466999553144 ], [ 677989.237526000011712, 4560215.571647999808192 ], [ 677911.272918, 4560231.189090000465512 ], [ 677756.694434999953955, 4560249.061986000277102 ], [ 677852.221540000056848, 4560319.398443000391126 ], [ 677915.61844, 4560392.052131 ], [ 678033.982806000043638, 4560671.107179 ], [ 678008.343048, 4560851.97927 ], [ 677879.262057999963872, 4561009.45478199981153 ], [ 677715.739563000039198, 4561137.443271 ], [ 677336.935894, 4561442.583936000242829 ], [ 677359.516658999957144, 4561524.849949000403285 ], [ 677373.775736000039615, 4561538.971711999736726 ], [ 677389.915795000037178, 4561522.678669 ], [ 677418.730179999954998, 4561529.767110999673605 ], [ 677419.758582000038587, 4561608.931901000440121 ], [ 677434.360981, 4561629.62751 ], [ 677451.08264399995096, 4561639.443556999787688 ], [ 677459.310122000053525, 4561624.480083 ], [ 677516.270632000057958, 4561652.971911 ], [ 677607.84612, 4561648.11380899976939 ], [ 677639.743341000052169, 4561676.41850300040096 ], [ 677658.806514999945648, 4561709.987401000224054 ], [ 677671.639273999957368, 4561741.627154000103474 ], [ 677677.842876999988221, 4561765.318083999678493 ], [ 677656.599511999986134, 4561777.164822 ], [ 677652.829614000045694, 4561769.663343999534845 ], [ 677646.429838999989443, 4561774.006573 ], [ 677639.61599900003057, 4561767.441871999762952 ], [ 677633.941869999980554, 4561774.035678000189364 ], [ 677622.296806999947876, 4561765.642555999569595 ], [ 677618.29005299997516, 4561770.277375999838114 ], [ 677630.916134000057355, 4561779.738622999750078 ], [ 677615.661626999964938, 4561838.233265000395477 ], [ 677644.474829999962822, 4561895.268362999893725 ], [ 677662.042143000056967, 4561980.568465 ], [ 677701.505720000015572, 4562037.852211000397801 ], [ 677715.763093000045046, 4562051.974705999717116 ], [ 677730.014999, 4562066.319278 ], [ 677758.515002000029199, 4562208.76392799988389 ], [ 677758.490398, 4562237.313296999782324 ], [ 677730.019520999980159, 4562265.835842000320554 ], [ 677707.560301000019535, 4562291.816623999737203 ], [ 677702.30350699997507, 4562350.510328000411391 ], [ 677713.057639, 4562380.955388000234962 ], [ 677705.000858000013977, 4562446.423964000307024 ], [ 677714.086308000027202, 4562461.664671 ], [ 677708.949488000012934, 4562487.545504 ], [ 677693.587347000022419, 4562489.870596 ], [ 677691.884376000030898, 4562502.248886999674141 ], [ 677709.548982999986038, 4562578.975576000288129 ], [ 677756.161423000041395, 4562648.842811999842525 ], [ 677777.569826000020839, 4562728.216075000353158 ], [ 677781.753800999955274, 4562761.378325999714434 ], [ 677778.165234999964014, 4562789.140963000245392 ], [ 677769.381413000053726, 4562808.700721000321209 ], [ 677751.827923999982886, 4562832.445824 ], [ 677723.067669000010937, 4562854.684684 ], [ 677701.793752999976277, 4562892.691962 ], [ 677669.278189999982715, 4562912.040031 ], [ 677654.409728999948129, 4562945.793275999836624 ], [ 677629.402379999984987, 4562988.975399999879301 ], [ 677603.002156, 4563011.849849999882281 ], [ 677572.037047000019811, 4563100.544746000319719 ], [ 677576.048681000014767, 4563122.204911 ], [ 677597.073253000038676, 4563153.622134 ], [ 677619.671932999975979, 4563167.259034000337124 ], [ 677681.816033000010066, 4563177.382836 ], [ 677697.220631, 4563168.782274999655783 ], [ 677712.315352999954484, 4563174.960206000134349 ], [ 677722.301446, 4563181.780146 ], [ 677734.075315000023693, 4563183.41136800032109 ], [ 677737.196277000010014, 4563168.623677999712527 ], [ 677760.116219999967143, 4563172.170822000131011 ], [ 677801.331314999959432, 4563192.061144 ], [ 677815.499511, 4563206.292914000339806 ], [ 677839.648998999968171, 4563209.30375 ], [ 677873.262470999965444, 4563230.208835000172257 ], [ 677893.902084999950603, 4563263.928279999643564 ], [ 677909.790852, 4563290.844247999601066 ], [ 677943.774194000056013, 4563320.290412000380456 ], [ 677979.899862000020221, 4563327.959913000464439 ], [ 677999.175400999956764, 4563337.106664 ], [ 678003.414247, 4563332.566614000126719 ], [ 677995.835739, 4563320.283885999582708 ], [ 678010.839438, 4563314.362564999610186 ], [ 678030.221629000036046, 4563322.234469000250101 ], [ 678028.499333000043407, 4563337.44503999967128 ], [ 678024.480733999982476, 4563354.610258 ], [ 678052.771268000011332, 4563364.621643000282347 ], [ 678072.891080999979749, 4563365.646332999691367 ], [ 678093.807878999970853, 4563372.85603899974376 ], [ 678105.182553000049666, 4563376.388876000419259 ], [ 678121.221073, 4563378.9359 ], [ 678160.419375000055879, 4563386.170388 ], [ 678157.701042999979109, 4563377.927732000127435 ], [ 678165.923967999988236, 4563377.562144 ], [ 678178.558113, 4563389.97975 ], [ 678189.37572899996303, 4563390.899600000120699 ], [ 678208.191783000016585, 4563397.54727999959141 ], [ 678223.327125999960117, 4563408.892999 ], [ 678228.794817000045441, 4563414.836687999777496 ], [ 678239.627416, 4563414.112849 ], [ 678247.455792000051588, 4563409.294107000343502 ], [ 678253.986816999968141, 4563411.553410000167787 ], [ 678257.194231000030413, 4563409.054553999565542 ], [ 678263.767284999950789, 4563407.193453 ], [ 678267.257537, 4563411.655754 ], [ 678267.095989999943413, 4563418.261660999618471 ], [ 678262.38561200001277, 4563422.179038000293076 ], [ 678263.162273, 4563427.130428999662399 ], [ 678266.955306999967434, 4563433.277594000101089 ], [ 678264.542026999988593, 4563453.736909000203013 ], [ 678264.533198000048287, 4563458.55800100043416 ], [ 678272.213250000029802, 4563457.401631000451744 ], [ 678272.46006099996157, 4563447.309581000357866 ], [ 678276.311958999955095, 4563436.983536999672651 ], [ 678279.293243999942206, 4563434.468050999566913 ], [ 678288.027560999966227, 4563468.764103 ], [ 678293.966187000041828, 4563479.118532000109553 ], [ 678304.938628999982029, 4563471.988318 ], [ 678306.149946999968961, 4563468.429738 ], [ 678296.996462999959476, 4563450.931335000321269 ], [ 678294.433896000031382, 4563430.839116999879479 ], [ 678320.473733, 4563426.165962999686599 ], [ 678313.591158999945037, 4563390.259922999888659 ], [ 678328.984530000016093, 4563386.93718000035733 ], [ 678333.799728999962099, 4563414.405359 ], [ 678337.209089000010863, 4563413.25566599983722 ], [ 678338.923329000012018, 4563422.406992999836802 ], [ 678357.75363000005018, 4563420.234864000231028 ], [ 678429.147283999947831, 4563398.908607999794185 ], [ 678453.597225000034086, 4563395.785590999759734 ], [ 678470.530116999987513, 4563398.466376 ], [ 678506.077856000047177, 4563411.889968000352383 ], [ 678522.268456000019796, 4563414.73044400010258 ], [ 678517.874847, 4563419.410834999755025 ], [ 678521.496202999958768, 4563423.309917000122368 ], [ 678529.979607000015676, 4563412.308673 ], [ 678548.467137000057846, 4563413.516889000311494 ], [ 678569.208485999959521, 4563424.100839000195265 ], [ 678582.339107000036165, 4563438.142159 ], [ 678591.778468, 4563451.137693 ], [ 678611.416786000016145, 4563440.987509000115097 ], [ 678634.406200999976136, 4563457.747817000374198 ], [ 678649.050600999966264, 4563473.348303999751806 ], [ 678651.324373999959789, 4563486.012787999585271 ], [ 678659.393691999954171, 4563481.300362000241876 ], [ 678678.110898999962956, 4563497.433988999575377 ], [ 678693.979255000012927, 4563533.260818 ], [ 678714.108381, 4563607.462818000465631 ], [ 678714.586952000041492, 4563639.957403999753296 ], [ 678727.513526999973692, 4563747.832163999788463 ], [ 678717.188311, 4563789.126834999769926 ], [ 678707.123701, 4563819.796546 ], [ 678700.324777, 4563828.483761999756098 ], [ 678695.391957000014372, 4563822.65277099981904 ], [ 678685.813593999948353, 4563833.493667 ], [ 678556.830731999943964, 4563967.718183999881148 ], [ 678332.063348000054248, 4563752.865616000257432 ], [ 678377.743084999965504, 4563706.003529 ], [ 678369.763356999959797, 4563696.787726 ], [ 678408.152895999955945, 4563661.578513000160456 ], [ 678395.266526, 4563646.132628999650478 ], [ 678295.014473999966867, 4563745.649333000183105 ], [ 678237.876594000030309, 4563691.92845799960196 ], [ 678237.88416200003121, 4563674.120904999785125 ], [ 678231.240375000052154, 4563665.16011399962008 ], [ 678216.96505400002934, 4563661.556129000149667 ], [ 678199.442159999976866, 4563672.736623000353575 ], [ 678198.374282, 4563692.051291 ], [ 678540.584452999988571, 4564021.654493000358343 ], [ 678551.616572999977507, 4564058.640138000249863 ], [ 678574.507069000042975, 4564061.211706000380218 ], [ 678579.924045, 4564081.518458999693394 ], [ 678688.61205, 4564113.899181 ], [ 678722.328015999984927, 4564114.281553000211716 ], [ 678729.828189000021666, 4564104.70062099955976 ], [ 678747.108941999962553, 4564106.468627999536693 ], [ 678751.494703999953344, 4564102.099244000390172 ], [ 678735.186610999982804, 4564094.878316000103951 ], [ 678758.60962100001052, 4564087.021014999598265 ], [ 678786.166905, 4564082.997848999686539 ], [ 678792.419727999949828, 4564084.939801 ], [ 678789.01397700002417, 4564067.826058999635279 ], [ 678819.892056999960914, 4564054.975011999718845 ], [ 678822.551182999974117, 4564129.526537000201643 ], [ 678826.967864, 4564150.908770999871194 ], [ 678841.165813999949023, 4564185.650841999799013 ], [ 678852.680375, 4564187.52201300021261 ], [ 678865.50461499998346, 4564178.416256000287831 ], [ 678866.568642999976873, 4564190.095785000361502 ], [ 678880.307103, 4564189.544258999638259 ], [ 678895.295979000045918, 4564177.014544 ], [ 678927.150195, 4564169.842443999834359 ], [ 678949.9173830000218, 4564158.970204999670386 ], [ 678955.437919000047259, 4564154.173329999670386 ], [ 678948.79841100005433, 4564149.533340999856591 ], [ 678956.482700999942608, 4564138.95733099989593 ], [ 678974.000630000024103, 4564140.287343 ], [ 678986.705471000052057, 4564149.375528000295162 ], [ 678998.923189, 4564151.653013999573886 ], [ 679054.847012000042014, 4564189.886729000136256 ], [ 679066.668982999981381, 4564206.218716000206769 ], [ 679065.770214000018314, 4564224.35999200027436 ], [ 679059.214273000019602, 4564225.54311 ], [ 679059.946349999983795, 4564232.28209500014782 ], [ 679070.888946000020951, 4564235.917018 ], [ 679076.192639000015333, 4564248.822793999686837 ], [ 679087.745371000026353, 4564254.938954000361264 ], [ 679087.546881000045687, 4564237.070659000426531 ], [ 679093.844079999951646, 4564226.616225999779999 ], [ 679126.135843000025488, 4564230.998095000162721 ], [ 679140.789767, 4564246.44444299954921 ], [ 679155.034397999988869, 4564260.792070000432432 ], [ 679169.320750999962911, 4564317.799693999812007 ], [ 679187.66615099995397, 4564348.578598000109196 ], [ 679202.106932000024244, 4564410.544777000322938 ], [ 679208.426523, 4564420.331778000108898 ], [ 679250.990002, 4564439.542012000456452 ], [ 679311.622647000011057, 4564429.45800399966538 ], [ 679310.143586999969557, 4564443.54129400011152 ], [ 679329.41933499998413, 4564446.704025999642909 ], [ 679369.235837999964133, 4564459.915108 ], [ 679347.411888999980874, 4564465.532410999760032 ], [ 679358.972721999976784, 4564480.15881900023669 ], [ 679377.538753999979235, 4564475.683360000140965 ], [ 679371.2894, 4564491.68219199962914 ], [ 679393.289012999972329, 4564503.121790000237525 ], [ 679409.189722000039183, 4564515.244484 ], [ 679418.376354999956675, 4564534.97829 ], [ 679435.64908, 4564529.19359099958092 ], [ 679442.593384, 4564556.859679999761283 ], [ 679467.102204, 4564546.109722999855876 ], [ 679481.571961999987252, 4564560.463608999736607 ], [ 679500.443999000010081, 4564565.016621000133455 ], [ 679511.340153999975882, 4564559.952650999650359 ], [ 679527.544699999969453, 4564560.751790000125766 ], [ 679526.895828000037, 4564541.461455999873579 ], [ 679534.583647000021301, 4564543.361668 ], [ 679539.105305999983102, 4564612.138643000274897 ], [ 679547.298987000016496, 4564614.273519 ], [ 679549.734952999977395, 4564573.629661999642849 ], [ 679585.2243, 4564585.035668999888003 ], [ 679611.832886000047438, 4564573.849136999808252 ], [ 679695.943791000056081, 4564547.861115000210702 ], [ 679711.179437999962829, 4564600.194337000139058 ], [ 679719.547752000042237, 4564596.268118999898434 ], [ 679735.236386999953538, 4564567.304688000120223 ], [ 679747.434015, 4564545.876051999628544 ], [ 679779.03255, 4564536.468460000120103 ], [ 679804.938359000021592, 4564535.085764000192285 ], [ 679817.810522999963723, 4564515.229158 ], [ 679831.38448500004597, 4564510.109527999535203 ], [ 679852.237452000030316, 4564514.956741999834776 ], [ 679852.093849999946542, 4564525.873503999784589 ], [ 679864.519218, 4564533.301159 ], [ 679880.922339000040665, 4564529.117967000231147 ], [ 679885.499447999987751, 4564516.677597999572754 ], [ 679898.152955000055954, 4564514.523733000271022 ], [ 679917.318023000028916, 4564528.272346000187099 ], [ 679940.899040000047535, 4564523.877692 ], [ 679957.61909699998796, 4564511.959401999600232 ], [ 679959.367292999988422, 4564495.860949999652803 ], [ 679974.423612999962643, 4564504.775742 ], [ 679989.188931999960914, 4564518.338123999536037 ], [ 680008.598246, 4564513.36295 ], [ 680050.928653000039048, 4564504.566003000363708 ], [ 680076.847010000026785, 4564522.714513000100851 ], [ 680084.642324000014924, 4564563.033521000295877 ], [ 680062.189869, 4564582.18637099955231 ], [ 680072.560076999943703, 4564607.249432999640703 ], [ 680099.287666999967769, 4564622.507442000322044 ], [ 680146.973955999943428, 4564619.309175999835134 ], [ 680182.573725000023842, 4564638.086278 ], [ 680232.272238999954425, 4564635.271606000140309 ], [ 680260.061328000039794, 4564666.609278 ], [ 680285.831255999975838, 4564700.885487999767065 ], [ 680287.992670999956317, 4564722.024233999662101 ], [ 680313.710459999972954, 4564723.815955 ], [ 680352.242283000028692, 4564730.179746 ], [ 680375.349373999983072, 4564759.491242 ], [ 680396.530646999948658, 4564777.468182999640703 ], [ 680401.489640000043437, 4564783.178891999647021 ], [ 680396.581088999984786, 4564790.678287000395358 ], [ 680406.884009000030346, 4564801.798185000196099 ], [ 680410.413103000028059, 4564800.208072000183165 ], [ 680415.025176999974065, 4564807.054452000185847 ], [ 680420.945718999952078, 4564829.152862000279129 ], [ 680421.074834999977611, 4564849.008231 ], [ 680407.445884000044316, 4564860.079935000278056 ], [ 680391.800251999986358, 4564865.869292000308633 ], [ 680382.548811999964528, 4564871.239298 ], [ 680387.570003999979235, 4564877.484783999621868 ], [ 680405.801030999980867, 4564874.336771000176668 ], [ 680415.876737999962643, 4564893.27195299975574 ], [ 680427.038389, 4564938.474022 ], [ 680428.349363000015728, 4564962.769023000262678 ], [ 680424.991384999942966, 4564974.728263 ], [ 680418.071912999963388, 4564972.312856 ], [ 680412.238663999945857, 4564980.911371000111103 ], [ 680404.717929000034928, 4564977.370166 ], [ 680388.627885999972932, 4565035.339619999751449 ], [ 680365.823439000057988, 4565069.069201 ], [ 680346.118117999983951, 4565066.392892999574542 ], [ 680346.27006899996195, 4565089.737115999683738 ], [ 680339.152922000037506, 4565086.839189000427723 ], [ 680341.143674000049941, 4565101.641502999700606 ], [ 680335.393916000030003, 4565115.007989999838173 ], [ 680318.325675999978557, 4565124.072807 ], [ 680298.66623700002674, 4565119.209239000454545 ], [ 680284.918942000018433, 4565142.209502000361681 ], [ 680278.607974000042304, 4565160.294663 ], [ 680287.976516, 4565196.275934999808669 ], [ 680300.803559000021778, 4565210.457665000110865 ], [ 680346.612251000013202, 4565224.000475999899209 ], [ 680341.6058020000346, 4565248.683431000448763 ], [ 680355.296788000036031, 4565257.776414000429213 ], [ 680372.310629999963567, 4565250.898865999653935 ], [ 680377.732303000055254, 4565248.411322000436485 ], [ 680378.450935999979265, 4565239.375098999589682 ], [ 680395.132477, 4565216.447656 ], [ 680394.379146000021137, 4565204.18664 ], [ 680389.945329, 4565190.490278 ], [ 680410.834232000051998, 4565196.50658299960196 ], [ 680421.733641, 4565206.88588699977845 ], [ 680419.877996, 4565217.460351999849081 ], [ 680422.168833, 4565229.281752999871969 ], [ 680425.5637309999438, 4565228.699273999780416 ], [ 680429.518260000040755, 4565240.406351 ], [ 680451.669266000040807, 4565246.59846 ], [ 680464.190539999981411, 4565241.953893000259995 ], [ 680468.734092000056989, 4565229.879615999758244 ], [ 680481.251226000022143, 4565228.789927000179887 ], [ 680490.263629000051878, 4565245.243783 ], [ 680508.070197000051849, 4565244.973957000300288 ], [ 680503.746163, 4565237.69025900028646 ], [ 680495.03411, 4565226.043015000410378 ], [ 680498.367215999984182, 4565223.214974000118673 ], [ 680505.801928999950178, 4565231.908846000209451 ], [ 680512.553098, 4565231.965025000274181 ], [ 680521.380471999989823, 4565234.894400999881327 ], [ 680533.280854000011459, 4565244.476603000424802 ], [ 680540.77236099995207, 4565265.769795999862254 ], [ 680547.620362999965437, 4565272.0718 ], [ 680548.593688, 4565280.18344600033015 ], [ 680565.518975000013597, 4565299.899663999676704 ], [ 680584.149792999960482, 4565332.022788000293076 ], [ 680596.98441300005652, 4565346.205276000313461 ], [ 680588.769150999956764, 4565352.089491000398993 ], [ 680574.616609000018798, 4565355.882430999539793 ], [ 680565.112562999944203, 4565353.524999000132084 ], [ 680564.225901999976486, 4565348.348336 ], [ 680552.279948999988846, 4565349.751977000385523 ], [ 680548.701695000054315, 4565352.996066999621689 ], [ 680554.04257199994754, 4565359.8606319995597 ], [ 680548.465615, 4565362.521943000145257 ], [ 680560.75944699998945, 4565372.802729999646544 ], [ 680569.852000999962911, 4565371.117305000312626 ], [ 680573.282218000036664, 4565364.370144000276923 ], [ 680604.383419999969192, 4565366.818597 ], [ 680605.943495000014082, 4565362.424684000201523 ], [ 680600.893812999944203, 4565353.289903 ], [ 680607.839531, 4565351.584630000405014 ], [ 680614.677751000039279, 4565350.832093000411987 ], [ 680617.260984000051394, 4565342.386455999687314 ], [ 680631.642157000023872, 4565330.389533 ], [ 680632.029036000021733, 4565322.567107999697328 ], [ 680625.226398000027984, 4565315.455167000181973 ], [ 680619.595166999963112, 4565304.739551999606192 ], [ 680636.879962999955751, 4565303.85721299983561 ], [ 680636.39448999997694, 4565291.636115999892354 ], [ 680634.300607000011951, 4565285.418568000197411 ], [ 680627.082232999964617, 4565281.540218999609351 ], [ 680626.072859999956563, 4565276.915966999717057 ], [ 680629.422513999976218, 4565273.421838999725878 ], [ 680636.738864999962971, 4565277.746988999657333 ], [ 680641.229443000047468, 4565277.96942500025034 ], [ 680648.213211999973282, 4565282.175247999839485 ], [ 680649.231105000013486, 4565286.455329 ], [ 680646.14633000001777, 4565288.400721999816597 ], [ 680641.756478999974206, 4565288.514057000167668 ], [ 680641.54258, 4565297.140637 ], [ 680642.278522999957204, 4565303.657793999649584 ], [ 680646.847630999982357, 4565305.448584999889135 ], [ 680651.466291000018828, 4565305.240942999720573 ], [ 680653.616561, 4565316.625695000402629 ], [ 680665.859408000018448, 4565319.151143000461161 ], [ 680677.275299999979325, 4565325.933163999579847 ], [ 680691.334154000040144, 4565326.93728999979794 ], [ 680692.271714000031352, 4565320.250555999577045 ], [ 680686.22932399995625, 4565314.279446000233293 ], [ 680695.282098999945447, 4565307.438490999862552 ], [ 680703.006261999951676, 4565303.097501999698579 ], [ 680714.789155, 4565305.567185999825597 ], [ 680748.057872000033967, 4565299.43811499979347 ], [ 680763.007712000049651, 4565305.441428000107408 ], [ 680780.282508000032976, 4565302.259564000181854 ], [ 680784.878286, 4565279.988451999612153 ], [ 680793.898643999942578, 4565277.501637999899685 ], [ 680802.814983000047505, 4565277.178558999672532 ], [ 680801.549108, 4565273.092264000326395 ], [ 680790.619843999971636, 4565269.010564000345767 ], [ 680798.242975999950431, 4565257.590564999729395 ], [ 680815.940227000042796, 4565249.897792999632657 ], [ 680836.950491999974474, 4565255.06294700037688 ], [ 680859.902182, 4565238.113377000205219 ], [ 680879.273118000011891, 4565232.950776999816298 ], [ 680888.038557, 4565237.356599000282586 ], [ 680930.849964000051841, 4565238.808500999584794 ], [ 680940.024861000012606, 4565236.858945 ], [ 680946.805257000029087, 4565222.229795999825001 ], [ 680988.562087, 4565222.578241 ], [ 680997.377019, 4565215.198486000299454 ], [ 681039.018313999986276, 4565209.734194000251591 ], [ 681060.032276000012644, 4565210.700775999575853 ], [ 681081.628508999943733, 4565203.427694000303745 ], [ 681092.112419000011869, 4565187.290977999567986 ], [ 681090.270339000038803, 4565180.068594999611378 ], [ 681094.077875999966636, 4565167.276468000374734 ], [ 681102.302179, 4565151.605734 ], [ 681099.689599000033922, 4565145.00853499956429 ], [ 681109.924680999945849, 4565136.186671 ], [ 681116.696077, 4565139.821096000261605 ], [ 681119.490154, 4565136.080071000382304 ], [ 681118.77358399995137, 4565124.07534100022167 ], [ 681130.920741999987513, 4565109.202039999887347 ], [ 681150.750481999944896, 4565107.539853 ], [ 681182.101268999977037, 4565116.862460999749601 ], [ 681236.052090000011958, 4565153.098608000203967 ], [ 681243.459304000018165, 4565160.170634999871254 ], [ 681287.346260000020266, 4565205.733062 ], [ 681295.923283000010997, 4565218.377798999659717 ], [ 681275.968646000023, 4565225.068981000222266 ], [ 681290.732349000056274, 4565250.343396999873221 ], [ 681290.227835000026971, 4565299.944983 ], [ 681279.624286000034772, 4565343.462884999811649 ], [ 681291.411563999950886, 4565370.018593000248075 ], [ 681254.275605999981053, 4565390.979878 ], [ 681236.886053, 4565400.456739 ], [ 681235.928466000012122, 4565407.254026000387967 ], [ 681252.157383000012487, 4565405.991387999616563 ], [ 681262.240207999944687, 4565421.150937999598682 ], [ 681244.731668, 4565428.669580000452697 ], [ 681253.201330999960192, 4565433.146274999715388 ], [ 681310.08355500001926, 4565395.301459000445902 ], [ 681327.463787000044249, 4565416.197379999794066 ], [ 681332.733452999964356, 4565441.057865999639034 ], [ 681305.980205000028946, 4565476.252833000384271 ], [ 681310.380800000042655, 4565490.871111 ], [ 681330.225887999986298, 4565527.981340000405908 ], [ 681350.102624000050128, 4565538.541167999617755 ], [ 681362.92137, 4565565.75594300031662 ], [ 681333.093506, 4565580.25537099968642 ], [ 681328.48183499998413, 4565640.841854000464082 ], [ 681333.679604999953881, 4565665.211760999634862 ], [ 681353.2778770000441, 4565687.951608000323176 ], [ 681376.806401, 4565695.336317 ], [ 681378.773415999952704, 4565679.33233099989593 ], [ 681394.669375999947079, 4565673.22919899970293 ], [ 681388.439531999989413, 4565697.725645000115037 ], [ 681409.421439000056125, 4565704.302725000306964 ], [ 681407.346868, 4565719.570813000202179 ], [ 681416.392609999980778, 4565720.096043 ], [ 681423.164492000010796, 4565730.418619999662042 ], [ 681409.386861999984831, 4565741.729165 ], [ 681437.118941999971867, 4565751.074025999754667 ], [ 681440.624946000054479, 4565788.455356 ], [ 681459.338185, 4565804.607874000445008 ], [ 681444.28111700003501, 4565822.163246000185609 ], [ 681442.505422999965958, 4565836.205640000291169 ], [ 681452.739802, 4565843.892718999646604 ], [ 681447.881376, 4565858.113834000192583 ], [ 681462.458797, 4565900.54800400044769 ], [ 681476.694010999985039, 4565920.688373000361025 ], [ 681503.927379, 4565935.542448 ], [ 681570.123997000046074, 4565945.557614999823272 ], [ 681593.294758999953046, 4565934.281583 ], [ 681593.888030000030994, 4565921.587287999689579 ], [ 681611.384926000027917, 4565923.589940999634564 ], [ 681616.626841000048444, 4565938.740472 ], [ 681646.7166000000434, 4565923.126733000390232 ], [ 681675.230496000032872, 4565934.380645000375807 ], [ 681694.540338000049815, 4565924.563934000208974 ], [ 681721.526927000028081, 4565910.295079999603331 ], [ 681750.417366, 4565922.591854000464082 ], [ 681747.064675000030547, 4565940.649771999567747 ], [ 681759.009575000032783, 4565949.013224000111222 ], [ 681742.944512999965809, 4565961.565863999538124 ], [ 681757.732458999962546, 4565972.966454000212252 ], [ 681776.135240999981761, 4565966.560114 ], [ 681794.025068999966606, 4565979.026927 ], [ 681839.379377000033855, 4565987.646770999766886 ], [ 681872.992088000057265, 4565988.163823000155389 ], [ 681888.360169, 4565973.97208600025624 ], [ 681931.421161000034772, 4565952.173328000120819 ], [ 681976.450342, 4565927.479996999725699 ], [ 681996.236684, 4565926.474589999765158 ], [ 681989.624969, 4565948.0504390001297 ], [ 681998.270539000048302, 4565954.509928000159562 ], [ 682032.291394000058062, 4565942.395429999567568 ], [ 682048.106017000041902, 4565948.611990000121295 ], [ 682058.039500999962911, 4565938.106387999840081 ], [ 682071.679769000038505, 4565949.434515000320971 ], [ 682082.353616000036709, 4565946.557378999888897 ], [ 682090.82944200001657, 4565922.561915 ], [ 682113.638602999970317, 4565920.42147000040859 ], [ 682154.211422999971546, 4565895.528899 ], [ 682159.316904, 4565878.192617 ], [ 682150.89294599997811, 4565859.518151000142097 ], [ 682155.967990000033751, 4565845.747219 ], [ 682141.894785000011325, 4565837.64094499964267 ], [ 682163.721218000049703, 4565805.380734000355005 ], [ 682166.442659000051208, 4565783.763267000205815 ], [ 682191.391890999977477, 4565746.382028999738395 ], [ 682211.025980000034906, 4565731.031142000108957 ], [ 682224.568905, 4565738.546586999669671 ], [ 682234.56892400002107, 4565724.732262999750674 ], [ 682235.203966, 4565700.018642 ], [ 682247.294065000023693, 4565685.81224500015378 ], [ 682267.821758999954909, 4565682.026514999568462 ], [ 682274.872624999959953, 4565670.093701000325382 ], [ 682293.56611100002192, 4565669.217243 ], [ 682303.886864, 4565647.623342 ], [ 682340.396763000055216, 4565641.038292 ], [ 682347.426559000043198, 4565647.713259000331163 ], [ 682356.438168999971822, 4565647.261171 ], [ 682369.023454, 4565647.798422999680042 ], [ 682378.358251999947242, 4565633.767652000300586 ], [ 682400.49511000001803, 4565638.754564000293612 ], [ 682415.615732999984175, 4565651.264662999659777 ], [ 682432.796813, 4565661.882252000272274 ], [ 682445.518349000019953, 4565680.087011000141501 ], [ 682447.659978999989107, 4565715.812969 ], [ 682436.864129, 4565728.229526 ], [ 682437.347995999967679, 4565734.362928999587893 ], [ 682430.541520999977365, 4565738.202960000373423 ], [ 682423.96175699995365, 4565745.048215 ], [ 682437.376521999947727, 4565748.294845 ], [ 682442.037291000015102, 4565748.744858999736607 ], [ 682441.366950000054203, 4565744.028788999654353 ], [ 682447.378672000020742, 4565744.12381299957633 ], [ 682454.515686, 4565737.803568 ], [ 682461.934302999987267, 4565737.989389999769628 ], [ 682476.496751999948174, 4565749.330275 ], [ 682487.967043000040576, 4565743.140834 ], [ 682494.884135999949649, 4565733.882230999879539 ], [ 682518.890082000056282, 4565727.529198000207543 ], [ 682521.883784999954514, 4565742.624142999760807 ], [ 682524.741994000039995, 4565745.384240999817848 ], [ 682530.636030000052415, 4565734.778013999573886 ], [ 682545.587479999987409, 4565739.629778999835253 ], [ 682561.746614999952726, 4565721.059855000115931 ], [ 682567.364621000015177, 4565723.478087999857962 ], [ 682576.772971000056714, 4565720.581036999821663 ], [ 682580.186502999975346, 4565705.535562000237405 ], [ 682588.856528999982402, 4565709.674503999762237 ], [ 682602.998538000043482, 4565706.329560000449419 ], [ 682609.406058999942616, 4565679.260983999818563 ], [ 682643.780798000050709, 4565669.52439 ], [ 682676.636943000019528, 4565647.096229 ], [ 682686.845832000020891, 4565633.021081999875605 ], [ 682708.15426900004968, 4565621.201810999773443 ], [ 682744.642731999978423, 4565635.559502 ], [ 682749.608737000031397, 4565646.915724 ], [ 682747.279583, 4565658.844374 ], [ 682763.721178999985568, 4565666.489109000191092 ], [ 682780.159525000024587, 4565657.547407999634743 ], [ 682797.095772000029683, 4565655.172806999646127 ], [ 682797.403923999983817, 4565669.633922000415623 ], [ 682801.528060000040568, 4565671.414939999580383 ], [ 682810.21564099995885, 4565664.156302999705076 ], [ 682823.231528999982402, 4565649.20747399982065 ], [ 682839.636284, 4565649.963603000156581 ], [ 682852.019717999966815, 4565636.154330000281334 ], [ 682856.596509000053629, 4565637.613456999883056 ], [ 682851.694879999966361, 4565650.766206 ], [ 682865.488635999965481, 4565650.612536 ], [ 682878.098017000011168, 4565656.539354999549687 ], [ 682886.329130999976769, 4565663.122825000435114 ], [ 682896.600929999956861, 4565661.592097000218928 ], [ 682904.44357, 4565667.277080000378191 ], [ 682916.148611000040546, 4565667.12660999968648 ], [ 682924.485791999963112, 4565672.490749999880791 ], [ 682929.853514999966137, 4565672.514449000358582 ], [ 682929.810079999966547, 4565665.225557999685407 ], [ 682926.026975000044331, 4565645.522374000400305 ], [ 682931.063462, 4565633.017403 ], [ 682949.43406999995932, 4565613.948331999592483 ], [ 682966.220287999953143, 4565608.537464999593794 ], [ 682965.930749000050128, 4565602.031162000261247 ], [ 682941.346409, 4565604.324403 ], [ 682931.955062999972142, 4565602.188845000229776 ], [ 682927.815646999981254, 4565592.33079900033772 ], [ 682955.487246999982744, 4565592.359156000427902 ], [ 682979.532773999962956, 4565598.828894999809563 ], [ 683026.648621, 4565614.188198000192642 ], [ 683060.20411100005731, 4565580.014333999715745 ], [ 683098.853344999952242, 4565579.474782000295818 ], [ 683172.588047, 4565578.351118000224233 ], [ 683202.509467000025325, 4565580.647765999659896 ], [ 683261.015843000030145, 4565566.677198000252247 ], [ 683331.536237000022084, 4565557.630973 ], [ 683371.585626999964006, 4565558.127948 ], [ 683389.147718, 4565558.570042000152171 ], [ 683402.729907999979332, 4565558.834211000241339 ], [ 683418.251892999978736, 4565559.013933000154793 ], [ 683432.801779999979772, 4565556.491821000352502 ], [ 683467.594737999956124, 4565547.880493000149727 ], [ 683509.764106999966316, 4565542.143637999892235 ], [ 683564.612215999979526, 4565542.90338 ], [ 683605.314121, 4565538.152169000357389 ], [ 683695.014749999972992, 4565527.626470999792218 ], [ 683751.569813000038266, 4565517.921048000454903 ], [ 683786.519569, 4565519.413719999603927 ], [ 683884.44733500003349, 4565519.618614000268281 ], [ 683915.219210000010207, 4565522.461797 ], [ 683922.53119400003925, 4565528.212279000319541 ], [ 683979.771043000044301, 4565524.291748000308871 ], [ 684049.060003999969922, 4565526.875195999629796 ], [ 684078.180670000030659, 4565529.666245000436902 ], [ 684111.655143999960274, 4565540.41079100035131 ], [ 684171.913119000033475, 4565539.878693000413477 ], [ 684188.82478100003209, 4565540.506238999776542 ], [ 684208.064690000028349, 4565543.270185999572277 ], [ 684227.589081999962218, 4565550.374109 ], [ 684237.64509799994994, 4565558.394012000411749 ], [ 684246.944245000020601, 4565560.851114000193775 ], [ 684280.890269999974407, 4565569.853074000217021 ], [ 684313.819880999973975, 4565585.539661999791861 ], [ 684348.446782000013627, 4565608.068419000133872 ], [ 684373.417129999957979, 4565627.675532000139356 ], [ 684403.598831000039354, 4565653.813778 ], [ 684428.679499999969266, 4565677.334466 ], [ 684455.874853000044823, 4565707.107947999611497 ], [ 684463.496149000013247, 4565727.120443999767303 ], [ 684470.066765, 4565766.759208999574184 ], [ 684470.940060000051744, 4565783.945642 ], [ 684465.513699, 4565794.517869000323117 ], [ 684457.372775999945588, 4565799.666535000316799 ], [ 684446.001438, 4565806.844232999719679 ], [ 684438.503881999989972, 4565813.08684 ], [ 684407.747106999973767, 4565835.871562999673188 ], [ 684380.274218, 4565862.805637000128627 ], [ 684368.005220000050031, 4565874.304572000168264 ], [ 684356.277284999960102, 4565885.306179 ], [ 684357.514337999979034, 4565906.356819 ], [ 684368.719055, 4565921.327290000393987 ], [ 684377.491728, 4565945.557160000316799 ], [ 684408.06649, 4565962.740028000436723 ], [ 684434.874518999946304, 4565947.809812 ], [ 684460.885338000021875, 4565949.790520000271499 ], [ 684496.810867000021972, 4565938.513178999535739 ], [ 684527.32636199996341, 4565941.141486000269651 ], [ 684547.72287099994719, 4565923.371829000301659 ], [ 684566.218192999949679, 4565896.555273000150919 ], [ 684561.301245999988168, 4565870.467549 ], [ 684560.580685000051744, 4565870.10489400010556 ], [ 684537.056653999956325, 4565858.354852999560535 ], [ 684520.968698999960907, 4565838.483280999585986 ], [ 684513.697673000046052, 4565826.178527000360191 ], [ 684515.697305000037886, 4565818.763531999662519 ], [ 684518.091947, 4565813.636009999550879 ], [ 684500.643797000055201, 4565797.785039000213146 ], [ 684520.677605999982916, 4565776.795432000420988 ], [ 684542.52296800003387, 4565752.841067999601364 ], [ 684558.843032, 4565742.700423999689519 ], [ 684569.587346000014804, 4565735.1181669998914 ], [ 684602.99799099995289, 4565703.969143000431359 ], [ 684656.345126, 4565687.145951 ], [ 684716.18921500002034, 4565688.018844 ], [ 684758.712496, 4565684.564528999850154 ], [ 684767.685277999960817, 4565688.302752000279725 ], [ 684773.462513, 4565690.704543 ], [ 684783.964023999986239, 4565693.037313999608159 ], [ 684823.993570000049658, 4565690.342233999632299 ], [ 684841.952841000049375, 4565693.30869899969548 ], [ 684858.403194000013173, 4565692.27078100014478 ], [ 684878.886015000054613, 4565692.312889000400901 ], [ 684902.764283000025898, 4565691.763553 ], [ 684935.830624000052921, 4565692.747380999848247 ], [ 684962.736786999972537, 4565697.163351000286639 ], [ 684992.681166999973357, 4565700.190108000300825 ], [ 685011.416765999980271, 4565712.219955 ], [ 685032.166217, 4565710.68059 ], [ 685046.816126000019722, 4565712.496980999596417 ], [ 685095.44874699995853, 4565729.40826900023967 ], [ 685143.301512000034563, 4565736.401375999674201 ], [ 685182.28585500002373, 4565749.746259000152349 ], [ 685252.418324999976903, 4565766.594199 ], [ 685294.740620999946259, 4565772.692216999828815 ], [ 685345.134151999955066, 4565794.538276 ], [ 685365.929383, 4565798.778063000179827 ], [ 685388.692908999975771, 4565815.655263000167906 ], [ 685409.676590000046417, 4565828.965471000410616 ], [ 685451.269334999960847, 4565845.911123 ], [ 685486.035316, 4565865.771672000177205 ], [ 685529.292710999958217, 4565887.492909000255167 ], [ 685548.613832999952137, 4565901.183365999720991 ], [ 685589.715870999963954, 4565929.460347999818623 ], [ 685605.001866, 4565955.013299000449479 ], [ 685622.288601999985985, 4565975.451267000287771 ], [ 685566.045399000053294, 4566045.997872999869287 ], [ 685570.502556000021286, 4566049.822067 ], [ 685636.186299999943003, 4565982.404612000100315 ], [ 685676.100952, 4566016.428914999589324 ], [ 685629.397023999947123, 4566070.087078000418842 ], [ 685635.309373999945819, 4566073.748426999896765 ], [ 685662.975288999965414, 4566044.346300000324845 ], [ 685679.406644999980927, 4566049.297917 ], [ 685693.183286000043154, 4566060.992141 ], [ 685744.401948999962769, 4566122.723829999566078 ], [ 685761.893312999978662, 4566151.221940999850631 ], [ 685789.413585999980569, 4566184.097625999711454 ], [ 685808.275365, 4566216.730313999578357 ], [ 685794.103067000047304, 4566259.363376 ], [ 685762.685090000042692, 4566321.1096700001508 ], [ 685748.158518000040203, 4566328.649283999577165 ], [ 685739.982351999962702, 4566317.730998000130057 ], [ 685736.338366999989375, 4566320.18219 ], [ 685741.620011999970302, 4566334.092933 ], [ 685712.859911, 4566367.288571 ], [ 685696.409766, 4566390.077302999794483 ], [ 685692.965203, 4566394.577786999754608 ], [ 685667.171335999970324, 4566432.182 ], [ 685662.385033000027761, 4566447.202514000236988 ], [ 685672.709666999988258, 4566455.764685999602079 ], [ 685665.751284, 4566467.485785 ], [ 685655.072979000047781, 4566472.468452 ], [ 685640.362665000022389, 4566505.000419000163674 ], [ 685626.991209, 4566528.445465999655426 ], [ 685635.777177999960259, 4566532.546707999892533 ], [ 685634.976171000045724, 4566541.925103000365198 ], [ 685624.547886000014842, 4566548.291784999892116 ], [ 685615.796351999975741, 4566550.079579000361264 ], [ 685610.628311999957077, 4566560.668726 ], [ 685596.325074999942444, 4566566.381199000403285 ], [ 685562.416593999951147, 4566611.433514 ], [ 685548.353693000040948, 4566651.170109 ], [ 685562.438513000030071, 4566686.935627000406384 ], [ 685574.692047000047751, 4566699.11304400023073 ], [ 685607.879745000042021, 4566704.047229000367224 ], [ 685621.84901, 4566715.046395 ], [ 685630.820859999977984, 4566733.561680000275373 ], [ 685631.698959999950603, 4566748.137787999585271 ], [ 685623.126792000024579, 4566762.639643000438809 ], [ 685641.976896999985911, 4566781.873364999890327 ], [ 685634.380850999965332, 4566796.577847000211477 ], [ 685643.294640999985859, 4566800.915680999867618 ], [ 685651.259771000011824, 4566792.130986000411212 ], [ 685671.187817999976687, 4566768.753181000240147 ], [ 685692.854501000023447, 4566748.241627999581397 ], [ 685730.809291000012308, 4566746.132183000445366 ], [ 685774.052693999954499, 4566748.768385999836028 ], [ 685801.93405200005509, 4566767.721900000236928 ], [ 685827.646551999961957, 4566770.433305 ], [ 685848.398411000031047, 4566756.209171 ], [ 685863.942725999979302, 4566744.585168999619782 ], [ 685892.646298, 4566739.207486 ], [ 685909.884163000038825, 4566740.425226000137627 ], [ 685919.248110000044107, 4566757.351119000464678 ], [ 685925.02483500004746, 4566783.706484000198543 ], [ 685918.915682, 4566790.738506999798119 ], [ 685919.409162000054494, 4566811.815173 ], [ 685928.030355999944732, 4566817.423515999689698 ], [ 685942.081156000029296, 4566812.394062000326812 ], [ 685944.326599000021815, 4566785.22142199985683 ], [ 685941.070358, 4566760.996808 ], [ 685934.017515999963507, 4566734.364431999623775 ], [ 685942.944414000026882, 4566718.149952 ], [ 685959.208121999981813, 4566707.266642999835312 ], [ 685974.7581680000294, 4566693.787681000307202 ], [ 685968.279709000024013, 4566674.880101 ], [ 685935.957467, 4566638.348053 ], [ 685942.296374000026844, 4566622.323014999739826 ], [ 685947.451139000011608, 4566622.454634999856353 ], [ 685947.582111999974586, 4566617.325280000455678 ], [ 685942.733100999961607, 4566615.401689999736845 ], [ 685945.06841299997177, 4566604.418239000253379 ], [ 685949.737985000014305, 4566603.515375000424683 ], [ 685951.179595, 4566597.641804000362754 ], [ 685980.399394999956712, 4566574.046527000144124 ], [ 685997.983105, 4566566.007760000415146 ], [ 686021.799741999944672, 4566548.073924000374973 ], [ 686044.040126999956556, 4566545.553547999821603 ], [ 686068.298617, 4566554.650047999806702 ], [ 686180.551941000041552, 4566571.139550999738276 ], [ 686233.561770000029355, 4566575.31684899982065 ], [ 686290.540650999988429, 4566575.485452 ], [ 686306.223577999975532, 4566577.175382000394166 ], [ 686325.465623999945819, 4566601.042632999829948 ], [ 686314.884386, 4566658.931567000225186 ], [ 686309.209078000043519, 4566672.917998 ], [ 686317.086382, 4566686.617909000255167 ], [ 686332.519662, 4566704.61067199986428 ], [ 686344.431288999971002, 4566716.33631999976933 ], [ 686370.839816999970935, 4566732.165880000218749 ], [ 686390.255034000030719, 4566739.084251999855042 ], [ 686426.337232999969274, 4566719.721424999646842 ], [ 686449.989305999944918, 4566702.673519000411034 ], [ 686456.187419999972917, 4566696.121905 ], [ 686462.828262, 4566686.03761 ], [ 686482.307959, 4566645.896816000342369 ], [ 686481.271321999956854, 4566628.405686000362039 ], [ 686533.406823000055738, 4566603.177411000244319 ], [ 686555.569515999988653, 4566598.456864000298083 ], [ 686608.489596999948844, 4566580.926067999564111 ], [ 686677.835179000045173, 4566544.307854999788105 ], [ 686800.401238000020385, 4566480.158557999879122 ], [ 686812.519676, 4566480.213878000155091 ], [ 686839.959161999984644, 4566496.071584000252187 ], [ 686851.304139000014402, 4566516.138128000311553 ], [ 686843.240201, 4566529.029709000140429 ], [ 686864.048137999954633, 4566542.151015000417829 ], [ 686927.236798000056297, 4566531.44074899982661 ], [ 686937.857239000033587, 4566529.402514999732375 ], [ 686949.261178000015207, 4566547.159900999628007 ], [ 687009.267279000021517, 4566580.041394 ], [ 687062.247803000034764, 4566575.236131999641657 ], [ 687137.483714999980293, 4566547.116945999674499 ], [ 687156.678854000056162, 4566573.040660000406206 ], [ 687161.817384999943897, 4566593.714826 ], [ 687156.502579999971204, 4566620.04189 ], [ 687126.599438, 4566649.836625999771059 ], [ 687106.690624000038952, 4566671.933607 ], [ 687121.891978000057861, 4566692.355248999781907 ], [ 687148.766652000020258, 4566680.202879000455141 ], [ 687164.79910199996084, 4566668.282987999729812 ], [ 687172.949104, 4566652.060991999693215 ], [ 687199.333293, 4566648.884057999588549 ], [ 687215.767391999950632, 4566651.361855000257492 ], [ 687227.614981999970041, 4566661.943060000427067 ], [ 687225.388373999972828, 4566668.29619999974966 ], [ 687224.52057099994272, 4566682.150097000412643 ], [ 687246.429357000044547, 4566692.212326000444591 ], [ 687243.134161000023596, 4566710.114454999566078 ], [ 687282.853980000014417, 4566679.539419 ], [ 687299.23471700004302, 4566674.305793000385165 ], [ 687302.895265999948606, 4566652.313539000228047 ], [ 687301.848628, 4566642.787689000368118 ], [ 687290.725972000043839, 4566634.024799999780953 ], [ 687306.502061999985017, 4566592.301962999626994 ], [ 687329.771436, 4566579.801966999657452 ], [ 687351.171003, 4566569.564789 ], [ 687372.878557999967597, 4566557.791323999874294 ], [ 687384.767425999976695, 4566536.777390000410378 ], [ 687406.26403299998492, 4566542.985464000143111 ], [ 687418.343295000027865, 4566554.33952600043267 ], [ 687441.222946999943815, 4566547.218124999664724 ], [ 687476.214923999970779, 4566559.939752000384033 ], [ 687491.249846, 4566577.024958999827504 ], [ 687497.87681100005284, 4566599.793065999634564 ], [ 687534.892433000029996, 4566614.366899999789894 ], [ 687558.173258999944665, 4566631.397975999861956 ], [ 687595.53052899998147, 4566622.605732000432909 ], [ 687597.597547000041232, 4566584.041013999842107 ], [ 687633.135524000041187, 4566546.583007999695837 ], [ 687708.55832199996803, 4566512.630574 ], [ 687741.417971999966539, 4566506.222834999673069 ], [ 687809.243394, 4566492.406663999892771 ], [ 687858.386454000021331, 4566476.453795 ], [ 687895.842086000018753, 4566493.807179000228643 ], [ 687947.270423999987543, 4566526.464192000217736 ], [ 688004.322506999946199, 4566555.045004 ], [ 688018.548691999982111, 4566569.29968100041151 ], [ 688033.378720000036992, 4566578.681614000350237 ], [ 688055.484161, 4566593.773082000203431 ], [ 688080.132248, 4566606.863843999803066 ], [ 688083.56322100001853, 4566619.18448800034821 ], [ 688099.748956999974325, 4566637.445088 ], [ 688112.748414000030607, 4566674.499200000427663 ], [ 688106.51537899998948, 4566682.015158000402153 ], [ 688104.456524000037462, 4566697.104816 ], [ 688126.913807000033557, 4566722.582302000373602 ], [ 688144.397318999981508, 4566714.945956000126898 ], [ 688165.733654999989085, 4566727.318214000202715 ], [ 688162.947430999949574, 4566746.533076000399888 ], [ 688157.056089999969117, 4566764.84557200036943 ], [ 688166.963014999986626, 4566792.698651 ], [ 688182.245238999952562, 4566823.179285 ], [ 688199.827426000032574, 4566866.5625 ], [ 688196.555841999943368, 4566876.321358 ], [ 688190.352909, 4566879.105182999745011 ], [ 688181.12467699998524, 4566884.066150000318885 ], [ 688174.461338000022806, 4566895.903803999535739 ], [ 688177.659657999989577, 4566903.907846 ], [ 688189.557528999983333, 4566909.881396000273526 ], [ 688211.245685999980196, 4566932.62850399967283 ], [ 688259.745185, 4566947.014205999672413 ], [ 688317.846313999965787, 4566953.993792000226676 ], [ 688346.279507, 4566953.951488999649882 ], [ 688355.840199999976903, 4566966.941917999647558 ], [ 688366.143619999988005, 4566981.695839 ], [ 688378.841001000022516, 4566991.767755 ], [ 688391.015093000023626, 4566995.482366999611259 ], [ 688416.880659000016749, 4566988.674607999622822 ], [ 688442.311208000057377, 4566981.177972 ], [ 688458.210755, 4566981.58945900015533 ], [ 688469.885393999982625, 4566987.102202 ], [ 688524.76130400004331, 4567018.86412 ], [ 688546.453584, 4567041.401327 ], [ 688559.192026, 4567049.874804999679327 ], [ 688573.649075999972411, 4567053.193342999555171 ], [ 688586.880924999946728, 4567069.167781 ], [ 688606.45657299994491, 4567076.918525000102818 ], [ 688616.960736999986693, 4567082.278993000276387 ], [ 688629.277823999989778, 4567108.306580999866128 ], [ 688639.997697000042535, 4567124.438255 ], [ 688650.963757000048645, 4567131.066173000261188 ], [ 688658.136746000032872, 4567143.928523999638855 ], [ 688660.64949500001967, 4567152.148365999571979 ], [ 688675.148336000042036, 4567163.878468999639153 ], [ 688705.926831000018865, 4567190.784585 ], [ 688717.671497000032105, 4567188.722554 ], [ 688717.445059000048786, 4567179.662035999819636 ], [ 688726.571296000038274, 4567166.666572 ], [ 688735.723741000052541, 4567176.280647999607027 ], [ 688745.728228, 4567178.584223000332713 ], [ 688766.252347999950871, 4567173.672388000413775 ], [ 688773.974202999961562, 4567169.884092999622226 ], [ 688787.746724999975413, 4567186.006275 ], [ 688799.402403000043705, 4567183.819856000132859 ], [ 688810.87379600002896, 4567188.416891000233591 ], [ 688823.455362000036985, 4567194.187066 ], [ 688829.088538000010885, 4567195.910776999779046 ], [ 688835.807963000028394, 4567199.406934999860823 ], [ 688913.810431999969296, 4567194.364385000430048 ], [ 688973.265104, 4567210.505795000120997 ], [ 689021.394791000057012, 4567241.929948999546468 ], [ 689064.508656000019982, 4567263.34738100040704 ], [ 689073.947416999959387, 4567285.168168 ], [ 689066.228929999982938, 4567315.953615999780595 ], [ 689072.340636000037193, 4567333.155117999762297 ], [ 689092.442295999964699, 4567336.754638999700546 ], [ 689107.168598999967799, 4567316.116926999762654 ], [ 689132.525085999979638, 4567306.620987 ], [ 689150.42774900002405, 4567303.830819999799132 ], [ 689159.158437, 4567262.183895999565721 ], [ 689145.815375, 4567250.227265000343323 ], [ 689142.377390000037849, 4567228.573367999866605 ], [ 689149.600872999988496, 4567202.652428000234067 ], [ 689158.605047, 4567206.330458000302315 ], [ 689170.127894000033848, 4567204.096736 ], [ 689184.737252000020817, 4567187.977904999628663 ], [ 689183.768461999949068, 4567169.098992999643087 ], [ 689161.929707000032067, 4567148.411317000165582 ], [ 689158.743927999981679, 4567130.930234 ], [ 689187.45655500004068, 4567104.301072999835014 ], [ 689192.742921, 4567075.796744000166655 ], [ 689162.577735000057146, 4567060.514424 ], [ 689150.447026, 4567022.85846299957484 ], [ 689132.751474000047892, 4566995.045908999629319 ], [ 689130.648278999957256, 4566974.304399999789894 ], [ 689137.885980000020936, 4566957.205182 ], [ 689128.922972999978811, 4566931.585954999551177 ], [ 689130.088394999969751, 4566908.674011000432074 ], [ 689147.15567300003022, 4566876.409385999664664 ], [ 689173.517031, 4566842.497529 ], [ 689203.102418, 4566815.246663000434637 ], [ 689238.032893999945372, 4566800.178088 ], [ 689249.936567, 4566806.875710999593139 ], [ 689259.092369999969378, 4566817.645983000285923 ], [ 689280.057966999942437, 4566824.201444 ], [ 689299.675557999988087, 4566839.37665 ], [ 689315.268542999983765, 4566839.981998999603093 ], [ 689332.968185, 4566821.821735000237823 ], [ 689361.637299999943934, 4566807.901929000392556 ], [ 689386.6809620000422, 4566803.098174000158906 ], [ 689412.056359000038356, 4566807.146734000183642 ], [ 689449.078089999966323, 4566805.854457000270486 ], [ 689490.40745399997104, 4566805.985445999540389 ], [ 689543.306137999985367, 4566811.472877000458539 ], [ 689589.361864999984391, 4566818.52681600023061 ], [ 689608.552318, 4566827.85898 ], [ 689661.038642000057735, 4566834.680862000212073 ], [ 689685.81987200002186, 4566839.959243999794126 ], [ 689730.169242999982089, 4566846.825210999697447 ], [ 689740.160748000023887, 4566869.272386999800801 ], [ 689755.375111000030302, 4566879.256841000169516 ], [ 689788.164419000037014, 4566881.055719000287354 ], [ 689817.874793999944814, 4566907.016708999872208 ], [ 689865.448882000055164, 4566899.235601999796927 ], [ 689890.04527, 4566875.245877999812365 ], [ 689889.609472000040114, 4566848.536945000290871 ], [ 689869.036353999981657, 4566826.946858 ], [ 689862.213071999954991, 4566813.603489000350237 ], [ 689864.591925999964587, 4566801.822150000371039 ], [ 689870.716770000057295, 4566791.449474999681115 ], [ 689882.188961999956518, 4566785.726935000158846 ], [ 689908.138756999978796, 4566785.114858999848366 ], [ 689942.290843999944627, 4566811.536603 ], [ 689963.554068999947049, 4566821.134885 ], [ 689993.186709000030532, 4566792.199538 ], [ 690011.590137999970466, 4566781.214084999635816 ], [ 690044.235630000010133, 4566752.546412999741733 ], [ 690058.378612000029534, 4566716.807656000368297 ], [ 690035.005516999983229, 4566694.199664000421762 ], [ 690016.417628000024706, 4566668.528013999573886 ], [ 690036.685191, 4566636.904225000180304 ], [ 690048.338790999958292, 4566638.708203 ], [ 690059.322205999982543, 4566608.342051000334322 ], [ 690054.611929, 4566593.742650999687612 ], [ 690060.441628, 4566572.84113600011915 ], [ 690060.852109999977984, 4566549.720602000132203 ], [ 690071.297672000015154, 4566547.360120999626815 ], [ 690087.170402999967337, 4566553.984957999549806 ], [ 690087.628703000023961, 4566572.417484999634326 ], [ 690081.877167999977246, 4566590.3212919998914 ], [ 690101.161779999965802, 4566617.900014 ], [ 690126.312071, 4566630.588836000300944 ], [ 690151.511272000032477, 4566641.401417000219226 ], [ 690177.122087000054307, 4566650.902734999544919 ], [ 690196.966280000051484, 4566678.874101 ], [ 690213.018750000046566, 4566654.839987000450492 ], [ 690215.15426900004968, 4566676.160544999875128 ], [ 690219.61596099997405, 4566693.197808000259101 ], [ 690234.203366999980062, 4566698.278442 ], [ 690228.603800000040792, 4566710.353307000361383 ], [ 690234.674568000016734, 4566716.522471000440419 ], [ 690244.59767299995292, 4566704.938303000293672 ], [ 690254.747048, 4566706.525562000460923 ], [ 690263.146029999945313, 4566717.644034000113606 ], [ 690284.643182000028901, 4566725.349538000300527 ], [ 690313.69227, 4566733.252467 ], [ 690330.677417000057176, 4566726.174816000275314 ], [ 690335.025046000024304, 4566711.62306800018996 ], [ 690349.453810999984853, 4566715.388797 ], [ 690378.837981999968179, 4566696.03646 ], [ 690385.002146000042558, 4566661.733954000286758 ], [ 690376.413825999945402, 4566630.589913999661803 ], [ 690361.993693999946117, 4566604.026364999823272 ], [ 690358.542886000010185, 4566582.660251 ], [ 690368.1104, 4566564.478625000454485 ], [ 690379.596025999984704, 4566556.66847 ], [ 690414.037885, 4566534.459827000275254 ], [ 690440.095814, 4566532.641408000141382 ], [ 690468.16223000001628, 4566538.374959000386298 ], [ 690511.837840999942273, 4566526.807357000187039 ], [ 690528.131905999965966, 4566522.767341 ], [ 690547.740895999944769, 4566527.957747000269592 ], [ 690558.100448000011966, 4566539.472283000126481 ], [ 690577.545964000048116, 4566539.047868000343442 ], [ 690587.815783999976702, 4566529.950760999694467 ], [ 690608.624778000055812, 4566537.361441000364721 ], [ 690630.92764500004705, 4566535.445421 ], [ 690643.507606000057422, 4566545.76276099961251 ], [ 690659.581658000010066, 4566542.439437 ], [ 690673.247392000048421, 4566547.485708000138402 ], [ 690694.53792000003159, 4566548.354249999858439 ], [ 690711.362960999947973, 4566552.227873000316322 ], [ 690719.045018999953754, 4566546.185133 ], [ 690768.795336000039242, 4566555.054201999679208 ], [ 690783.016443999949843, 4566569.314457999542356 ], [ 690809.496478999964893, 4566575.718839 ], [ 690828.762500999961048, 4566569.97972899954766 ], [ 690868.617245999979787, 4566568.524379 ], [ 690911.304443, 4566555.011172000318766 ], [ 690925.516050999984145, 4566540.829392000101507 ], [ 690939.814444000017829, 4566526.538811 ], [ 690932.076264000032097, 4566503.360065000131726 ], [ 690943.68495999998413, 4566503.04224899969995 ], [ 690959.8895059999777, 4566506.589092000387609 ], [ 690973.963677000021562, 4566507.891398999840021 ], [ 691000.49567900004331, 4566500.165664999745786 ], [ 691016.30160300002899, 4566483.092768999747932 ], [ 691049.366892999969423, 4566453.662587 ], [ 691061.785347, 4566434.312206 ], [ 691053.84357100003399, 4566414.427705000154674 ], [ 691069.118574999971315, 4566405.773618999868631 ], [ 691097.863574999966659, 4566397.161903999745846 ], [ 691117.383523000054993, 4566394.24106 ], [ 691131.948111, 4566388.690424 ], [ 691149.76247900002636, 4566378.847687000408769 ], [ 691161.649772000033408, 4566367.605074999853969 ], [ 691177.292788999970071, 4566357.083238 ], [ 691186.011359, 4566359.189725999720395 ], [ 691200.640506000025198, 4566363.006821 ], [ 691223.958135999972001, 4566346.753708999603987 ], [ 691225.029093, 4566329.605441999621689 ], [ 691236.762039000052027, 4566312.748231999576092 ], [ 691248.633465999970213, 4566302.438590000383556 ], [ 691270.513633999973536, 4566292.702891999855638 ], [ 691286.40151, 4566284.687498999759555 ], [ 691297.767146999947727, 4566269.68724500015378 ], [ 691303.688341, 4566247.044605 ], [ 691297.910196000011638, 4566228.472102000378072 ], [ 691310.467756, 4566215.680770999751985 ], [ 691323.220817000023089, 4566207.583106 ], [ 691350.391470000031404, 4566199.55314000044018 ], [ 691381.194625, 4566196.618319000117481 ], [ 691395.796403000014834, 4566212.978513999842107 ], [ 691424.314126000041142, 4566213.06135299988091 ], [ 691453.909944999963045, 4566208.828543 ], [ 691460.164991999976337, 4566197.438327999785542 ], [ 691453.185987, 4566188.822209999896586 ], [ 691444.051617000019178, 4566178.594015999697149 ], [ 691449.008444000035524, 4566168.72510000038892 ], [ 691470.921908000018448, 4566158.068690000101924 ], [ 691500.289441999979317, 4566150.085904000326991 ], [ 691525.475797, 4566145.759654000401497 ], [ 691568.977047999971546, 4566124.727636000141501 ], [ 691588.880274, 4566130.872925000265241 ], [ 691596.985139, 4566144.518403000198305 ], [ 691623.777873000013642, 4566155.97795999981463 ], [ 691646.956509000039659, 4566151.765958 ], [ 691654.32973, 4566145.393811999820173 ], [ 691646.257687999983318, 4566130.504781000316143 ], [ 691648.235665000043809, 4566114.946929999627173 ], [ 691648.465572000015527, 4566106.209216999821365 ], [ 691652.78605500003323, 4566096.945851 ], [ 691702.761378000024706, 4566080.151294999755919 ], [ 691729.281720999977551, 4566061.173084000125527 ], [ 691773.470106999971904, 4566037.982698 ], [ 691803.01711300003808, 4566035.005423 ], [ 691835.871292999945581, 4566025.26033699978143 ], [ 691908.910906999954022, 4566013.752041 ], [ 691936.666989000048488, 4565983.563504000194371 ], [ 691970.029469999950379, 4565966.644045 ], [ 692025.099215000052936, 4565958.729654000140727 ], [ 692130.382924000034109, 4565936.830011 ], [ 692187.210246999980882, 4565921.77482 ], [ 692242.552582000032999, 4565903.558872999623418 ], [ 692300.618288, 4565901.036307999864221 ], [ 692334.086617999942973, 4565892.231757 ], [ 692409.821336, 4565885.176974000409245 ], [ 692462.561088999966159, 4565894.380820999853313 ], [ 692491.619359, 4565922.002298000268638 ], [ 692528.476453999988735, 4565961.773633000440896 ], [ 692547.078401, 4565973.031240999698639 ], [ 692559.498716, 4565953.161000000312924 ], [ 692611.366416999953799, 4565922.35683 ], [ 692635.421085000038147, 4565913.626927999779582 ], [ 692674.924183, 4565901.861511999741197 ], [ 692706.535997999948449, 4565903.642129000276327 ], [ 692740.973112000036053, 4565905.486531999893486 ], [ 692772.20056599995587, 4565910.379273000173271 ], [ 692808.023464999976568, 4565918.815774999558926 ], [ 692827.256430999957956, 4565926.824376 ], [ 692837.496969999978319, 4565918.662716999650002 ], [ 692841.16092099994421, 4565898.772194 ], [ 692856.261411000043154, 4565885.117383000440896 ], [ 692889.37121000001207, 4565901.293030999600887 ], [ 692913.385024999966845, 4565894.440589999780059 ], [ 692934.832816999987699, 4565856.833445999771357 ], [ 693006.343280000030063, 4565852.86158400028944 ], [ 693020.273649999988265, 4565842.542527000419796 ], [ 693055.562968999962322, 4565864.787402000278234 ], [ 693103.711339000030421, 4565881.362629 ], [ 693132.651479, 4565889.629390999674797 ], [ 693143.980416, 4565876.186235000379384 ], [ 693142.876562000019476, 4565834.926350999623537 ], [ 693150.751669000019319, 4565821.713825000450015 ], [ 693195.633504000026733, 4565796.350228000432253 ], [ 693240.907776999985799, 4565791.307083999738097 ], [ 693281.715182999963872, 4565789.57880499958992 ], [ 693333.76668, 4565785.527117 ], [ 693365.860307, 4565808.366449999623001 ], [ 693398.212257000035606, 4565813.569477000273764 ], [ 693427.100281000020914, 4565810.847836 ], [ 693450.940545000019483, 4565815.936192999593914 ], [ 693464.978618999943137, 4565807.276254000142217 ], [ 693465.856550000025891, 4565797.277982999570668 ], [ 693485.536765999975614, 4565788.123526999726892 ], [ 693533.33950600004755, 4565785.493638999760151 ], [ 693547.726874000043608, 4565809.47441800031811 ], [ 693575.992328000022098, 4565828.29103 ], [ 693590.296602000016719, 4565842.448088999837637 ], [ 693606.746690999949351, 4565851.618080999702215 ], [ 693624.15934000001289, 4565857.080596 ], [ 693632.581294000032358, 4565846.682900000363588 ], [ 693652.039744999958202, 4565822.523919000290334 ], [ 693665.184337000013329, 4565823.18446599971503 ], [ 693704.301683000056073, 4565814.036295999772847 ], [ 693703.177034999942407, 4565797.651838 ], [ 693703.12419, 4565787.651046000421047 ], [ 693716.988920000032522, 4565785.208801999688148 ], [ 693734.929106, 4565775.886509000323713 ], [ 693774.568396999966353, 4565774.252120999619365 ], [ 693756.420032999943942, 4565745.982184999622405 ], [ 693776.823941000038758, 4565723.204118999652565 ], [ 693791.408187999972142, 4565716.425855999812484 ], [ 693826.816823999979533, 4565704.81311499979347 ], [ 693839.599086, 4565697.975886999629438 ], [ 693860.487694000010379, 4565692.620993000455201 ], [ 693882.2326409999514, 4565685.666822999715805 ], [ 693908.648594000027515, 4565678.148201 ], [ 693918.024112000013702, 4565685.841769999824464 ], [ 693926.088135999976657, 4565694.900355 ], [ 693935.679392999969423, 4565672.745915999636054 ], [ 693978.566378999967128, 4565684.642707999795675 ], [ 694003.510234000044875, 4565685.784710000269115 ], [ 694017.816549999988638, 4565671.499923000112176 ], [ 694042.325136000057682, 4565689.929447 ], [ 694066.108396, 4565684.252259000204504 ], [ 694084.468291, 4565662.353813 ], [ 694104.456994, 4565688.895987000316381 ], [ 694143.805459999945015, 4565664.834896000102162 ], [ 694154.819955999962986, 4565622.986443 ], [ 694177.948561000055633, 4565599.393186000175774 ], [ 694195.463625999982469, 4565583.716554 ], [ 694231.46516799996607, 4565543.312047 ], [ 694245.772211999981664, 4565529.027684999629855 ], [ 694274.365223999950103, 4565502.513911999762058 ], [ 694308.274700999958441, 4565471.064547000452876 ], [ 694413.229899000027217, 4565412.112537000328302 ], [ 694499.182109000044875, 4565434.016752 ], [ 694644.793099, 4565415.018012000247836 ], [ 694701.762972000055015, 4565398.174637 ], [ 694748.236025, 4565377.006861999630928 ], [ 694767.223356000031345, 4565405.179638000205159 ], [ 694795.845737, 4565414.999963000416756 ], [ 694811.614068, 4565396.633697000332177 ], [ 694833.513026, 4565385.564367 ], [ 694870.953819000045769, 4565399.10953 ], [ 694911.498336000018753, 4565402.316249 ], [ 694957.543550999951549, 4565392.459962000139058 ], [ 694984.170200999942608, 4565406.627407000400126 ], [ 695003.130114999949001, 4565404.446120000444353 ], [ 695044.872072000056505, 4565425.284741999581456 ], [ 695079.036697000032291, 4565460.275546999648213 ], [ 695094.256121000042185, 4565463.371852000243962 ], [ 695100.835763999959454, 4565443.549057999625802 ], [ 695131.902639999985695, 4565435.692645999602973 ], [ 695112.71771700005047, 4565412.757717999629676 ], [ 695157.786081, 4565343.857242999598384 ], [ 695186.268610000028275, 4565357.952933999709785 ], [ 695205.394382999977097, 4565380.27539199963212 ], [ 695243.308259999961592, 4565386.479987000115216 ], [ 695275.315965999965556, 4565391.115430999547243 ], [ 695286.330291999969631, 4565416.509440000168979 ], [ 695310.881269, 4565407.312501000240445 ], [ 695298.841942999977618, 4565386.357424000278115 ], [ 695298.224663999979384, 4565342.409683999605477 ], [ 695323.464327999972738, 4565307.221388 ], [ 695351.948987000039779, 4565285.563966000452638 ], [ 695387.867478, 4565322.392087999731302 ], [ 695416.928819000022486, 4565279.24029599968344 ], [ 695447.39234999998007, 4565284.535020000301301 ], [ 695471.279554, 4565301.041779999621212 ], [ 695485.494689999963157, 4565315.311414999887347 ], [ 695499.796585, 4565329.472303999587893 ], [ 695481.822942, 4565363.355066999793053 ], [ 695513.518463999964297, 4565423.391696999780834 ], [ 695528.681479000020772, 4565428.276204999536276 ], [ 695556.824010999989696, 4565386.555765000171959 ], [ 695585.265054999967106, 4565386.541499 ], [ 695605.884695000015199, 4565402.549928000196815 ], [ 695630.364039, 4565396.040879 ], [ 695617.780864999978803, 4565361.626791999675333 ], [ 695648.983173000044189, 4565305.967241000384092 ], [ 695681.505082000046968, 4565301.463128999806941 ], [ 695689.898928, 4565324.109783000312746 ], [ 695740.340240000048652, 4565311.832089000381529 ], [ 695761.000483999960124, 4565291.043705999851227 ], [ 695768.963945999974385, 4565262.570084 ], [ 695804.378457000013441, 4565250.966772000305355 ], [ 695822.755123, 4565237.116862 ], [ 695869.305382000049576, 4565213.258159000426531 ], [ 695898.768079999950714, 4565215.527994999662042 ], [ 695927.29371, 4565215.517294 ], [ 695963.001127999974415, 4565243.576434999704361 ], [ 696004.460601, 4565275.179255999624729 ], [ 696013.857726000016555, 4565260.188279000110924 ], [ 696006.032694000052288, 4565250.111517 ], [ 696018.378849999979138, 4565226.233598000369966 ], [ 696041.312465999973938, 4565215.473352000117302 ], [ 696069.838131000055, 4565215.4632090004161 ], [ 696083.965526000014506, 4565229.842814000323415 ], [ 696083.389179000048898, 4565252.193023 ], [ 696087.352451000013389, 4565272.021077999845147 ], [ 696085.87659200001508, 4565293.502670999616385 ], [ 696109.427477000048384, 4565287.859043000265956 ], [ 696136.415930000017397, 4565286.974502 ], [ 696155.293268, 4565300.982158999890089 ], [ 696169.226305000018328, 4565273.33624 ], [ 696183.79293, 4565258.306881000287831 ], [ 696203.834329999983311, 4565254.946727000176907 ], [ 696226.953498000046238, 4565235.436853 ], [ 696242.692430000053719, 4565252.893399000167847 ], [ 696264.20811899995897, 4565256.161739000119269 ], [ 696270.990986000047997, 4565271.588283999823034 ], [ 696304.28628999995999, 4565238.408908000215888 ], [ 696328.815406, 4565230.103543000295758 ], [ 696337.396997999981977, 4565212.402181999757886 ], [ 696351.63872100005392, 4565218.163541000336409 ], [ 696352.060935999965295, 4565236.118645000271499 ], [ 696370.044055999955162, 4565236.603313 ], [ 696369.047109000035562, 4565206.977624 ], [ 696411.025019000051543, 4565185.687804000452161 ], [ 696440.345865000039339, 4565187.000486000441015 ], [ 696468.799787999945693, 4565158.546629999764264 ], [ 696508.334373999969102, 4565148.857664000242949 ], [ 696554.293948999955319, 4565158.519268999807537 ], [ 696611.318091999972239, 4565215.500179000198841 ], [ 696639.792695999960415, 4565229.823679000139236 ], [ 696625.475492, 4565172.772753999568522 ], [ 696611.310280999983661, 4565144.280449000187218 ], [ 696642.454094000044279, 4565090.800754999741912 ], [ 696674.491933000041172, 4565071.044034999795258 ], [ 696726.412935000029393, 4565048.235503000207245 ], [ 696861.64977799996268, 4565007.045293999835849 ], [ 696952.425459000049159, 4564979.010622999630868 ], [ 696983.326204000040889, 4565001.367406999692321 ], [ 696989.671737, 4565032.926748 ], [ 697034.579233999946155, 4565036.829788999632001 ], [ 697109.117615, 4565076.511221 ], [ 697158.591315999976359, 4565044.673108999617398 ], [ 697181.322549000033177, 4565001.800791 ], [ 697238.32678, 4565016.009898000396788 ], [ 697228.627449000021443, 4565051.046183999627829 ], [ 697266.838571000029333, 4565044.447522999718785 ], [ 697269.033080999972299, 4565021.652126999571919 ], [ 697309.508818999980576, 4565030.270057000219822 ], [ 697352.281362000037916, 4564987.540958000347018 ], [ 697359.8273099999642, 4564959.546245000325143 ], [ 697376.672334, 4564935.792186999693513 ], [ 697415.042249000049196, 4564915.310108000412583 ], [ 697440.616928, 4564901.647943999618292 ], [ 697479.633113999967463, 4564890.150082999840379 ], [ 697586.993581000017002, 4564849.395178000442684 ], [ 697625.160064000054263, 4564834.908444999717176 ], [ 697665.813917999970727, 4564873.487809999845922 ], [ 697836.810734999948181, 4564873.461930000223219 ], [ 697979.29799, 4564844.999467000365257 ], [ 698007.82557700003963, 4564844.99685600027442 ], [ 698121.830918999970891, 4564873.539494000375271 ], [ 698292.809511999948882, 4564901.967553 ], [ 698321.314918000018224, 4564930.520452000200748 ], [ 698378.285757999983616, 4564930.515758999623358 ], [ 698406.793751999968663, 4564958.957982 ], [ 698435.321, 4564958.95706 ], [ 698463.783992000040598, 4564930.510695000179112 ], [ 698549.305216999957338, 4564901.952328000217676 ], [ 698577.832721999962814, 4564901.951955 ], [ 698634.780648999963887, 4564930.503577000461519 ], [ 698663.28468000004068, 4564959.057865000329912 ], [ 698691.811989999958314, 4564959.057946000248194 ], [ 698705.96166200004518, 4564944.777433999814093 ], [ 698720.279071999946609, 4564930.501520999707282 ], [ 698725.398781999945641, 4564930.752258 ], [ 698739.608739000046626, 4564945.028427000157535 ], [ 698753.902176999952644, 4564959.318014999851584 ], [ 698768.112021, 4564973.594243999570608 ], [ 698780.002100000041537, 4565000.318083999678493 ], [ 698839.35520600003656, 4565016.315038999542594 ], [ 698853.564771999954246, 4565030.591446000151336 ], [ 698867.861152000026777, 4565044.759145 ], [ 698924.91521, 4565044.761043 ], [ 698953.358408999978565, 4565044.759870000183582 ], [ 699010.412510000052862, 4565044.762437 ], [ 699067.382797, 4565044.763159999623895 ], [ 699081.591885, 4565059.040028999559581 ], [ 699095.890500999987125, 4565116.096434 ], [ 699124.389524, 4565101.764374 ], [ 699209.911875, 4565073.213728000409901 ], [ 699224.059386000037193, 4565059.04521800018847 ], [ 699252.634845, 4565002.049720999784768 ], [ 699266.86944699997548, 4564987.772552999667823 ], [ 699295.39679399994202, 4564987.775000000372529 ], [ 699352.367667000042275, 4564987.777933999896049 ], [ 699349.029805999947712, 4564953.987115000374615 ], [ 699409.365182999987155, 4564959.215784999541938 ], [ 699466.393338000052609, 4564987.787432 ], [ 699580.395172000047751, 4565016.242137 ], [ 699594.603379999985918, 4565030.5200389996171 ], [ 699608.898126999964006, 4565087.577588000334799 ], [ 699662.594245000043884, 4565121.026209999807179 ], [ 699694.42736099998001, 4565144.587231 ], [ 699751.426792999962345, 4565158.816201999783516 ], [ 699836.92641299997922, 4565158.716308999806643 ], [ 699866.952179000014439, 4565165.862056000158191 ], [ 699950.921393000055104, 4565187.287987000308931 ], [ 699991.361331, 4565209.642156000249088 ], [ 700015.485348999965936, 4565229.737540000118315 ], [ 700036.363131999969482, 4565244.299486 ], [ 700061.617667000042275, 4565265.992731000296772 ], [ 700076.578868999960832, 4565274.492390999570489 ], [ 700093.390170000027865, 4565272.754087000153959 ], [ 700150.416780999978073, 4565301.20915099978447 ], [ 700235.882318999967538, 4565329.779574000276625 ], [ 700273.495727999950759, 4565343.802229000255466 ], [ 700287.788860999979079, 4565357.972838000394404 ], [ 700316.256569999968633, 4565372.31097299978137 ], [ 700330.467502000043169, 4565258.257934999652207 ], [ 700358.967393000028096, 4565201.264173000119627 ], [ 700373.287782000028528, 4565186.991403999738395 ], [ 700487.341947, 4565158.462400999851525 ], [ 700501.491944, 4565144.2962849996984 ], [ 700515.812731000012718, 4565130.023784000426531 ], [ 700529.328045999980532, 4565091.973689000122249 ], [ 700565.865058999974281, 4565072.89053799957037 ], [ 700601.285347, 4565073.043403999879956 ], [ 700658.343098000041209, 4565072.947847999632359 ], [ 700747.975077999988571, 4565102.305617 ], [ 700749.041742000030354, 4565063.590661000460386 ], [ 700733.410121000022627, 4565055.982243999838829 ], [ 700757.924238999956287, 4565028.679929000325501 ], [ 700800.788927000015974, 4565015.983338999561965 ], [ 700828.066744999960065, 4565018.412894999608397 ], [ 700825.992143000010401, 4565041.322335000149906 ], [ 700847.729440000024624, 4565062.721452999860048 ], [ 700876.235427999985404, 4565073.551710000261664 ], [ 700894.45535199996084, 4565039.62075399979949 ], [ 700908.645096999942325, 4565047.178655999712646 ], [ 700943.343231, 4565016.024403999559581 ], [ 701024.342956, 4564995.747549000196159 ], [ 701042.156614999985322, 4564973.227922 ], [ 701046.371643000049517, 4564950.922003 ], [ 701071.879348000045866, 4564939.970285999588668 ], [ 701091.14017100003548, 4564927.046253999695182 ], [ 701118.499995999969542, 4564914.356914999894798 ], [ 701199.675476999953389, 4564876.231184000149369 ], [ 701256.81540900003165, 4564860.775786000303924 ], [ 701342.257231, 4564845.036107 ], [ 701370.785647999960929, 4564845.046654 ], [ 701422.574187000049278, 4564811.33347 ], [ 701490.073957000044174, 4564792.988417999818921 ], [ 701544.36308000003919, 4564775.689692 ], [ 701712.78158099995926, 4564787.949827999807894 ], [ 701741.310313, 4564787.961815999820828 ], [ 701798.283953999984078, 4564787.983806 ], [ 701940.760099999955855, 4564788.04189 ], [ 701997.77020100003574, 4564759.510669999755919 ], [ 702083.309805999975652, 4564730.993200000375509 ], [ 702097.463848000043072, 4564716.83005 ], [ 702111.791794999968261, 4564702.449524000287056 ], [ 702126.029791999957524, 4564688.288750999607146 ], [ 702140.270923999953084, 4564674.016978999599814 ], [ 702154.50902999995742, 4564659.85625800024718 ], [ 702168.837198000052013, 4564645.475836999714375 ], [ 702254.29504600004293, 4564616.957979000173509 ], [ 702368.283283, 4564588.455512999556959 ], [ 702425.293670000042766, 4564560.038555 ], [ 702482.307604999979958, 4564531.511 ], [ 702596.298261999967508, 4564503.012021999806166 ], [ 702710.289912999956869, 4564474.514794000424445 ], [ 702767.305739999981597, 4564445.989407000131905 ], [ 702852.768637, 4564417.478403000161052 ], [ 702881.299099999945611, 4564417.49479900021106 ], [ 702909.829569000052288, 4564417.511307000182569 ], [ 702923.985867999959737, 4564403.349688 ], [ 702938.316104999976233, 4564388.970711000263691 ], [ 703023.78044400003273, 4564360.461664999835193 ], [ 703052.311172000016086, 4564360.478721999563277 ], [ 703109.288798999972641, 4564360.510835000313818 ], [ 703123.532555000041611, 4564346.240895999595523 ], [ 703137.776365000056103, 4564331.970983999781311 ], [ 703251.816026999964379, 4564332.039312999695539 ], [ 703280.266168999951333, 4564331.943892000243068 ], [ 703294.507234000018798, 4564317.785300999879837 ], [ 703308.835302000050433, 4564303.51804899983108 ], [ 703394.302335000014864, 4564275.013259000144899 ], [ 703408.462982999975793, 4564260.741512999869883 ], [ 703422.791390000027604, 4564246.474472999572754 ], [ 703536.791006000014022, 4564217.989914 ], [ 703593.812385000055656, 4564189.470809999853373 ], [ 703650.83422800002154, 4564160.952137 ], [ 703764.836266999947838, 4564132.471064999699593 ], [ 703821.775434999959543, 4564103.951345999725163 ], [ 703878.755446000024676, 4564103.989397999830544 ], [ 703907.287388999946415, 4564104.009763999842107 ], [ 703964.31125000002794, 4564075.493477 ], [ 704049.783921999973245, 4564046.996189 ], [ 704106.808836000040174, 4564018.480982 ], [ 704163.834213000023738, 4563989.966205 ], [ 704199.709652, 4563981.004258000291884 ], [ 704277.841375999967568, 4563961.492989 ], [ 704363.316800000029616, 4563932.999287 ], [ 704420.260087999980897, 4563904.484106999821961 ], [ 704534.269813, 4563876.014817000366747 ], [ 704562.76501900004223, 4563847.480282999575138 ], [ 704648.365635999944061, 4563804.759526000358164 ], [ 704717.29929999995511, 4563788.3613 ], [ 704827.580318000051193, 4563754.424851999618113 ], [ 704933.299027999979444, 4563733.551045999862254 ], [ 705047.316999000031501, 4563704.978586000390351 ], [ 705277.965230999980122, 4563646.078998000361025 ], [ 705464.418478999985382, 4563647.154001000337303 ], [ 705617.265261000022292, 4563648.030233999714255 ], [ 705845.293421, 4563648.021014999598265 ], [ 705930.779702999978326, 4563619.545337 ], [ 706044.804325000033714, 4563590.988264 ], [ 706101.84142900002189, 4563562.48826 ], [ 706194.449512999970466, 4563553.806611999869347 ], [ 706229.002635000040755, 4563544.016900000162423 ], [ 706258.483391999965534, 4563519.805435 ], [ 706272.819044, 4563505.543754000216722 ], [ 706386.76322700001765, 4563476.989543999545276 ], [ 706443.802687000017613, 4563448.492135999724269 ], [ 706472.307347, 4563419.964746000245214 ], [ 706532.614795999950729, 4563392.571695 ], [ 706586.284715999965556, 4563348.856954 ], [ 706700.333086000056937, 4563334.533238999545574 ], [ 706757.291124999988824, 4563306.035824 ], [ 706785.797591999988072, 4563277.50959900021553 ], [ 706928.283814999973401, 4563248.995265999808908 ], [ 706985.32736, 4563220.501957999542356 ], [ 707099.279394999961369, 4563191.95862300042063 ], [ 707127.784532999969088, 4563163.544699000194669 ], [ 707241.768878999981098, 4563163.450309 ], [ 707270.274708000011742, 4563135.036919999867678 ], [ 707612.30649300001096, 4563049.541051000356674 ], [ 707754.801360000041313, 4563021.042585999704897 ], [ 707783.31298299995251, 4562992.520085000433028 ], [ 707954.322363000013866, 4562935.503033 ], [ 708039.770403999951668, 4562935.495977000333369 ], [ 708096.831766000017524, 4562921.345592999830842 ], [ 708096.779915999970399, 4562864.340789999812841 ], [ 708218.033917999942787, 4562837.689426000230014 ], [ 708267.808565999963321, 4562821.554348000325263 ], [ 708336.413711, 4562802.090692999772727 ], [ 708457.887514999951236, 4562766.94894399959594 ], [ 708509.359628999955021, 4562747.852676999755204 ], [ 708606.626747000031173, 4562720.643908999860287 ], [ 708638.304909000056796, 4562707.471564999781549 ], [ 708751.115177999949083, 4562672.186626000329852 ], [ 708809.328737, 4562650.47408 ], [ 708894.780770999961533, 4562650.476912000216544 ], [ 709008.834772999980487, 4562621.965219999663532 ], [ 709179.780128999962471, 4562564.973838999867439 ], [ 709350.831827000016347, 4562536.546861000359058 ], [ 709436.266366000054404, 4562507.997885 ], [ 709578.78105, 4562479.534407 ], [ 709692.841032000025734, 4562451.033214 ], [ 709778.278139999951236, 4562422.488159 ], [ 709920.796234, 4562394.031251000240445 ], [ 709949.319081000052392, 4562365.516834000125527 ], [ 710034.842233999981545, 4562336.977126000449061 ], [ 710063.281880000024103, 4562308.460717 ], [ 710205.82316000002902, 4562308.456430999562144 ], [ 710262.80428399995435, 4562279.985622 ], [ 710376.786804000032134, 4562251.492491999641061 ], [ 710462.313251000014134, 4562222.957685999572277 ], [ 710576.312534000026062, 4562223.025867000222206 ], [ 710653.078089999966323, 4562311.838595 ], [ 710715.660982999950647, 4562343.204502999782562 ], [ 710775.822380000026897, 4562308.462279999628663 ], [ 710832.806021000025794, 4562279.99583899974823 ], [ 711032.333590000052936, 4562251.541640999726951 ], [ 711089.322000000043772, 4562222.966122999787331 ], [ 711231.782404000055976, 4562222.979384999722242 ], [ 711246.043612999957986, 4562208.835648000240326 ], [ 711260.311308, 4562194.469882999546826 ], [ 711374.300056, 4562165.992139000445604 ], [ 711459.832142999977805, 4562137.468841999769211 ], [ 711488.278418999980204, 4562108.95775599963963 ], [ 711602.269593999953941, 4562080.483492 ], [ 711659.342456000042148, 4562052.025759000331163 ], [ 711744.793288000044413, 4562023.503278999589384 ], [ 711887.332449999987148, 4561994.973183000460267 ], [ 711915.781005, 4561966.463685000315309 ], [ 711978.878139000036754, 4561945.42845300026238 ], [ 712001.317889000056311, 4561937.946573000401258 ], [ 712115.314201000030152, 4561909.480153 ], [ 712257.782052000053227, 4561909.513210999779403 ], [ 712371.780063000041991, 4561881.050742999650538 ], [ 712514.32521599996835, 4561852.532700000330806 ], [ 712542.776881000027061, 4561824.025538000278175 ], [ 712628.328599, 4561823.963140999898314 ], [ 712713.786552999983542, 4561795.451771000400186 ], [ 712770.78255700005684, 4561767.000045999884605 ], [ 712913.33197099994868, 4561738.489656000398099 ], [ 712998.792227, 4561709.981545999646187 ], [ 713112.805379000026733, 4561709.978016000241041 ], [ 713141.260034000035375, 4561681.473082999698818 ], [ 713283.813014999963343, 4561652.969813000410795 ], [ 713369.275975, 4561624.465951000340283 ], [ 713426.276143, 4561596.019204 ], [ 713654.297507000039332, 4561539.020794999785721 ], [ 713796.771998999989592, 4561510.524909 ], [ 713910.78694500005804, 4561481.975000999867916 ], [ 714081.808734999969602, 4561453.543817000463605 ], [ 714167.277692000032403, 4561425.049098 ], [ 714195.824885, 4561396.439523999579251 ], [ 714281.295776000013575, 4561396.504874000325799 ], [ 714452.324825000017881, 4561367.97121400013566 ], [ 714480.786255000042729, 4561339.471266999840736 ], [ 714794.301765999989584, 4561282.465475999750197 ], [ 714845.416474999976344, 4561265.435102 ], [ 714839.885067000053823, 4561227.167755000293255 ], [ 714834.438260999973863, 4561186.024797 ], [ 714841.481962000019848, 4561079.986491000279784 ], [ 714720.545845999964513, 4560925.642222000285983 ], [ 714815.535745, 4560815.925268 ], [ 714752.301957000046968, 4560773.025808 ], [ 714743.097033999976702, 4560767.098686999641359 ], [ 714701.572328999987803, 4560695.535307000391185 ], [ 714700.997813, 4560663.692536000162363 ], [ 714712.768059000023641, 4560652.359756999649107 ], [ 714760.542965000029653, 4560634.819092 ], [ 714739.714056, 4560594.157048 ], [ 714770.882801000028849, 4560579.083641 ], [ 714894.191245, 4560488.536402000114322 ], [ 714979.972588, 4560425.433187999762595 ], [ 715023.52449500001967, 4560278.26566999964416 ], [ 714931.453025999944657, 4560102.088881 ], [ 714806.713899999973364, 4559889.792507999576628 ], [ 714680.788405, 4559824.358261000365019 ], [ 714498.561422999948263, 4559699.442909000441432 ], [ 714412.821023000054993, 4559707.869381999596953 ], [ 714394.446699999971315, 4559532.288218 ], [ 714406.707093999953941, 4559515.45756100025028 ], [ 714342.682322000036947, 4559291.65308399964124 ], [ 714310.64832000003662, 4559100.036384999752045 ], [ 714181.231292000040412, 4559046.221915000118315 ], [ 714109.716161999967881, 4558916.74400999955833 ], [ 714037.095060999970883, 4558771.610721999779344 ], [ 713997.479980999953113, 4558731.367631999775767 ], [ 714000.422222999972291, 4558684.571197000332177 ], [ 714015.307338000042364, 4558658.438047000207007 ], [ 714033.491644999943674, 4558626.923282999545336 ], [ 714030.793476999970153, 4558571.116144999861717 ], [ 714032.52157600002829, 4558544.541798000223935 ], [ 714105.385954999946989, 4558456.901927 ], [ 714015.926058999961242, 4558188.540631 ], [ 714020.529057999956422, 4557836.850296 ], [ 714181.018561, 4557804.940204000100493 ], [ 714529.711890000035055, 4557793.294272 ], [ 714654.761433999985456, 4557703.18055700045079 ], [ 715036.924535, 4557461.171815999783576 ], [ 715179.64620700001251, 4557410.657665999606252 ], [ 715217.085351999965496, 4557364.86649 ], [ 715100.221557999961078, 4557283.248739000409842 ], [ 715071.260080000036396, 4557254.259487999603152 ], [ 715095.96595400001388, 4557054.875703999772668 ], [ 715116.570707999984734, 4556994.508955 ], [ 715174.906734999967739, 4556932.130919000133872 ], [ 715231.029637000057846, 4556891.579436000436544 ], [ 715270.824052999960259, 4556819.265878999605775 ], [ 715312.469449999975041, 4556790.789769000373781 ], [ 715356.187467999989167, 4556692.011442 ], [ 715423.201094000018202, 4556654.904858999885619 ], [ 715468.205990000045858, 4556565.554972000420094 ], [ 715449.482341, 4556508.718635999597609 ], [ 715423.001672000042163, 4556448.519976999610662 ], [ 715398.785313999978825, 4556311.779543000273407 ], [ 715415.526029999949969, 4556276.313439000397921 ], [ 715409.204909999971278, 4556224.532374000176787 ], [ 715419.398549000034109, 4556198.252105000428855 ], [ 715459.25155399995856, 4556230.697316999547184 ], [ 715495.362254000036046, 4556230.19533700030297 ], [ 715543.328938000020571, 4556200.339863000437617 ], [ 715499.597340999986045, 4556033.308977999724448 ], [ 715546.548483000020497, 4555984.654697 ], [ 715625.973554000025615, 4555952.605031999759376 ], [ 715729.088968000025488, 4555864.960116 ], [ 715772.616114999982528, 4555900.77137800026685 ], [ 715800.151666000019759, 4555994.095181000418961 ], [ 715812.341263000038452, 4556055.917862 ], [ 715860.949348, 4556132.151197999715805 ], [ 715945.553031999967061, 4556455.966609000228345 ], [ 715867.81779, 4556590.474545000120997 ], [ 715841.202004999970086, 4556827.327313999645412 ], [ 715847.234260999946855, 4556941.641243999823928 ], [ 715899.376661999966018, 4556983.042328 ], [ 716145.753904000041075, 4557089.606537999585271 ], [ 716208.928390000015497, 4557155.572747999802232 ], [ 716492.838741000043228, 4557239.813024000264704 ], [ 716466.582091000047512, 4557596.246186000294983 ], [ 716432.891228000051342, 4557621.03988 ], [ 716372.019607000052929, 4557663.008461999706924 ], [ 716313.233893000055104, 4557747.744582000188529 ], [ 716304.509557000012137, 4557764.066029 ], [ 716288.148293999955058, 4557812.187509999610484 ], [ 716314.227684000041336, 4558024.752906000241637 ], [ 716417.796027999953367, 4558024.698738999664783 ], [ 716488.096991, 4557982.221221 ], [ 716514.802033000043593, 4557901.735968000255525 ], [ 716596.024254000047222, 4557940.871260000392795 ], [ 716690.287820999976248, 4558016.365729999728501 ], [ 717108.832397000049241, 4557977.989896999672055 ], [ 717235.478079000022262, 4557993.479760999791324 ], [ 717482.547509000054561, 4558180.602087000384927 ], [ 717573.032714999979362, 4558198.143907000310719 ], [ 717648.561819000053219, 4558273.860272999852896 ], [ 717686.988681999966502, 4558337.947708000428975 ], [ 717711.938963999971747, 4558381.26409799978137 ], [ 717747.267483999952674, 4558564.420559000223875 ], [ 717748.181779999984428, 4558612.910120000131428 ], [ 717709.91949, 4558659.442448999732733 ], [ 717636.94404700002633, 4558686.182002999819815 ], [ 717481.123681999975815, 4558700.241626 ], [ 717444.450076999957673, 4558727.631015 ], [ 717434.834861999959685, 4558752.092485999688506 ], [ 717458.45756899996195, 4558821.36094699986279 ], [ 717456.60999200004153, 4558941.766851999796927 ], [ 717469.116243000025861, 4558967.720649000257254 ], [ 717573.70879199996125, 4558965.036105000413954 ], [ 717666.384506999980658, 4558971.876903000287712 ], [ 717717.635022999951616, 4558981.806243999861181 ], [ 717866.533407, 4559013.207453000359237 ], [ 717990.727253000019118, 4559044.651968999765813 ], [ 718046.207861999981105, 4559065.06702 ], [ 718160.026699000038207, 4559115.362970000132918 ], [ 718260.681751, 4559159.788657000288367 ], [ 718413.547151, 4559228.836623 ], [ 718617.069707000046037, 4559315.662832000292838 ], [ 718806.531343, 4559400.417760999873281 ], [ 718826.563682000036351, 4559407.67480199970305 ], [ 718847.346919000032358, 4559412.576275000348687 ], [ 718890.021625999943353, 4559418.189774 ], [ 718908.624287000042386, 4559417.102920999750495 ], [ 718926.274795999983326, 4559413.598306999541819 ], [ 718973.356877999962308, 4559396.04093400016427 ], [ 718997.692062000045553, 4559383.891218 ], [ 719020.051102999947034, 4559369.304146000184119 ], [ 719071.644329000031576, 4559323.189444 ], [ 719122.995484999963082, 4559275.367537000216544 ], [ 719179.48554999998305, 4559228.733728 ], [ 719217.871521000051871, 4559195.114292000420392 ], [ 719257.569221999961883, 4559166.212930999696255 ], [ 719336.156916999956593, 4559122.466488 ], [ 719407.101463000057265, 4559098.027494000270963 ], [ 719485.997174000018276, 4559083.207441000267863 ], [ 719530.015552000026219, 4559080.230278000235558 ], [ 719861.291177000035532, 4559086.287599000148475 ], [ 719948.819152000010945, 4559097.525465999729931 ], [ 719992.952414999948815, 4559116.113571999594569 ], [ 720096.521380000049248, 4559192.035950999706984 ], [ 720310.81488800002262, 4559355.658992 ], [ 720383.639179000048898, 4559386.42856500018388 ], [ 720722.613813000032678, 4559499.731924000196159 ], [ 720859.41124399995897, 4559530.763082000426948 ], [ 720926.86640499997884, 4559421.340869000181556 ], [ 721124.241403999971226, 4559158.659622999839485 ], [ 721174.943373000016436, 4559116.432414 ], [ 721187.906927000032738, 4559051.180506000295281 ], [ 721200.680951999966055, 4559043.75507 ], [ 721409.752455999958329, 4559108.702863000333309 ], [ 721399.854303000029176, 4559174.180838 ], [ 721372.463959999964572, 4559355.315333000384271 ], [ 721268.957789, 4559495.857788999564946 ], [ 721199.816353, 4559580.666252999566495 ], [ 721324.911027000052854, 4559603.950437 ], [ 721523.604162, 4559633.092899000272155 ], [ 721675.866487000021152, 4559671.643675999715924 ], [ 721953.786170999985188, 4559684.1678 ], [ 722144.939708000048995, 4559683.870631 ], [ 722242.934435999952257, 4559661.415647 ], [ 722510.31674399995245, 4559553.195465999655426 ], [ 722544.92917999997735, 4559573.054134 ], [ 722665.487877, 4559504.05038100015372 ], [ 722897.786472999956459, 4559500.77135800011456 ], [ 722901.584488000022247, 4559641.825202000327408 ], [ 722897.458146000048146, 4559688.385845 ], [ 722912.864065999980085, 4559774.128092000260949 ], [ 722910.054847000050358, 4559807.259732999838889 ], [ 722880.502609999966808, 4559860.223069 ], [ 722847.893256000010297, 4559924.750928999856114 ], [ 722849.280839000013657, 4559967.879262000322342 ], [ 722866.43887299997732, 4559996.230686999857426 ], [ 722892.828517999965698, 4560105.657273000106215 ], [ 722910.883824000018649, 4560134.036248000338674 ], [ 722910.144209000049159, 4560158.251620999537408 ], [ 722901.71855999995023, 4560168.763001999817789 ], [ 722887.716471, 4560184.494 ], [ 722902.956396, 4560275.62122 ], [ 722915.192924999981187, 4560376.525328 ], [ 722927.302275000023656, 4560393.053883000276983 ], [ 723006.128390999976546, 4560467.264988999813795 ], [ 723008.68499800004065, 4560473.744350999593735 ], [ 723016.159280000021681, 4560492.70971 ], [ 723034.407083999947645, 4560529.852238999679685 ], [ 723166.145221999962814, 4560495.372382 ], [ 723198.499117000028491, 4560501.007235 ], [ 723226.094095999957062, 4560495.016645000316203 ], [ 723245.31304000003729, 4560493.79311 ], [ 723289.672547, 4560492.416442000307143 ], [ 723321.075909, 4560481.086110999807715 ], [ 723361.449313999968581, 4560475.498196999542415 ], [ 723412.549616000032984, 4560477.518105999566615 ], [ 723441.470393000054173, 4560472.946948000229895 ], [ 723486.795296999975108, 4560484.481340000405908 ], [ 723559.671339, 4560502.705616000108421 ], [ 723618.465646, 4560510.163726000115275 ], [ 723635.757394999964163, 4560543.055615999735892 ], [ 723636.923082, 4560564.484481000341475 ], [ 723636.017287999973632, 4560594.040381000377238 ], [ 723656.815217999974266, 4560622.950097000226378 ], [ 723675.228607999975793, 4560656.221009000204504 ], [ 723682.224265999975614, 4560690.464458 ], [ 723771.759975000051782, 4560684.030031999573112 ], [ 723870.734820000012405, 4560671.318285999819636 ], [ 723929.350111, 4560651.723619 ], [ 723971.28406500001438, 4560627.027561999857426 ], [ 724015.329959, 4560603.852411 ], [ 724085.319778, 4560569.960703000426292 ], [ 724109.644538, 4560537.578753000125289 ], [ 724123.037526999949478, 4560517.963784 ], [ 724139.990515999961644, 4560486.622437999583781 ], [ 724136.81462299998384, 4560456.040912000462413 ], [ 724130.031557, 4560438.995822000317276 ], [ 724142.294456999981776, 4560411.611261 ], [ 724178.098117999965325, 4560376.303620999678969 ], [ 724212.839924999978393, 4560360.534168999642134 ], [ 724299.133015000028536, 4560317.676594999618828 ], [ 724389.480097000021487, 4560291.325760999694467 ], [ 724484.427264999947511, 4560263.983926 ], [ 724528.777728999964893, 4560255.335091999731958 ], [ 724586.219179, 4560244.588844999670982 ], [ 724635.536000999971293, 4560230.403403 ], [ 724658.81905699998606, 4560230.886715999804437 ], [ 724684.199547, 4560230.078836999833584 ], [ 724701.484485000022687, 4560225.154314000159502 ], [ 724726.338340000016615, 4560219.084826 ], [ 724753.555709999985993, 4560203.086117000319064 ], [ 724781.543314, 4560199.169301999732852 ], [ 724825.196670999983326, 4560220.540370999835432 ], [ 724852.103202000027522, 4560244.351908000186086 ], [ 724884.281796999974176, 4560267.414707999676466 ], [ 724928.866693999967538, 4560295.872197000309825 ], [ 724952.240581, 4560315.474403000436723 ], [ 724966.563557000015862, 4560332.530535000376403 ], [ 724973.626722999964841, 4560340.705508000217378 ], [ 724985.542346999980509, 4560346.762938999570906 ], [ 724998.953136999974959, 4560348.999003999866545 ], [ 725014.086772999959067, 4560354.466664999723434 ], [ 725023.720102000050247, 4560360.453792000189424 ], [ 725027.658794000046328, 4560351.473313 ], [ 725024.063753, 4560327.246241999790072 ], [ 725019.65133300004527, 4560314.81869800016284 ], [ 725019.414081000024453, 4560307.532064000144601 ], [ 725028.844387999968603, 4560298.04299100022763 ], [ 725051.338708000024781, 4560294.413491999730468 ], [ 725078.0534129999578, 4560295.003979999572039 ], [ 725096.703499999945052, 4560304.914514999836683 ], [ 725116.727185999974608, 4560329.648393999785185 ], [ 725127.200194000033662, 4560345.441421000286937 ], [ 725134.741209, 4560367.523151 ], [ 725141.803818000014871, 4560375.709398999810219 ], [ 725151.99682, 4560378.524403000250459 ], [ 725156.013716000015847, 4560374.091807999648154 ], [ 725160.66715, 4560363.999866000376642 ], [ 725155.136931000044569, 4560358.139139999635518 ], [ 725153.574282999965362, 4560349.444642 ], [ 725162.630878999945708, 4560344.722997999750078 ], [ 725171.135220000054687, 4560342.929398000240326 ], [ 725185.885562999988906, 4560346.118446 ], [ 725210.325288999942131, 4560353.474024999886751 ], [ 725231.550537999952212, 4560368.921121999621391 ], [ 725251.327658000052907, 4560379.311404 ], [ 725282.315504000056535, 4560398.994176000356674 ], [ 725297.381767999962904, 4560397.114346000365913 ], [ 725305.974911, 4560385.099228999577463 ], [ 725320.827170999953523, 4560377.367137 ], [ 725351.369045999948867, 4560379.666043000295758 ], [ 725364.214929, 4560392.576534000225365 ], [ 725373.694841000018641, 4560403.793869 ], [ 725380.334722000057809, 4560403.087624000385404 ], [ 725383.424125000019558, 4560421.620342000387609 ], [ 725396.541945999953896, 4560418.38026100024581 ], [ 725405.707673000055365, 4560402.515435 ], [ 725417.763119000010192, 4560396.964305000379682 ], [ 725426.384593999944627, 4560384.038882000371814 ], [ 725434.625210999976844, 4560376.102783 ], [ 725436.337231999961659, 4560364.997705000452697 ], [ 725440.670210000011139, 4560350.339475000277162 ], [ 725463.148734000045806, 4560339.887054 ], [ 725482.157921000034548, 4560338.42947299964726 ], [ 725492.796769, 4560341.492115999571979 ], [ 725510.865623999969102, 4560325.891386999748647 ], [ 725514.540396000025794, 4560310.523811999708414 ], [ 725520.563869999954477, 4560307.753751999698579 ], [ 725528.158243000041693, 4560320.73564499989152 ], [ 725538.721713999984786, 4560304.225115000270307 ], [ 725553.102163000032306, 4560304.436166999861598 ], [ 725565.203667000052519, 4560289.795823999680579 ], [ 725578.478017000015825, 4560288.839157000184059 ], [ 725601.67486899998039, 4560284.777389000169933 ], [ 725625.57557700003963, 4560287.561161000281572 ], [ 725660.9243289999431, 4560296.84477199986577 ], [ 725673.172113999957219, 4560329.086003 ], [ 725684.581026999978349, 4560344.453199 ], [ 725713.38090300001204, 4560358.546776000410318 ], [ 725723.39233099995181, 4560374.559860000386834 ], [ 725711.748119, 4560404.006222000345588 ], [ 725703.679058999987319, 4560421.049324000254273 ], [ 725697.340618000016548, 4560441.335543000139296 ], [ 725706.46426799998153, 4560449.119362000375986 ], [ 725719.455502999946475, 4560449.976834 ], [ 725738.295749000040814, 4560441.757674000225961 ], [ 725752.164463000022806, 4560419.137198000214994 ], [ 725764.239619, 4560412.687035 ], [ 725773.727516000042669, 4560401.366906999610364 ], [ 725780.158776000025682, 4560385.417893 ], [ 725790.317614999949001, 4560367.072551 ], [ 725793.773295999970287, 4560351.476025000214577 ], [ 725780.73534999997355, 4560337.191823 ], [ 725778.868037999956869, 4560323.708889000117779 ], [ 725789.644561000051908, 4560307.660927999764681 ], [ 725800.10627700004261, 4560309.118192999623716 ], [ 725803.30466400005389, 4560316.496527000330389 ], [ 725808.509289999958128, 4560325.537290999665856 ], [ 725815.208349999971688, 4560330.523400999605656 ], [ 725825.726376999984495, 4560330.159823999740183 ], [ 725844.57660799997393, 4560318.918332000263035 ], [ 725857.127931999973953, 4560312.016270999796689 ], [ 725880.758951999945566, 4560313.470029000192881 ], [ 725890.314782000030391, 4560324.657089999876916 ], [ 725890.977526, 4560340.147676999680698 ], [ 725896.204771999968216, 4560355.77955299988389 ], [ 725911.683669000049122, 4560357.403400000184774 ], [ 725903.08508999994956, 4560384.209859999828041 ], [ 725904.493263000040315, 4560405.191399999894202 ], [ 725916.246224, 4560416.479861999861896 ], [ 725937.783979999949224, 4560427.482262000441551 ], [ 726019.163215999957174, 4560441.960457 ], [ 726039.284100000048056, 4560441.216693 ], [ 726066.4511909999419, 4560441.835958000272512 ], [ 726095.191507000010461, 4560443.181994000449777 ], [ 726114.107995999976993, 4560444.446019999682903 ], [ 726142.463056999957189, 4560436.000349 ], [ 726156.681244999985211, 4560434.396063 ], [ 726195.269070000038482, 4560419.888512000441551 ], [ 726204.002933999989182, 4560388.752212 ], [ 726212.051112000015564, 4560365.107454 ], [ 726209.672771999961697, 4560345.918352000415325 ], [ 726207.969125999952666, 4560334.496338999830186 ], [ 726215.74843699997291, 4560319.256237999536097 ], [ 726243.149790999945253, 4560319.650004000402987 ], [ 726260.722156999981962, 4560327.70758100040257 ], [ 726263.524082000018097, 4560347.587771000340581 ], [ 726269.644088999950327, 4560408.079916000366211 ], [ 726275.452476999955252, 4560427.153133999556303 ], [ 726288.553728000028059, 4560446.674770000390708 ], [ 726308.263258000020869, 4560470.302241000346839 ], [ 726346.95973, 4560478.292798000387847 ], [ 726365.268748000031337, 4560484.517540000379086 ], [ 726383.129816, 4560490.561729 ], [ 726388.430372999981046, 4560488.903532000258565 ], [ 726401.002669999958016, 4560481.33622 ], [ 726437.353910999954678, 4560480.185793000273407 ], [ 726454.911565999966115, 4560488.699083999730647 ], [ 726468.690504000056535, 4560493.672155000269413 ], [ 726495.417366, 4560493.590320999734104 ], [ 726507.613078000023961, 4560483.277544000186026 ], [ 726511.778989000013098, 4560474.071402999572456 ], [ 726534.54392900003586, 4560469.321256999857724 ], [ 726549.775741999968886, 4560478.896172 ], [ 726579.16657799994573, 4560473.896207000128925 ], [ 726592.604001999949105, 4560460.654774 ], [ 726587.264835000038147, 4560441.37353799957782 ], [ 726586.886674999957904, 4560424.068978000432253 ], [ 726600.721862999955192, 4560427.232518999837339 ], [ 726607.243813000037335, 4560437.904082999564707 ], [ 726615.83370700001251, 4560440.671392000280321 ], [ 726639.966160999960266, 4560428.673479000106454 ], [ 726662.321183, 4560444.160043999552727 ], [ 726677.802628000034019, 4560460.5667660003528 ], [ 726707.305722999968566, 4560456.015336999669671 ], [ 726728.570123999961652, 4560451.452553000301123 ], [ 726744.22597000002861, 4560454.672938999719918 ], [ 726756.126914000022225, 4560454.131404000334442 ], [ 726769.931440999964252, 4560443.413363999687135 ], [ 726757.300133000011556, 4560423.671991 ], [ 726756.554374999948777, 4560410.912571 ], [ 726767.057719000033103, 4560403.726111000403762 ], [ 726765.871308999950998, 4560382.984505999833345 ], [ 726763.324449999956414, 4560361.967243 ], [ 726777.18666, 4560342.371187999844551 ], [ 726806.78269000002183, 4560323.497504999861121 ], [ 726796.829485, 4560298.382501999847591 ], [ 726775.543513000011444, 4560284.973673 ], [ 726764.109865, 4560270.737444999627769 ], [ 726761.931407999945804, 4560259.756149999797344 ], [ 726764.324863999965601, 4560227.056361 ], [ 726775.023845999967307, 4560198.715582 ], [ 726781.644374000024982, 4560183.239939999766648 ], [ 726799.273295999970287, 4560163.527564000338316 ], [ 726842.50019000004977, 4560153.079409999772906 ], [ 726870.744743000017479, 4560148.800610999576747 ], [ 726897.569832999957725, 4560142.63292200025171 ], [ 726922.31716099998448, 4560131.977485000155866 ], [ 726950.178382999962196, 4560116.262213 ], [ 726982.298553999979049, 4560106.202987999655306 ], [ 727001.038635, 4560098.317214 ], [ 726986.826849999953993, 4560062.144746 ], [ 726995.636347000021487, 4560034.367820999585092 ], [ 727050.700687999953516, 4560013.330907999537885 ], [ 727106.324143999954686, 4559999.980224999599159 ], [ 727202.651523999986239, 4559970.681808999739587 ], [ 727263.381199000054039, 4559951.167535999789834 ], [ 727306.958313000039198, 4559961.637774 ], [ 727354.358035000041127, 4559965.603582000359893 ], [ 727401.936542000039481, 4559970.030933000147343 ], [ 727448.305034999968484, 4559971.509096000343561 ], [ 727476.77943899994716, 4559966.095010999590158 ], [ 727518.300415999954566, 4559951.174266999587417 ], [ 727554.099572999984957, 4559941.976747999899089 ], [ 727581.387114000041038, 4559932.880748 ], [ 727620.557271, 4559934.102200999855995 ], [ 727659.197527999989688, 4559940.464112999849021 ], [ 727684.432738999952562, 4559937.928266 ], [ 727707.870670999982394, 4559933.502663999795914 ], [ 727728.210683000041172, 4559910.187128 ], [ 727751.092641000053845, 4559888.051217 ], [ 727790.305171999963932, 4559886.040782 ], [ 727815.015800999943167, 4559902.204566 ], [ 727840.331297000055201, 4559897.104469999670982 ], [ 727866.469076000037603, 4559889.073869000189006 ], [ 727912.774726000032388, 4559871.337274 ], [ 727971.841656, 4559855.144240999594331 ], [ 727978.80507200001739, 4559833.623189000412822 ], [ 727981.572478999965824, 4559816.01649700012058 ], [ 728016.03296500002034, 4559790.564334000460804 ], [ 728058.914880000054836, 4559779.745555000379682 ], [ 728101.225067000021227, 4559786.957941999658942 ], [ 728118.329804999986663, 4559815.076917000114918 ], [ 728132.265111000044271, 4559829.03793300036341 ], [ 728189.332381000043824, 4559857.494908000342548 ], [ 728246.281104000052437, 4559857.497312 ], [ 728274.805277999956161, 4559829.048890000209212 ], [ 728307.459778000018559, 4559816.255748 ], [ 728317.465949999983422, 4559815.646289999596775 ], [ 728332.205889999982901, 4559823.475831000134349 ], [ 728338.445526, 4559836.940918000414968 ], [ 728343.776971000013873, 4559849.632975 ], [ 728361.983093000017107, 4559847.079576999880373 ], [ 728372.698198999976739, 4559835.623061999678612 ], [ 728382.490146000054665, 4559818.236238 ], [ 728389.138466999982484, 4559812.731758000329137 ], [ 728399.109916000044905, 4559813.232706 ], [ 728409.064340000040829, 4559814.277711999602616 ], [ 728417.552885000011884, 4559809.019777 ], [ 728414.950733999954537, 4559797.691158000379801 ], [ 728409.074509000056423, 4559784.426306 ], [ 728409.102754, 4559771.712977999821305 ], [ 728424.672199000022374, 4559758.941408 ], [ 728459.745128000038676, 4559760.950407999567688 ], [ 728473.360077, 4559775.202158000320196 ], [ 728485.218888, 4559792.155195999890566 ], [ 728502.823418000014499, 4559800.5082 ], [ 728532.002638999954797, 4559816.103101000189781 ], [ 728543.494486000039615, 4559821.430800000205636 ], [ 728559.805778000038117, 4559828.965490000322461 ], [ 728579.419058999978006, 4559828.690569000318646 ], [ 728580.518993000034243, 4559814.488184999674559 ], [ 728576.927612000028603, 4559793.181624 ], [ 728574.54440200002864, 4559768.967733999714255 ], [ 728576.061301999958232, 4559755.934247000142932 ], [ 728586.121192, 4559745.835612 ], [ 728608.213988999952562, 4559733.179784 ], [ 728642.50004800001625, 4559727.063017000444233 ], [ 728700.547792, 4559730.637512000277638 ], [ 728719.970619000028819, 4559731.357227000407875 ], [ 728753.459751000045799, 4559737.54127 ], [ 728766.264207000029273, 4559747.889464999549091 ], [ 728779.440326999989338, 4559758.438269999809563 ], [ 728792.5215470000403, 4559765.850018000230193 ], [ 728800.531597999972291, 4559764.078371999785304 ], [ 728821.386853000032715, 4559747.772366999648511 ], [ 728869.30128999997396, 4559729.747498 ], [ 728886.960151999955997, 4559732.879629 ], [ 728903.759306999971159, 4559733.962117999792099 ], [ 728913.027248000027612, 4559733.330311000347137 ], [ 728925.145462000044063, 4559724.30801900010556 ], [ 728950.532264000037685, 4559703.065433000214398 ], [ 729016.354244000045583, 4559652.694970999844372 ], [ 729106.526085000019521, 4559624.883592000231147 ], [ 729136.210957000032067, 4559613.656747000291944 ], [ 729181.164959999965504, 4559599.819728 ], [ 729191.420920999953523, 4559599.563811000436544 ], [ 729276.444897999987006, 4559597.432649999856949 ], [ 729306.498249000054784, 4559629.306694 ], [ 729299.668155999970622, 4559611.421013000421226 ], [ 729308.322828999953344, 4559594.755276000127196 ], [ 729346.177957999985665, 4559590.054162999615073 ], [ 729372.57791, 4559596.774043000303209 ], [ 729386.299779, 4559629.502295999787748 ], [ 729428.970306999981403, 4559672.298286999575794 ], [ 729433.506375, 4559691.001125999726355 ], [ 729414.804299999959767, 4559700.749266999773681 ], [ 729396.785922999959439, 4559722.688690000213683 ], [ 729414.830545000033453, 4559729.312892000190914 ], [ 729443.305746000027284, 4559729.318795000202954 ], [ 729445.676829, 4559707.332169 ], [ 729479.965108999982476, 4559676.335229 ], [ 729508.797956999973394, 4559685.010374999605119 ], [ 729517.94256, 4559668.271347000263631 ], [ 729562.206581, 4559679.332409 ], [ 729587.918988000019453, 4559740.478718999773264 ], [ 729571.800685000023805, 4559750.329962000250816 ], [ 729604.645855, 4559763.888481000438333 ], [ 729589.634964999975637, 4559794.346440999768674 ], [ 729613.28775899996981, 4559776.218963 ], [ 729642.83032299997285, 4559800.498770999722183 ], [ 729649.19864299998153, 4559809.534726999700069 ], [ 729661.407161999959499, 4559797.404528999701142 ], [ 729685.506599999964237, 4559806.998432000167668 ], [ 729685.527416000026278, 4559829.827165000140667 ], [ 729691.154590000049211, 4559862.41255799960345 ], [ 729665.862396999960765, 4559867.507089000195265 ], [ 729678.876240000012331, 4559876.763299000449479 ], [ 729663.806631000014022, 4559885.858238000422716 ], [ 729666.45924, 4559895.521937999874353 ], [ 729689.397310000029393, 4559894.765576999634504 ], [ 729702.442875999957323, 4559903.278198 ], [ 729686.417869, 4559918.978058 ], [ 729691.170086, 4559932.386564999818802 ], [ 729709.132591999950819, 4559925.583296 ], [ 729729.072776000015438, 4559902.649261999875307 ], [ 729745.558516000048257, 4559895.799595000222325 ], [ 729751.188181999954395, 4559904.812405999749899 ], [ 729734.664716999977827, 4559913.127915999852121 ], [ 729718.639654999948107, 4559928.827708000317216 ], [ 729750.053379000048153, 4559940.863749999552965 ], [ 729764.937757999985479, 4559937.653563999570906 ], [ 729774.386907999985851, 4559957.945065 ], [ 729806.74867, 4559976.146129 ], [ 729833.41540299996268, 4559975.941081999801099 ], [ 729849.327654000022449, 4560001.970986000262201 ], [ 729860.684479000046849, 4560006.485271000303328 ], [ 729874.200026000034995, 4559992.3293819995597 ], [ 729908.310688000055961, 4560004.86230199970305 ], [ 729911.198759000049904, 4559996.10654 ], [ 729896.281979999970645, 4559988.345897999592125 ], [ 729915.660368000040762, 4559970.729360000230372 ], [ 729920.720079, 4559959.430220000445843 ], [ 729953.376404999988154, 4559968.27214 ], [ 729960.427311999956146, 4559960.158789999783039 ], [ 729950.844621, 4559948.920709 ], [ 729965.470658999984153, 4559949.381519 ], [ 729969.40807899995707, 4559940.647721 ], [ 729973.877722, 4559948.079331999644637 ], [ 729969.272410999983549, 4559961.482189999893308 ], [ 729988.368038999964483, 4559969.37465799972415 ], [ 729986.503939999965951, 4559978.685019999742508 ], [ 730007.557720000040717, 4559990.806996 ], [ 730001.092819000012241, 4559996.849337000399828 ], [ 729997.356195, 4560016.003263999707997 ], [ 729986.274107999983244, 4560019.29944400023669 ], [ 729974.716591999982484, 4560037.684584000147879 ], [ 729986.134177000029013, 4560056.79367099981755 ], [ 729998.703486999962479, 4560056.145037 ], [ 730010.261042000027373, 4560037.759933000430465 ], [ 730024.473035000031814, 4560034.562432000413537 ], [ 730021.134286000044085, 4560024.565744999796152 ], [ 730022.355354, 4560018.869401999749243 ], [ 730040.483763, 4560024.130862000398338 ], [ 730020.019451000029221, 4560059.939826999790967 ], [ 730022.32949000003282, 4560086.052741999737918 ], [ 730027.142753000021912, 4560115.889949000440538 ], [ 730043.165078000049107, 4560121.607415 ], [ 730045.024887999985367, 4560128.956825000233948 ], [ 730055.746017000055872, 4560137.107908999547362 ], [ 730095.140786999952979, 4560147.718903999775648 ], [ 730097.070813999976963, 4560136.321203 ], [ 730137.764021, 4560156.097977999597788 ], [ 730152.648200000054203, 4560152.888590999878943 ], [ 730182.629743000026792, 4560163.414401999674737 ], [ 730202.834975, 4560132.376708 ], [ 730238.700758000020869, 4560143.821872999891639 ], [ 730241.19446499994956, 4560135.064887000247836 ], [ 730261.707950999960303, 4560140.857846000231802 ], [ 730267.178474999964237, 4560131.461257999762893 ], [ 730261.573087999946438, 4560121.704113 ], [ 730264.136535999947228, 4560110.737641000188887 ], [ 730291.141334000043571, 4560121.903505999594927 ], [ 730323.040821, 4560118.497839 ], [ 730322.743534, 4560104.495883 ], [ 730297.424706000019796, 4560086.748022999614477 ], [ 730304.349033999955282, 4560078.13085800036788 ], [ 730340.605085000046529, 4560100.63618400041014 ], [ 730369.411885999958031, 4560101.545381999574602 ], [ 730367.8004479999654, 4560082.345022999681532 ], [ 730395.961784000042826, 4560080.28872499987483 ], [ 730462.609230999951251, 4560100.064256999641657 ], [ 730448.783370999968611, 4560116.56551199965179 ], [ 730477.380806999979541, 4560124.103621000424027 ], [ 730496.690774000016972, 4560129.703645999543369 ], [ 730508.11304199998267, 4560131.598128999583423 ], [ 730531.235387000022456, 4560129.516586 ], [ 730572.593158000032417, 4560144.182152000255883 ], [ 730584.31016, 4560145.78598800022155 ], [ 730593.13033399998676, 4560148.687575999647379 ], [ 730619.309027999988757, 4560157.272362000308931 ], [ 730619.958820999949239, 4560149.201849999837577 ], [ 730586.209297999972478, 4560119.438962999731302 ], [ 730581.130497999954969, 4560092.760343000292778 ], [ 730589.638960000011139, 4560057.675305999815464 ], [ 730622.297832999960519, 4560029.988434 ], [ 730644.668212000047788, 4560024.071336000226438 ], [ 730696.430957, 4560047.05740899965167 ], [ 730735.715363999945112, 4560043.8869310002774 ], [ 730736.180795000051148, 4560029.164370999671519 ], [ 730758.435101000010036, 4560026.922706999816 ], [ 730815.296296000014991, 4560052.293664 ], [ 730832.881170999957249, 4560080.835086000151932 ], [ 730850.689993, 4560102.026112999767065 ], [ 730879.956067000050098, 4560111.787561000324786 ], [ 730894.811348999966867, 4560132.874165999703109 ], [ 730910.220514000044204, 4560183.441823 ], [ 730892.989087000023574, 4560213.838325999677181 ], [ 730845.832483, 4560232.22972199972719 ], [ 730847.675444000051357, 4560244.068961 ], [ 730825.912543999962509, 4560254.428027999587357 ], [ 730826.574999999953434, 4560280.222571999765933 ], [ 730890.86468, 4560304.351068000309169 ], [ 730888.183694, 4560319.003553000278771 ], [ 730929.170129999984056, 4560332.081317 ], [ 730948.796087000053376, 4560319.443229 ], [ 730990.590419000014663, 4560330.346316000446677 ], [ 731020.040351000032388, 4560310.650696 ], [ 730988.731485, 4560295.667006 ], [ 731002.006196000031196, 4560273.258775000460446 ], [ 731037.131898000021465, 4560284.684569999575615 ], [ 731038.126538999960758, 4560276.613862999714911 ], [ 731000.280170000041835, 4560257.733292000368237 ], [ 731001.437833999982104, 4560244.510793000459671 ], [ 730984.382672999985516, 4560222.620772000402212 ], [ 730990.933948999969289, 4560179.371932 ], [ 731002.366445000050589, 4560145.113308999687433 ], [ 730996.22985600004904, 4560058.751365999691188 ], [ 731018.629253000020981, 4560004.956710999831557 ], [ 731051.601465999963693, 4559967.70117099955678 ], [ 731062.436583, 4559958.69720199983567 ], [ 731106.268284, 4559922.296915999613702 ], [ 731176.21840799995698, 4559884.74572900030762 ], [ 731243.961830000043847, 4559869.942568999715149 ], [ 731294.029820999945514, 4559876.685921999625862 ], [ 731327.975664000026882, 4559902.068319999612868 ], [ 731358.795812999946065, 4559932.508781 ], [ 731389.250984000042081, 4559974.718825000338256 ], [ 731392.258834999985993, 4560019.737594 ], [ 731434.302807, 4560046.121956000104547 ], [ 731458.367868999950588, 4560080.027513000182807 ], [ 731485.41812199994456, 4560089.721164000220597 ], [ 731529.040533000021242, 4560089.626662 ], [ 731584.602851000032388, 4560062.670416999608278 ], [ 731676.511998999980278, 4560055.273296000435948 ], [ 731746.025405999971554, 4560078.108094999566674 ], [ 731766.15020499995444, 4560072.845489 ], [ 731822.792251999955624, 4560082.013084 ], [ 731857.390052999951877, 4560086.790888000279665 ], [ 731915.981625000014901, 4560104.123416 ], [ 731943.138481999980286, 4560133.705532999709249 ], [ 731980.091373999952339, 4560134.146437999792397 ], [ 731990.489419, 4560155.83848400041461 ], [ 732052.135808, 4560170.323997999541461 ], [ 732077.523153000045568, 4560162.284300999715924 ], [ 732133.017620000056922, 4560207.505826000124216 ], [ 732128.085296, 4560246.382163000293076 ], [ 732112.33610299997963, 4560253.25 ], [ 732140.744928000029176, 4560266.668208999559283 ], [ 732160.892543999943882, 4560260.685003000311553 ], [ 732167.210479, 4560271.200004000216722 ], [ 732185.127952, 4560265.879460000433028 ], [ 732204.90151, 4560271.654464 ], [ 732232.418370999977924, 4560266.639461999759078 ], [ 732262.384430999984033, 4560254.344867999665439 ], [ 732283.681448000017554, 4560258.70148800034076 ], [ 732341.833127000019886, 4560243.614404000341892 ], [ 732403.211786000058055, 4560219.78356400039047 ], [ 732415.280435999971814, 4560189.236860999837518 ], [ 732426.227558000013232, 4560170.43558599986136 ], [ 732468.689225999987684, 4560183.580199999734759 ], [ 732492.693974000052549, 4560172.552590000443161 ], [ 732510.166647, 4560181.211520000360906 ], [ 732540.743476000032388, 4560149.776436000131071 ], [ 732566.658405, 4560148.401545999571681 ], [ 732592.406624999945052, 4560129.327482 ], [ 732616.586819999967702, 4560135.999797999858856 ], [ 732652.872269000043161, 4560134.199970999732614 ], [ 732713.639799, 4560106.684395000338554 ], [ 732750.394597999984398, 4560090.173546000383794 ], [ 732754.414987999945879, 4560079.998793000355363 ], [ 732747.359230999951251, 4560069.45971 ], [ 732760.076905000023544, 4560064.708236999809742 ], [ 732773.20442299998831, 4560070.283936000429094 ], [ 732810.84957800002303, 4560072.218182000331581 ], [ 732838.414866999955848, 4560065.728714999742806 ], [ 732846.947370999958366, 4560076.315007000230253 ], [ 732826.821940000052564, 4560081.563563999719918 ], [ 732814.317903000046499, 4560102.526408 ], [ 732827.628970999969169, 4560125.779830999672413 ], [ 732857.564991, 4560114.220146999694407 ], [ 732847.931163999950513, 4560091.817524 ], [ 732904.882393999956548, 4560067.849434000439942 ], [ 732929.73925500002224, 4560076.745020000264049 ], [ 732900.556023000041023, 4560087.606018000282347 ], [ 732897.179970999946818, 4560100.746562000364065 ], [ 732967.055510999984108, 4560088.983678 ], [ 732996.543677999987267, 4560068.57434399984777 ], [ 732985.260822999989614, 4560051.264809999614954 ], [ 732949.523567000054754, 4560036.131171000190079 ], [ 732933.211786999949254, 4560014.259953999891877 ], [ 732905.565337999956682, 4560000.11830999981612 ], [ 732879.369880000012927, 4559963.927807999774814 ], [ 732871.810226000030525, 4559946.014847000129521 ], [ 732867.580165000050329, 4559916.415833 ], [ 732875.517064000014216, 4559876.168483999557793 ], [ 732898.035785999963991, 4559842.265867000445724 ], [ 732922.261412999941967, 4559814.108307000249624 ], [ 732982.347984, 4559794.886494999751449 ], [ 733028.941681999946013, 4559794.162092999555171 ], [ 733077.265678000054322, 4559808.964396 ], [ 733103.789896999951452, 4559834.852017000317574 ], [ 733110.421947999973781, 4559846.289304000325501 ], [ 733113.51569999998901, 4559854.890580999664962 ], [ 733128.273162, 4559878.346370999701321 ], [ 733125.552168000023812, 4559880.69350599963218 ], [ 733099.389598999987356, 4559903.198067000135779 ], [ 733092.518603999982588, 4559933.176308000460267 ], [ 733068.363270999980159, 4559948.598541 ], [ 733065.466508000041358, 4559969.867804000154138 ], [ 733100.322965000057593, 4559966.557403 ], [ 733096.758229000028223, 4559985.593573000282049 ], [ 733123.728156000026502, 4559997.502597999759018 ], [ 733147.546302999951877, 4559992.372781000100076 ], [ 733184.100867999950424, 4560005.321755000390112 ], [ 733202.722320999950171, 4560047.162079 ], [ 733229.927097999956459, 4560051.710209 ], [ 733247.800455000018701, 4560070.686758000403643 ], [ 733276.213763999985531, 4560060.547155999578536 ], [ 733275.324547, 4560042.113346000202 ], [ 733258.904641999979503, 4560023.916729000397027 ], [ 733252.366847999976017, 4559997.188925 ], [ 733268.588831000030041, 4559998.452019999735057 ], [ 733276.241516, 4560013.423134 ], [ 733306.455400999984704, 4560016.600621 ], [ 733331.426162000047043, 4559975.419878999702632 ], [ 733326.892017, 4559955.391326 ], [ 733342.869744000025094, 4559941.175567000173032 ], [ 733342.813516000052914, 4559919.811948999762535 ], [ 733354.101855000015348, 4559913.548670999705791 ], [ 733369.900868, 4559928.04678799957037 ], [ 733381.739870000048541, 4559927.680661000311375 ], [ 733405.566873, 4559922.551936999894679 ], [ 733413.487019, 4559952.269426999613643 ], [ 733440.692082999972627, 4559956.818331999704242 ], [ 733497.53804500005208, 4559982.199155 ], [ 733542.70924, 4559979.965498000383377 ], [ 733576.983706000028178, 4559971.492766000330448 ], [ 733581.500286999973468, 4559945.851903 ], [ 733609.081644000019878, 4559938.643330999650061 ], [ 733622.671593999955803, 4559906.668704999610782 ], [ 733641.57343500002753, 4559916.85434199962765 ], [ 733739.379474999965169, 4559886.842584 ], [ 733771.525818999973126, 4559852.517118000425398 ], [ 733805.895457, 4559841.103121999651194 ], [ 733866.685788, 4559812.852695000357926 ], [ 734058.437788999988697, 4559757.869438 ], [ 734087.380801000050269, 4559731.556048999540508 ], [ 734095.018374999985099, 4559700.858354000374675 ], [ 734113.621674000052735, 4559697.042545 ], [ 734120.82750799995847, 4559656.761478999629617 ], [ 734107.331939999945462, 4559616.561146999709308 ], [ 734092.397015, 4559621.239292999729514 ], [ 734100.725807999959216, 4559592.041988000273705 ], [ 734113.296519999974407, 4559568.882503 ], [ 734104.663584999972954, 4559538.407687 ], [ 734091.991341999964789, 4559541.680187 ], [ 734022.709152000024915, 4559396.582701999694109 ], [ 734062.597783999983221, 4559351.458731999620795 ], [ 734076.582168999942951, 4559353.385331000201404 ], [ 734075.27761, 4559371.015462 ], [ 734111.456313999951817, 4559395.749316999688745 ], [ 734121.017037000041455, 4559420.352106000296772 ], [ 734143.013654, 4559449.054881 ], [ 734175.20111599995289, 4559459.656872999854386 ], [ 734187.880436999956146, 4559479.213823 ], [ 734223.225682000047527, 4559506.855782000347972 ], [ 734249.622395999962464, 4559513.60455899965018 ], [ 734278.288894, 4559541.766056000255048 ], [ 734302.133096999954432, 4559535.90711 ], [ 734307.695206, 4559547.133419999852777 ], [ 734353.292890000040643, 4559554.487801999785006 ], [ 734355.467297, 4559578.864968 ], [ 734376.812582000042312, 4559581.762055000290275 ], [ 734383.583592999959365, 4559601.118591000325978 ], [ 734432.763341999961995, 4559612.278523 ], [ 734434.35262000001967, 4559585.810399999842048 ], [ 734444.023597000050358, 4559583.9203230002895 ], [ 734455.508867, 4559594.5923279998824 ], [ 734504.314280000049621, 4559571.119075999595225 ], [ 734585.994749999954365, 4559514.091950999572873 ], [ 734601.887025999953039, 4559525.650484999641776 ], [ 734602.37097199994605, 4559556.597701 ], [ 734571.241799999959767, 4559582.105426999740303 ], [ 734602.045399999944493, 4559589.730689000338316 ], [ 734627.367127, 4559583.909164999611676 ], [ 734790.859429999953136, 4559511.84214000031352 ], [ 734827.803433, 4559489.456555999815464 ], [ 734879.095219, 4559457.963151999749243 ], [ 734892.265355000039563, 4559439.236567 ], [ 734909.321756000048481, 4559437.584721 ], [ 734929.640556999947876, 4559426.44605499971658 ], [ 734940.197200000053272, 4559442.990787000395358 ], [ 735074.960935999988578, 4559390.622666000388563 ], [ 735117.992587000015192, 4559386.117731000296772 ], [ 735123.735124, 4559391.448722000233829 ], [ 735112.017355000018142, 4559410.966389999724925 ], [ 735166.233083999948576, 4559380.3026 ], [ 735215.193253000034019, 4559352.415206000208855 ], [ 735274.84001599997282, 4559313.835734999738634 ], [ 735298.733575999969617, 4559306.503274000249803 ], [ 735309.460980999981984, 4559295.056465 ], [ 735305.566834999946877, 4559277.992335 ], [ 735311.815534000052139, 4559267.879413000307977 ], [ 735348.504532000049949, 4559276.431030999869108 ], [ 735355.649512000032701, 4559261.189868999645114 ], [ 735375.281170999980532, 4559271.40355100017041 ], [ 735394.218667999957688, 4559257.287305999547243 ], [ 735431.630941999959759, 4559266.596227999776602 ], [ 735475.082534000044689, 4559248.847152000293136 ], [ 735498.472585999988951, 4559211.300711000338197 ], [ 735562.754625999950804, 4559189.800459999591112 ], [ 735588.624736999976449, 4559167.061137 ], [ 735661.577241000020877, 4559128.913937999866903 ], [ 735672.139636000036262, 4559110.893538 ], [ 735678.538481, 4559081.835311999544501 ], [ 735685.237376000033692, 4559054.153872 ], [ 735692.137268000049517, 4559051.998081999830902 ], [ 735685.599376, 4559042.939795999787748 ], [ 735692.456037000054494, 4559021.043053000234067 ], [ 735720.538972, 4558997.453049000352621 ], [ 735768.858985000057146, 4558981.996739 ], [ 735791.134903999976814, 4558990.207356000319123 ], [ 735824.439747, 4558995.362072000280023 ], [ 735856.583511000033468, 4558973.259699 ], [ 735892.107966999989003, 4558962.503573999740183 ], [ 735935.453151999972761, 4558995.202941999770701 ], [ 735998.300704000052065, 4558974.004485 ], [ 736055.339756999979727, 4558917.051852 ], [ 736112.299811, 4558888.550578 ], [ 736130.312699, 4558880.241364999674261 ], [ 736148.857956000021659, 4558864.824912000447512 ], [ 736155.018129999982193, 4558845.806895 ], [ 736177.532125000027008, 4558827.440104000270367 ], [ 736206.256991000031121, 4558824.857057999819517 ], [ 736278.162514999974519, 4558797.474011999554932 ], [ 736382.903475000057369, 4558725.428731 ], [ 736478.510315999970771, 4558656.601230000145733 ], [ 736517.924605999956839, 4558627.001144000329077 ], [ 736557.763431999948807, 4558596.236843000166118 ], [ 736576.730344000039622, 4558580.045876 ], [ 736615.419805999961682, 4558548.466586000286043 ], [ 736630.748108000028878, 4558535.670090000145137 ], [ 736626.221208999981172, 4558508.648028000257909 ], [ 736669.488777, 4558502.525538999587297 ], [ 736717.75335500005167, 4558501.400186999700963 ], [ 736775.634838999947533, 4558488.983192999847233 ], [ 736827.249304000055417, 4558485.610849999822676 ], [ 736994.17481300001964, 4558440.565406000241637 ], [ 737081.057994000031613, 4558443.541210999712348 ], [ 737148.701117999968119, 4558413.627035999670625 ], [ 737246.575635000015609, 4558406.235971 ], [ 737263.050897, 4558404.992871000431478 ], [ 737456.59103899996262, 4558369.80314000044018 ], [ 737536.495363999973051, 4558326.986650999635458 ], [ 737613.108683999977075, 4558307.616186000406742 ], [ 737616.667384000029415, 4558307.220695000141859 ], [ 737798.684617000049911, 4558286.736492999829352 ], [ 737924.646049999981187, 4558281.591602000407875 ], [ 737927.951676000026055, 4558280.454434 ], [ 737982.711603999952786, 4558261.609527999535203 ], [ 738016.637031, 4558256.835376 ], [ 738040.878404999966733, 4558238.27450199984014 ], [ 738118.259943000040948, 4558221.457268999889493 ], [ 738167.855010000057518, 4558202.045144 ], [ 738266.449211, 4558207.78422600030899 ], [ 738309.41408599994611, 4558184.800017000176013 ], [ 738369.322529, 4558185.910402 ], [ 738398.598990999977104, 4558168.359705000184476 ], [ 738483.186377999954857, 4558163.552127 ], [ 738564.265283999964595, 4558136.767856 ], [ 738660.636167000047863, 4558133.180832999758422 ], [ 738681.203124, 4558123.760596999898553 ], [ 738701.17788199998904, 4558106.751787000335753 ], [ 738765.611258000019006, 4558098.765627999790013 ], [ 738806.153572999988683, 4558072.337142 ], [ 738862.536116000032052, 4558052.317826 ], [ 738929.51167399995029, 4558069.647168999537826 ], [ 738979.396426000050269, 4558065.121608000248671 ], [ 738928.574539000052027, 4558027.657526000402868 ], [ 738892.770501, 4558000.143868000246584 ], [ 738747.025859000044875, 4558003.09194799978286 ], [ 738662.082275999942794, 4557968.32695300038904 ], [ 738595.948515999945812, 4557876.057525999844074 ], [ 738455.98624200001359, 4557671.974213999696076 ], [ 738384.420274000032805, 4557564.713665000163019 ], [ 738362.962313, 4557486.809413 ], [ 738362.273334000026807, 4557432.724127000197768 ], [ 738374.55547799996566, 4557372.837768999859691 ], [ 738451.383446000050753, 4557244.044959999620914 ], [ 738521.868331999983639, 4557147.189968000166118 ], [ 738603.259423000039533, 4557062.551316999830306 ], [ 738708.890285999979824, 4556966.323376 ], [ 738885.934944999986328, 4556881.401133 ], [ 739181.540703000035137, 4556630.993300000205636 ], [ 739195.895752000040375, 4556608.655310000292957 ], [ 739204.287129999953322, 4556570.805688999593258 ], [ 739192.738376999972388, 4556477.628823 ], [ 739233.351572999963537, 4556482.203943000175059 ], [ 739257.411111, 4556498.730480000376701 ], [ 739264.586692000040784, 4556516.760499999858439 ], [ 739291.610353, 4556529.771857 ], [ 739461.640233000041917, 4556784.084471000358462 ], [ 739535.316677000024356, 4556833.204776000231504 ], [ 739616.229592000017874, 4556868.191510000266135 ], [ 739647.734188999980688, 4556872.903877000324428 ], [ 739701.958072999957949, 4556886.253389 ], [ 739666.070744000026025, 4556920.866461000405252 ], [ 739599.899722, 4556996.590160000137985 ], [ 739567.259436000022106, 4557075.992494000121951 ], [ 739563.934362999978475, 4557161.502429000101984 ], [ 739618.927292000036687, 4557253.059783999808133 ], [ 739754.816215, 4557466.936793999746442 ], [ 739894.41547799995169, 4557583.448634999804199 ], [ 740132.041933999978937, 4557725.871419000439346 ], [ 740165.286879000021145, 4557801.235530000180006 ], [ 740138.701756000053138, 4557916.92546600010246 ], [ 739956.119993999949656, 4558132.192646999843419 ], [ 739830.544957999954931, 4558172.416992999613285 ], [ 739739.010319, 4558169.411666000261903 ], [ 739646.132500999956392, 4558169.697927 ], [ 739646.184083999949507, 4558171.967089000158012 ], [ 739646.621281999978237, 4558191.677299999631941 ], [ 739582.067476999945939, 4558217.135734000243247 ], [ 739549.67429200001061, 4558234.568556999787688 ], [ 739525.095157, 4558258.426637000404298 ], [ 739492.97836800001096, 4558278.202909000217915 ], [ 739478.756951999966986, 4558287.806765999644995 ], [ 739469.640786999952979, 4558293.42102999985218 ], [ 739457.248965000035241, 4558308.731352999806404 ], [ 739450.190666, 4558322.571545000188053 ], [ 739448.774851999944076, 4558351.913258999586105 ], [ 739405.528402999974787, 4558379.53895500022918 ], [ 739386.197471000021324, 4558385.074091999791563 ], [ 739373.503595000016503, 4558393.97238100040704 ], [ 739364.140082999947481, 4558410.215727999806404 ], [ 739365.469911, 4558422.452495000325143 ], [ 739371.02034399996046, 4558432.304496999830008 ], [ 739380.858049000031315, 4558434.405376000329852 ], [ 739390.445389, 4558432.096510999836028 ], [ 739479.348385000019334, 4558372.778349 ], [ 739493.920613000052981, 4558371.689011 ], [ 739512.234415999962948, 4558373.856855000369251 ], [ 739535.646243999945, 4558406.580481000244617 ], [ 739532.237719999975525, 4558433.389305000193417 ], [ 739570.829014000017196, 4558466.477609000168741 ], [ 739581.125002000015229, 4558487.133697000332177 ], [ 739610.650113999960013, 4558518.924455 ], [ 739628.064999999944121, 4558533.623134000226855 ], [ 739637.848629000014625, 4558559.64219699986279 ], [ 739675.464152000029571, 4558570.969182999804616 ], [ 739712.579168000025675, 4558561.961602999828756 ], [ 739738.73561700002756, 4558557.10714 ], [ 739778.034865000052378, 4558558.352996 ], [ 739818.982538999989629, 4558561.087043999694288 ], [ 739836.742761999950744, 4558570.373443 ], [ 739881.349715000018477, 4558584.998906999826431 ], [ 739910.046043999958783, 4558600.535752000287175 ], [ 739949.994312, 4558602.73754100035876 ], [ 739972.187393, 4558605.478667000308633 ], [ 740000.97105199994985, 4558613.493838000111282 ], [ 740029.455056000035256, 4558620.143236 ], [ 740052.942855000030249, 4558619.537064 ], [ 740132.22826400003396, 4558647.375234000384808 ], [ 740168.973344000056386, 4558649.628515999764204 ], [ 740190.262636999948882, 4558597.843161 ], [ 740204.276961000054143, 4558572.07245699968189 ], [ 740222.781209000037052, 4558543.403931999579072 ], [ 740237.94544100004714, 4558524.062301999889314 ], [ 740263.93588, 4558493.628312 ], [ 740285.416508, 4558477.173333000391722 ], [ 740307.876860999967903, 4558466.441596999764442 ], [ 740329.818595999968238, 4558441.087573000229895 ], [ 740375.389716999954544, 4558441.742712999694049 ], [ 740382.609949999954551, 4558427.886385000310838 ], [ 740400.25369599997066, 4558404.714134999550879 ], [ 740483.339349000016227, 4558394.000400999560952 ], [ 740516.060545000014827, 4558405.704087999649346 ], [ 740531.303452000021935, 4558414.620303000323474 ], [ 740546.812209, 4558415.464591999538243 ], [ 740547.823096, 4558425.590451999567449 ], [ 740544.641609000042081, 4558440.291043999604881 ], [ 740562.634331000037491, 4558447.608408000320196 ], [ 740584.122663000016473, 4558451.350747000426054 ], [ 740613.286834000027739, 4558458.024811999872327 ], [ 740645.211124000023119, 4558458.709955000318587 ], [ 740670.665290000033565, 4558469.341267 ], [ 740704.431074999971315, 4558473.299649000167847 ], [ 740728.591802999959327, 4558487.478741999715567 ], [ 740708.50118499994278, 4558508.379923 ], [ 740722.549654999980703, 4558524.204188000410795 ], [ 740744.393064999952912, 4558528.892400999553502 ], [ 740780.308923, 4558503.31118500046432 ], [ 740789.50515500002075, 4558518.486531999893486 ], [ 740847.242790000047535, 4558555.32564099971205 ], [ 740867.097104000044055, 4558541.853089 ], [ 740856.039450000040233, 4558492.425897000357509 ], [ 740868.92174200003501, 4558463.862371999770403 ], [ 740917.341240999987349, 4558443.896115000359714 ], [ 740957.722860999987461, 4558463.813058 ], [ 740990.806148999952711, 4558479.032185999676585 ], [ 740977.543857999960892, 4558496.43443899974227 ], [ 740977.751545, 4558512.802879 ], [ 740966.853133999975398, 4558526.559558999724686 ], [ 740971.844914000015706, 4558533.415635 ], [ 740998.479215000057593, 4558517.944109999574721 ], [ 741043.493996000033803, 4558510.504323 ], [ 741068.597138999961317, 4558518.769062999635935 ], [ 741115.249849000014365, 4558484.629440000280738 ], [ 741166.159109, 4558479.619169999845326 ], [ 741173.269347000052221, 4558490.257844000123441 ], [ 741184.975786000024527, 4558497.335838999599218 ], [ 741193.457168999942951, 4558511.743425000458956 ], [ 741206.368313999962993, 4558504.733786 ], [ 741230.087218999979086, 4558494.868878000415862 ], [ 741233.547840000013821, 4558482.189558000303805 ], [ 741212.962553999968804, 4558463.325047000311315 ], [ 741180.93212799995672, 4558461.522396000102162 ], [ 741176.881487000035122, 4558451.107029999606311 ], [ 741165.951110000023618, 4558439.864241999574006 ], [ 741147.220261999987997, 4558446.515049000270665 ], [ 741133.858616000041366, 4558449.608474999666214 ], [ 741133.926845, 4558425.657417999580503 ], [ 741132.354990000021644, 4558384.957142 ], [ 741138.622759000048973, 4558349.606501 ], [ 741150.587900000042282, 4558318.067556999623775 ], [ 741177.475639999960549, 4558276.128499999642372 ], [ 741213.756882000016049, 4558242.625004 ], [ 741248.186869999975897, 4558210.227610999718308 ], [ 741280.750791999977082, 4558190.829110999591649 ], [ 741303.765620999969542, 4558177.128573999740183 ], [ 741356.776820000028238, 4558153.593104000203311 ], [ 741366.250897999969311, 4558160.597582999616861 ], [ 741374.683229999965988, 4558176.493188999593258 ], [ 741402.191803999943659, 4558179.63657100033015 ], [ 741441.922831999952905, 4558174.258565999567509 ], [ 741471.355797, 4558209.42219700012356 ], [ 741498.202901000040583, 4558220.113575000315905 ], [ 741516.612701999954879, 4558217.610092000104487 ], [ 741553.679501999984495, 4558206.909304999746382 ], [ 741586.251013000030071, 4558209.665087999776006 ], [ 741618.424998000031337, 4558224.690246 ], [ 741639.276541, 4558241.597322000190616 ], [ 741647.309819999965839, 4558296.705918 ], [ 741659.090709000010975, 4558318.292587 ], [ 741678.345312000019476, 4558328.344406000338495 ], [ 741666.759245999972336, 4558341.755060999654233 ], [ 741680.549742999952286, 4558353.649057 ], [ 741725.125960999983363, 4558384.402073999866843 ], [ 741734.730757000041194, 4558410.285176999866962 ], [ 741741.234461999963969, 4558417.903252 ], [ 741755.32118900003843, 4558418.302884999662638 ], [ 741795.653552999952808, 4558436.8669100003317 ], [ 741806.000970999943092, 4558440.566347000189126 ], [ 741828.984458000049926, 4558450.408617 ], [ 741846.070761000039056, 4558464.768551000393927 ], [ 741871.873562, 4558470.66947800014168 ], [ 741886.029694000026211, 4558481.909099999815226 ], [ 741920.614721999969333, 4558487.767649999819696 ], [ 741937.797725999960676, 4558478.911120999604464 ], [ 741960.824693999951705, 4558466.89143200032413 ], [ 741973.181764999986626, 4558460.90956399962306 ], [ 741990.840852999943309, 4558488.404922000132501 ], [ 742002.954503000015393, 4558499.910562999546528 ], [ 742014.453818000038154, 4558519.810170999728143 ], [ 742030.535405999980867, 4558533.792704000137746 ], [ 742048.378664999967441, 4558545.832910000346601 ], [ 742066.572031000046991, 4558557.195620000362396 ], [ 742086.048184999963269, 4558560.531170000322163 ], [ 742132.942612000042573, 4558562.085945 ], [ 742156.575591000029817, 4558562.202685000374913 ], [ 742171.679955000057817, 4558554.967298000119627 ], [ 742187.925611000042409, 4558543.723805 ], [ 742204.026222000014968, 4558536.854980999603868 ], [ 742234.195915000047535, 4558543.580102999694645 ], [ 742248.879479, 4558548.780107 ], [ 742267.494791000033729, 4558557.800881000235677 ], [ 742288.009848000016063, 4558570.597268999554217 ], [ 742314.60353900003247, 4558573.158098000101745 ], [ 742342.021901999949478, 4558571.378053000196815 ], [ 742369.44294900004752, 4558569.264738 ], [ 742379.431724000023678, 4558573.631156999617815 ], [ 742387.946410999982618, 4558581.65008 ], [ 742395.490065000019968, 4558588.291821000166237 ], [ 742411.098794, 4558586.12003600038588 ], [ 742454.05079799995292, 4558584.178051000460982 ], [ 742467.392186000011861, 4558599.426714999601245 ], [ 742474.388023999985307, 4558612.441700999625027 ], [ 742504.890304, 4558619.512486999854445 ], [ 742521.629933999967761, 4558623.769844999536872 ], [ 742542.737187, 4558628.839235000312328 ], [ 742565.127785000018775, 4558625.881542 ], [ 742586.524930999963544, 4558622.223988999612629 ], [ 742605.006510999985039, 4558614.768202999606729 ], [ 742667.26706500002183, 4558603.49847299978137 ], [ 742703.163953999988735, 4558598.17784 ], [ 742718.974577000015415, 4558600.048310000449419 ], [ 742745.288123999955133, 4558600.922983 ], [ 742777.368007999961264, 4558600.977955999784172 ], [ 742804.308366999961436, 4558603.21864700037986 ], [ 742820.497695000027306, 4558624.276037000119686 ], [ 742822.163240000023507, 4558645.195074000395834 ], [ 742841.829680999973789, 4558663.011292000301182 ], [ 742860.690443999948911, 4558674.731750000268221 ], [ 742881.651879000011832, 4558684.17677600029856 ], [ 742899.560722999973223, 4558694.198366000317037 ], [ 742925.485135999973863, 4558696.405736999586225 ], [ 742951.485469999955967, 4558706.685538000427186 ], [ 742965.773717000032775, 4558713.896901999600232 ], [ 742995.307179, 4558709.15519000031054 ], [ 742989.462058000033721, 4558692.143012000247836 ], [ 743002.715362000046298, 4558689.549530999734998 ], [ 743017.576826, 4558679.284357000142336 ], [ 743016.424181999987923, 4558673.521541000343859 ], [ 743003.251629999955185, 4558663.334923 ], [ 742982.021766999969259, 4558651.857598000206053 ], [ 743016.235914999968372, 4558648.627787999808788 ], [ 743038.604774, 4558656.430563 ], [ 743053.601050000055693, 4558652.216746999882162 ], [ 743068.840426999959163, 4558640.952738 ], [ 743092.865171000012197, 4558629.303175999782979 ], [ 743106.82068700005766, 4558626.06632100045681 ], [ 743107.503352000028826, 4558635.848421 ], [ 743117.589688000036404, 4558657.714867999777198 ], [ 743127.077093999949284, 4558666.778613000176847 ], [ 743140.584851, 4558676.987743999809027 ], [ 743162.483197, 4558688.821277 ], [ 743187.367133999941871, 4558691.995323999784887 ], [ 743191.065550000057556, 4558692.463074999861419 ], [ 743194.494496, 4558703.292585999704897 ], [ 743170.138125000055879, 4558702.192443000152707 ], [ 743164.953791999956593, 4558705.721249000169337 ], [ 743164.65171200002078, 4558714.792525 ], [ 743173.934771999949589, 4558720.148086999543011 ], [ 743200.728979, 4558726.764906000345945 ], [ 743217.66686200001277, 4558735.398889999836683 ], [ 743223.656845, 4558737.954888000153005 ], [ 743239.612470999942161, 4558735.462964000180364 ], [ 743248.14886800001841, 4558722.619949 ], [ 743260.151648, 4558706.86900999955833 ], [ 743286.543476999970153, 4558695.298930999822915 ], [ 743315.394378999946639, 4558690.880326 ], [ 743332.992236000020057, 4558699.881151 ], [ 743329.659937000018544, 4558708.851459000259638 ], [ 743341.12506, 4558719.326384999789298 ], [ 743361.627153999987058, 4558722.366128999739885 ], [ 743381.460765999974683, 4558714.95732 ], [ 743408.288865, 4558717.530000999569893 ], [ 743410.580752999987453, 4558702.467094999738038 ], [ 743412.044234000029974, 4558699.14788500033319 ], [ 743441.966732, 4558693.087054999545217 ], [ 743451.944082999951206, 4558687.695209000259638 ], [ 743455.788734999950975, 4558673.6955899996683 ], [ 743470.617617000010796, 4558664.430592999793589 ], [ 743503.145465999958105, 4558651.053941000252962 ], [ 743525.53613000002224, 4558658.192040000110865 ], [ 743544.130461000022478, 4558657.467198999598622 ], [ 743567.181439999956638, 4558664.960918 ], [ 743576.990788000053726, 4558664.610073000192642 ], [ 743590.688936, 4558659.020170000381768 ], [ 743613.549711000057869, 4558662.139295999892056 ], [ 743639.381206, 4558677.462415000423789 ], [ 743660.341800000052899, 4558686.909718999639153 ], [ 743687.360374000039883, 4558686.799819 ], [ 743721.823255999945104, 4558688.972624000161886 ], [ 743740.00860299996566, 4558697.982957 ], [ 743752.881683000014164, 4558696.723101999610662 ], [ 743775.138756999978796, 4558687.717774 ], [ 743798.627257999964058, 4558682.099402000196278 ], [ 743839.344233999960124, 4558676.400569000281394 ], [ 743855.93840999994427, 4558674.931682 ], [ 743879.928023000014946, 4558664.62842 ], [ 743885.437985999975353, 4558651.362629 ], [ 743894.089766000048257, 4558644.915570000186563 ], [ 743892.76444099994842, 4558660.44419000018388 ], [ 743911.818016999983229, 4558660.313627 ], [ 743923.205892, 4558652.957592999562621 ], [ 743931.198393999948166, 4558636.062163 ], [ 743952.916418, 4558630.629662999883294 ], [ 743975.313695000018924, 4558619.706601999700069 ], [ 743985.417490000021644, 4558610.295838000252843 ], [ 743985.380049000028521, 4558586.518404999747872 ], [ 743991.373478999943472, 4558491.891823999583721 ], [ 744006.741267999983393, 4558450.68860699981451 ], [ 744030.980096000013873, 4558447.541403999552131 ], [ 744062.128738999948837, 4558463.932943999767303 ], [ 744064.516396000050008, 4558481.497526999562979 ], [ 744047.271088000037707, 4558504.697378000244498 ], [ 744044.388271, 4558518.795613000169396 ], [ 744054.156521999975666, 4558554.380641000345349 ], [ 744052.132569, 4558603.877313000150025 ], [ 744057.525184000027366, 4558645.67423 ], [ 744066.618536000023596, 4558666.497498 ], [ 744086.827290000044741, 4558688.370375 ], [ 744133.320816, 4558728.562400000169873 ], [ 744149.857994999969378, 4558742.620745000429451 ], [ 744165.880276000010781, 4558748.202956000342965 ], [ 744205.050958, 4558758.594290999695659 ], [ 744229.32146, 4558759.750606999732554 ], [ 744259.020315999980085, 4558760.399419000372291 ], [ 744286.283064999966882, 4558753.241511000320315 ], [ 744303.035935999942012, 4558736.984089000150561 ], [ 744326.693114000023343, 4558726.337663999758661 ], [ 744334.495991999981925, 4558703.333794999867678 ], [ 744348.839313999982551, 4558689.0299930004403 ], [ 744355.943578999955207, 4558679.875036999583244 ], [ 744373.710727000026964, 4558673.744664999656379 ], [ 744399.053624000051059, 4558673.247840000316501 ], [ 744426.999865000019781, 4558665.768713000230491 ], [ 744462.366020999965258, 4558658.538087000139058 ], [ 744494.903938999981619, 4558665.007415000349283 ], [ 744541.372275999980047, 4558669.264523999765515 ], [ 744563.238002000027336, 4558681.768260999582708 ], [ 744571.908031999948435, 4558685.082092000171542 ], [ 744593.126457000034861, 4558686.804313999600708 ], [ 744618.511623000027612, 4558685.298142000101507 ], [ 744642.803075999952853, 4558695.871461999602616 ], [ 744658.619656999944709, 4558707.839373 ], [ 744669.122911000042222, 4558706.846300000324845 ], [ 744690.010393999982625, 4558698.131245999597013 ], [ 744711.634360000025481, 4558687.751350999809802 ], [ 744755.74711, 4558691.586315000429749 ], [ 744776.294640999985859, 4558689.007057 ], [ 744790.825118000037037, 4558672.909590000286698 ], [ 744805.230078, 4558666.322940999642015 ], [ 744829.393078000051901, 4558650.648515 ], [ 744836.513373999972828, 4558639.782701999880373 ], [ 744838.493457, 4558631.101067 ], [ 744832.909242999972776, 4558616.452363999560475 ], [ 744843.115867999964394, 4558604.01156899984926 ], [ 744863.575258000055328, 4558598.306079000234604 ], [ 744878.295798999955878, 4558582.315173 ], [ 744889.371842999942601, 4558574.272045000456274 ], [ 744909.577336000045761, 4558565.868169000372291 ], [ 744573.858971999958158, 4558430.37725 ], [ 744580.923135000048205, 4558350.925921999849379 ], [ 744676.026334999944083, 4557950.236278000287712 ], [ 744667.335803000023589, 4557550.594227000139654 ], [ 744668.980330000049435, 4556828.423693999648094 ], [ 744474.263522000052035, 4556459.071294999681413 ], [ 744261.838938000029884, 4556275.341507 ], [ 744314.749179000034928, 4556167.822162999771535 ], [ 744276.528443000046536, 4556094.638066000305116 ], [ 744452.235042999964207, 4556055.195058999583125 ], [ 744476.449055999983102, 4556091.730446999892592 ], [ 744535.202067999984138, 4556136.813415000215173 ], [ 744549.186666000052355, 4556177.586435000412166 ], [ 744553.584863999974914, 4556222.740578000433743 ], [ 744604.31105000001844, 4556261.23084899969399 ], [ 744640.406899999943562, 4556246.610534000210464 ], [ 744679.702216999954544, 4556180.621210999786854 ], [ 744645.696863000048324, 4556177.226288000121713 ], [ 744666.290692999958992, 4556164.93272 ], [ 744676.430984999984503, 4556126.934552 ], [ 744664.10335800005123, 4556112.26053399965167 ], [ 744646.348971999948844, 4556097.482684000395238 ], [ 744649.21156800002791, 4556072.234981999732554 ], [ 744662.551112000015564, 4556045.637329 ], [ 744635.653979999944568, 4556019.215559000149369 ], [ 744586.87423299998045, 4556006.156085999682546 ], [ 744549.224689000053331, 4556021.458379999734461 ], [ 744494.967828999971971, 4556005.526292 ], [ 744471.87677099998109, 4555981.400045 ], [ 744433.268660999950953, 4555985.155144000425935 ], [ 744493.912783000036143, 4555726.979504000395536 ], [ 744544.802127999952063, 4555702.17136 ], [ 744563.494488999946043, 4555669.10550899989903 ], [ 744603.736890999949537, 4555652.489364 ], [ 744653.122087000054307, 4555618.650186000391841 ], [ 744654.023310999968089, 4555591.725084999576211 ], [ 744608.735221000039019, 4555530.007454000413418 ], [ 744625.337474000058137, 4555505.408528000116348 ], [ 744699.708392999949865, 4555520.02494200039655 ], [ 744720.609856000053696, 4555501.861549000255764 ], [ 744724.446308000013232, 4555454.815472999587655 ], [ 744697.205609999946319, 4555419.756469000130892 ], [ 744702.352521999971941, 4555400.609895999543369 ], [ 744728.142001, 4555384.855480000376701 ], [ 744763.995123, 4555310.581109999679029 ], [ 744763.219705000054091, 4555280.009532 ], [ 744721.837232999969274, 4555238.196693999692798 ], [ 744712.197456000023521, 4555174.070604999549687 ], [ 744728.653409000020474, 4555127.002371000126004 ], [ 744770.822494999971241, 4555093.366759000346065 ], [ 744821.375314999953844, 4555064.958550999872386 ], [ 744785.954533000010997, 4555031.870733000338078 ], [ 744758.324508000048809, 4554981.525796 ], [ 744786.601189999957569, 4554931.707697000354528 ], [ 744760.86917199997697, 4554892.208441999740899 ], [ 744694.54180600005202, 4554947.044388 ], [ 744649.847069000010379, 4554853.900806999765337 ], [ 744605.025312999961898, 4554805.22667200025171 ], [ 744635.40472, 4554733.002735000103712 ], [ 744614.482356, 4554697.711114999838173 ], [ 744616.031262999982573, 4554659.958952000364661 ], [ 744648.361612000036985, 4554561.356406999751925 ], [ 744734.923521999968216, 4554602.890948999673128 ], [ 744744.036885999958031, 4554586.57823000010103 ], [ 744728.297778, 4554558.195816 ], [ 744725.869392000022344, 4554536.550351000390947 ], [ 744707.428980999975465, 4554521.549642000347376 ], [ 744712.258042, 4554498.346358000300825 ], [ 744729.412259, 4554498.020131000317633 ], [ 744739.424437999958172, 4554522.175893000327051 ], [ 744772.224738999968395, 4554539.446997 ], [ 744846.398066999972798, 4554533.393668999895453 ], [ 744900.881036999984644, 4554536.11867699958384 ], [ 744923.769587000017054, 4554499.136823000386357 ], [ 744887.271268000011332, 4554457.475871000438929 ], [ 744838.889930999954231, 4554447.774659999646246 ], [ 744784.496732000028715, 4554401.913666999898851 ], [ 744789.364294999977574, 4554337.384038000367582 ], [ 744841.625819999957457, 4554285.212140999734402 ], [ 744814.055622000014409, 4554246.551714999601245 ], [ 744796.383394, 4554182.212345000356436 ], [ 744796.513206999981776, 4554069.827273 ], [ 744902.78588400001172, 4553966.342563999816775 ], [ 745084.97129000001587, 4553877.718844000250101 ], [ 745511.591303, 4553863.727829 ], [ 745777.093821999966167, 4553828.616476000286639 ], [ 745903.191051000030711, 4553743.285040000453591 ], [ 745946.51237500004936, 4553658.528483999893069 ], [ 746219.558433, 4553789.577049000188708 ], [ 746555.709296999964863, 4553835.36054699961096 ], [ 746658.479761000024155, 4553771.553278 ], [ 746868.997023000032641, 4553739.573064999654889 ], [ 747210.716888000024483, 4553752.99416199978441 ], [ 747406.010245000012219, 4553963.618423 ], [ 747652.441381999989972, 4554033.941587000153959 ], [ 748113.257544000050984, 4553930.409598999656737 ], [ 748160.094805, 4553923.461714999750257 ], [ 748199.144436000031419, 4553862.782076999545097 ], [ 748211.691, 4553811.974444 ], [ 748282.364699000027031, 4553696.644187999889255 ], [ 748291.286506999982521, 4553646.613986000418663 ], [ 748355.682324000052176, 4553544.621504000388086 ], [ 748396.025435999967158, 4553537.821239000186324 ], [ 748442.994165000040084, 4553509.759057000279427 ], [ 748499.608212, 4553463.149896999821067 ], [ 748482.963511000038125, 4553422.133378 ], [ 748500.916447, 4553326.867956000380218 ], [ 748489.462567999958992, 4553224.878816000185907 ], [ 748293.166180999949574, 4552897.784899 ], [ 748445.379580999957398, 4552589.426920999772847 ], [ 748450.674675000016578, 4552468.909678 ], [ 748390.085300000035204, 4552357.42713600024581 ], [ 748444.437458000029437, 4552298.14582800026983 ], [ 748352.618686, 4552238.404197 ], [ 748297.474722999962978, 4552267.990860000252724 ], [ 748224.705017999978736, 4552258.32988 ], [ 748182.687278000055812, 4552167.010184000246227 ], [ 748162.324589999974705, 4552078.970727000385523 ], [ 748167.373642000020482, 4552006.477241000160575 ], [ 748213.670262000057846, 4551892.0862149996683 ], [ 748193.254675999982283, 4551855.433810999616981 ], [ 747938.030570999952033, 4551957.35202999971807 ], [ 747845.6549230000237, 4552063.814209000207484 ], [ 747649.891225000028498, 4552098.626259 ], [ 747422.775035999948159, 4552117.01001700013876 ], [ 747291.17241500003729, 4552219.528825 ], [ 747281.964349000016227, 4552251.586880999617279 ], [ 747299.575553999980912, 4552317.7987219998613 ], [ 747286.013568000053056, 4552372.174679 ], [ 747066.994653000030667, 4552364.7758569996804 ], [ 747055.409711000043899, 4552306.84937 ], [ 747078.023055, 4552251.87837 ], [ 747050.811884999973699, 4552252.215665999799967 ], [ 746822.15934799995739, 4552469.471049999818206 ], [ 746621.602360000018962, 4552556.213739999569952 ], [ 746420.102938, 4552541.498892 ], [ 746403.240115999942645, 4552540.264025 ], [ 746221.808075999957509, 4552643.723419000394642 ], [ 746199.241372999968007, 4552642.052501999773085 ], [ 746020.554560999968089, 4552628.783138999715447 ], [ 745967.534940000041388, 4552538.064036999829113 ], [ 745917.087818, 4552562.434476000256836 ], [ 745928.347627999959514, 4552485.158961 ], [ 745616.8456840000581, 4552532.474247000180185 ], [ 745494.39874500001315, 4552639.142823999747634 ], [ 745172.049893000046723, 4552666.915713000111282 ], [ 745038.347202999982983, 4552744.591489999555051 ], [ 744998.279351999983191, 4552698.49836300034076 ], [ 744866.552441, 4552786.069388000294566 ], [ 744892.355256999959238, 4552796.814787999726832 ], [ 744809.171714999945834, 4552829.089138000272214 ], [ 744764.533481, 4552815.012753999792039 ], [ 744772.404147000052035, 4552768.535292999818921 ], [ 744854.743417000048794, 4552707.476342 ], [ 744770.462320000049658, 4552710.447276 ], [ 744684.169681000057608, 4552816.815128999762237 ], [ 744661.93785999994725, 4552726.191545000299811 ], [ 744572.539380999980494, 4552718.489443999715149 ], [ 744547.809082999941893, 4552793.381547999568284 ], [ 744447.952927, 4552730.720948000438511 ], [ 744504.213378999964334, 4552720.918607000261545 ], [ 744536.869936999981292, 4552634.820113999769092 ], [ 744488.846954999957234, 4552607.227130999788642 ], [ 744303.37214, 4552717.421520999632776 ], [ 744182.968374000047334, 4552893.10549100022763 ], [ 743876.012266000034288, 4552971.389465999789536 ], [ 743890.136734999949113, 4553007.807648999616504 ], [ 743826.776021, 4552988.533285999670625 ], [ 743676.464385999948718, 4552931.338000999763608 ], [ 743650.211094000027515, 4552931.063791000284255 ], [ 743601.680580000043847, 4552902.025911999866366 ], [ 743448.090676, 4552956.135831999592483 ], [ 743420.903214000049047, 4552963.723261999897659 ], [ 743096.899928999948315, 4553040.727004 ], [ 742968.72377200005576, 4553084.642426 ], [ 742899.098173000034876, 4553101.559662999585271 ], [ 742852.031085000024177, 4553106.165933 ], [ 742983.040277999942191, 4552747.534523 ], [ 742927.475880000041798, 4552573.124084999784827 ], [ 742935.134222000022419, 4552451.132221999578178 ], [ 742863.568512000027113, 4552432.583588000386953 ], [ 742902.971473000012338, 4552387.151770999655128 ], [ 742933.867861, 4552326.154148999601603 ], [ 742967.214201999944635, 4552300.295652999542654 ], [ 742880.455392000032589, 4552222.809372000396252 ], [ 742860.601553000044078, 4552114.287589999847114 ], [ 742808.989175, 4552037.96899 ], [ 742847.424777999985963, 4551966.48379 ], [ 742703.61993100005202, 4551923.009483000263572 ], [ 742571.834226, 4551679.5285710003227 ], [ 742511.532234000042081, 4551703.061776 ], [ 742594.03466100001242, 4551462.694590999744833 ], [ 742612.817440000013448, 4551395.925455000251532 ], [ 742642.782367, 4551417.593169 ], [ 742690.334647999959998, 4551393.849255000241101 ], [ 742692.879088000045158, 4551187.234373999759555 ], [ 743034.84086999995634, 4550643.972547999583185 ], [ 742985.238783000037074, 4550588.383604999631643 ], [ 743015.332628999953158, 4550524.647138999775052 ], [ 742969.107071000034921, 4550288.447359000332654 ], [ 743069.919530999963172, 4549886.29732200037688 ], [ 742959.284038000041619, 4549731.858342999592423 ], [ 742839.246557999984361, 4549820.199879 ], [ 742789.677082999958657, 4549755.53282199986279 ], [ 742650.084546, 4549808.527214 ], [ 742594.788773, 4549789.688829000107944 ], [ 742675.504962999955751, 4549422.726826 ], [ 742601.633442000020295, 4549229.286882 ], [ 742466.209823000011966, 4549173.905936 ], [ 742381.88111099996604, 4549048.825609000399709 ], [ 742327.365946999983862, 4549059.604151000268757 ], [ 742228.932978000026196, 4548979.020065000280738 ], [ 742206.121464999974705, 4548904.527824999764562 ], [ 742114.849995999946259, 4548794.527179 ], [ 742106.1028370000422, 4548707.873491999693215 ], [ 742158.155882, 4548634.955945 ], [ 742169.92318299994804, 4548579.591428999789059 ], [ 742072.188212999957614, 4548435.865979 ], [ 742156.727813999983482, 4548244.145203 ], [ 742054.717409000033513, 4547967.831476000137627 ], [ 742066.99988699995447, 4547920.297783999703825 ], [ 742088.520159999956377, 4547616.843844999559224 ], [ 742109.035146999987774, 4547413.626133999787271 ], [ 742008.993968999944627, 4547274.684227 ], [ 741907.005152, 4547246.130222000181675 ], [ 741827.224492999957874, 4547256.090584999881685 ], [ 741766.305935999960639, 4547241.487297999672592 ], [ 741714.970008000032976, 4547264.980654000304639 ], [ 741555.884137999964878, 4547270.528024000115693 ], [ 741414.147833999944851, 4547242.471633000299335 ], [ 741305.155190999968909, 4547285.487309000454843 ], [ 741109.134897000039928, 4547193.85035299975425 ], [ 741076.475252000032924, 4547132.410497999750078 ], [ 741117.99527199997101, 4547078.012513999827206 ], [ 741064.614665, 4546889.169289999641478 ], [ 740947.931101000052877, 4546780.262810000218451 ], [ 740831.164026999962516, 4546739.368045999668539 ], [ 740732.301806999952532, 4546649.635171 ], [ 740705.753709999960847, 4546488.786225999705493 ], [ 740724.938956000027247, 4546399.463161 ], [ 740647.924440999981016, 4546324.976574 ], [ 740619.511684000026435, 4546129.533051 ], [ 740558.055503000039607, 4546091.737377 ], [ 740405.334788999985904, 4545957.183900999836624 ], [ 740271.172173000057228, 4545862.833319 ], [ 740188.471586999949068, 4545851.120563000440598 ], [ 739984.955879000015557, 4545833.66376500017941 ], [ 739824.560854000039399, 4545705.018921 ], [ 739762.371143999975175, 4545653.657575 ], [ 739744.058532000053674, 4545578.389600999653339 ], [ 739674.408749999944121, 4545443.868947999551892 ], [ 739484.65020499995444, 4545281.128797999583185 ], [ 739476.645925999968313, 4545194.494641000404954 ], [ 739364.901430999976583, 4545090.302431000396609 ], [ 739326.828161000041291, 4544970.087728000245988 ], [ 739236.911290999967605, 4544902.377406000159681 ], [ 739177.015328999958001, 4544911.216213 ], [ 739128.296477, 4544943.871960000135005 ], [ 739045.932551000034437, 4544942.931877000257373 ], [ 738941.793816, 4544979.128762000240386 ], [ 738866.444632000057027, 4544955.122841999866068 ], [ 738751.7583759999834, 4544687.25951400026679 ], [ 738657.456406999961473, 4544613.579041000455618 ], [ 738537.017614000011235, 4544563.335353 ], [ 738515.208274999982677, 4544572.06243500020355 ], [ 738475.325871999957599, 4544604.065045 ], [ 738379.230650000041351, 4544559.550455999560654 ], [ 738305.25818, 4544445.578319 ], [ 738366.833729999954812, 4544386.926656999625266 ], [ 738139.987165999948047, 4544250.362547 ], [ 737864.037814000039361, 4544264.80540500022471 ], [ 737683.442609000019729, 4544079.318521000444889 ], [ 737492.223529999959283, 4544171.777820000424981 ], [ 737363.879428999964148, 4544064.925893999636173 ], [ 737202.03836600005161, 4544179.482841 ], [ 737147.875646000029519, 4544178.631923999637365 ], [ 737064.457113999989815, 4544250.502520999871194 ], [ 736895.101512999972329, 4544258.635370999574661 ], [ 736799.0800590000581, 4544183.557976 ], [ 736606.336330999969505, 4544194.854883000254631 ], [ 736489.674391999957152, 4544283.342384000308812 ], [ 736459.58730699995067, 4544320.161379000172019 ], [ 736411.803132000030018, 4544373.504009 ], [ 736392.078046999988146, 4544452.947451000101864 ], [ 736386.674506000010297, 4544508.556417999789119 ], [ 736358.427857000031509, 4544572.420779 ], [ 736273.172096999944188, 4544667.747192 ], [ 736176.090216999989934, 4544737.497337000444531 ], [ 736150.64069200004451, 4544798.751604000106454 ], [ 736137.250308000016958, 4544741.426024000160396 ], [ 736101.915948000038043, 4544769.296953000128269 ], [ 736061.602703999960795, 4544738.979719 ], [ 735787.535488000023179, 4544715.99293200019747 ], [ 735521.584777000010945, 4544785.725825999863446 ], [ 735446.894966, 4544833.708762999624014 ], [ 735084.160952999955043, 4544739.293870000168681 ], [ 735033.508824000018649, 4544713.385881000198424 ], [ 734946.575606000027619, 4544636.5131 ], [ 734871.798812999972142, 4544743.293143000453711 ], [ 734714.117123999982141, 4544647.375502999871969 ], [ 734581.102502000052482, 4544756.006850999779999 ], [ 734433.956611, 4544822.843872000463307 ], [ 734221.118888000026345, 4544888.007697000168264 ], [ 734150.937976000015624, 4545145.470963999629021 ], [ 733996.549515999970026, 4545220.464716999791563 ], [ 733892.426711000036448, 4545327.228335999883711 ], [ 733764.382988999946974, 4545304.473599 ], [ 733580.649002, 4545516.465996 ], [ 732989.0400339999469, 4545259.8257 ], [ 732461.063059999956749, 4545268.620449 ], [ 732421.972921999986283, 4545418.208937999792397 ], [ 732133.019089999957941, 4545446.831895999610424 ], [ 731955.078685999964364, 4545448.402634000405669 ], [ 731836.884608999942429, 4545416.779888999648392 ], [ 731732.729346, 4545365.953423 ], [ 731505.005557000054978, 4545489.048092000186443 ], [ 731231.207922999979928, 4545953.546947999857366 ], [ 730954.155966000049375, 4546092.327565999701619 ], [ 730868.603601000038907, 4546204.27175800036639 ], [ 730749.137409999966621, 4546246.788195 ], [ 730550.52429500001017, 4546173.245164000429213 ], [ 730507.115736, 4546268.036436 ], [ 730380.293383999960497, 4546367.474270000122488 ], [ 730225.547117999987677, 4546350.020618 ], [ 730120.199418999953195, 4546213.225731999613345 ], [ 730028.806923000025563, 4546232.318071000277996 ], [ 730065.620138, 4546325.217098000459373 ], [ 730013.586209999979474, 4546487.278152000159025 ], [ 730018.146344, 4546859.753240999765694 ], [ 729970.798943000030704, 4546953.023059999570251 ], [ 729866.806010999949649, 4546983.546361000277102 ], [ 729786.004440000047907, 4547001.71734 ], [ 729667.075696000014432, 4547036.331697000190616 ], [ 729451.422155000036582, 4546910.338223 ], [ 729380.081990999984555, 4546662.23768899962306 ], [ 729299.518263999954797, 4546535.299650999717414 ], [ 729224.541352999978699, 4546412.060453999787569 ], [ 729218.641669000033289, 4546270.799549999646842 ], [ 729174.660319000016898, 4546175.892180000431836 ], [ 729092.291013999958523, 4546124.740007 ], [ 728956.209310999955051, 4545943.30462700035423 ], [ 728915.055364000028931, 4545828.54978 ], [ 728778.171147000044584, 4545784.70165800023824 ], [ 728526.280616999953054, 4545867.876977000385523 ], [ 728492.786365999956615, 4545840.882898 ], [ 728526.874257000046782, 4545755.415311999619007 ], [ 728424.857902999967337, 4545610.127507000230253 ], [ 728462.727374, 4545553.739311000332236 ], [ 728564.946697999956086, 4545576.707175999879837 ], [ 728528.174798000021838, 4545482.018330999650061 ], [ 728571.404287999961525, 4545427.598051999695599 ], [ 728517.21113199996762, 4545370.141204999759793 ], [ 728326.349731000023894, 4545526.097246999852359 ], [ 728138.715745000052266, 4545628.902247999794781 ], [ 727845.710107999970205, 4545741.339061999693513 ], [ 727587.110482000047341, 4545837.717973999679089 ], [ 727339.11236899998039, 4546108.348128999583423 ], [ 727349.572760000010021, 4545807.665601000189781 ], [ 727469.223370000021532, 4545601.822158999741077 ], [ 727477.726984999957494, 4545460.645445000380278 ], [ 727330.635155000025406, 4545423.410163999535143 ], [ 727267.296834000037052, 4545425.580919000320137 ], [ 727225.526466000010259, 4545434.610717000439763 ], [ 727210.628340999945067, 4545413.48925600014627 ], [ 727183.521165000041947, 4545417.817063 ], [ 727028.133441000012681, 4545396.489818000234663 ], [ 726979.203347999951802, 4545417.690732999704778 ], [ 726940.01896899996791, 4545274.382435999810696 ], [ 726963.227355999988504, 4545224.723876000382006 ], [ 726914.602300000027753, 4545162.062233 ], [ 726852.458017, 4545127.75520099978894 ], [ 726791.445362000027671, 4545115.076955 ], [ 726678.56539999996312, 4544969.458468999713659 ], [ 726692.553649, 4544867.348209000192583 ], [ 726706.384094999986701, 4544770.623052 ], [ 726752.467057000030763, 4544682.085323000326753 ], [ 726775.034560999949463, 4544594.632164999842644 ], [ 726842.903822000022046, 4544560.745991 ], [ 726898.875025999965146, 4544503.0987360002473 ], [ 727032.270040999981575, 4544336.303248999640346 ], [ 727134.699927999987267, 4544179.953222 ], [ 727217.058766999980435, 4544084.728493000380695 ], [ 727335.63399300002493, 4544047.027189999818802 ], [ 727416.166775000048801, 4544071.116697000339627 ], [ 727465.104122000047937, 4544016.889236000366509 ], [ 727569.138122000033036, 4543848.069307999685407 ], [ 727637.581175999948755, 4543687.525868999771774 ], [ 727811.381982999970205, 4543587.654333 ], [ 727888.268227000022307, 4543583.740805 ], [ 728017.420460000052117, 4543612.947746999561787 ], [ 728072.838676000013947, 4543660.546621999703348 ], [ 728118.591934000025503, 4543670.526464000344276 ], [ 728175.490192000055686, 4543720.30599999986589 ], [ 728208.621357999974862, 4543621.593174000270665 ], [ 728245.283210000023246, 4543545.795117000117898 ], [ 728518.813986000022851, 4543392.886137999594212 ], [ 728650.510648999945261, 4543253.791536999866366 ], [ 728697.834034999948926, 4543179.161072 ], [ 728684.163261999958195, 4543084.848113999702036 ], [ 728648.714521000045352, 4543026.131071000359952 ], [ 728634.344851, 4543002.311653000302613 ], [ 728599.778186999959871, 4542901.468922999687493 ], [ 728597.058657999965362, 4542836.881512999534607 ], [ 728620.334213000023738, 4542720.503747000358999 ], [ 728595.125816000043415, 4542637.567603999748826 ], [ 728389.019326, 4542584.36298600025475 ], [ 728247.11288200004492, 4542558.343751000240445 ], [ 728158.453958999947645, 4542562.788498000241816 ], [ 728062.049683999968693, 4542533.631114999763668 ], [ 728095.859874999965541, 4542425.87026899959892 ], [ 728064.966252999962308, 4542349.81682899966836 ], [ 727980.536218, 4542299.906242 ], [ 727862.86547800002154, 4542110.825186000205576 ], [ 727625.631335000041872, 4541855.814260000362992 ], [ 727512.709024999989197, 4541772.44193399976939 ], [ 727367.25821, 4541683.863161999732256 ], [ 727303.146571, 4541547.617747000418603 ], [ 727284.767844000016339, 4541388.950678000226617 ], [ 727190.120205000042915, 4541166.100069000385702 ], [ 726452.277842000010423, 4541002.535380000248551 ], [ 726405.44471099996008, 4540591.625002999790013 ], [ 726395.727255000034347, 4540558.819300999864936 ], [ 726383.213186, 4540527.672182999551296 ], [ 726316.870834999950603, 4540519.148393999785185 ], [ 726270.688555, 4540551.920606999658048 ], [ 726260.059735000017099, 4540544.847420999780297 ], [ 726246.907794, 4540546.687087000347674 ], [ 726237.162865999969654, 4540525.683008000254631 ], [ 726214.22941999998875, 4540507.428829000331461 ], [ 726206.251511999987997, 4540487.835040000267327 ], [ 726163.542328999959864, 4540451.868756 ], [ 726365.137785000028089, 4540287.058853999711573 ], [ 726394.396967999986373, 4540246.552958000451326 ], [ 726379.427954999962822, 4540189.836563000455499 ], [ 726398.896964999963529, 4540173.789107999764383 ], [ 726376.788976000039838, 4540128.999401000328362 ], [ 726347.314551000017673, 4540088.483608 ], [ 726299.381497, 4540031.207313000224531 ], [ 726283.776882000034675, 4539980.317169000394642 ], [ 726232.380342000047676, 4539976.933613000437617 ], [ 726199.528035999974236, 4540002.026654000394046 ], [ 726138.925924999988638, 4539989.358589 ], [ 726136.530202999943867, 4540008.632847 ], [ 726113.055102000012994, 4540007.910137999802828 ], [ 726074.354169999947771, 4539988.271007999777794 ], [ 725979.214721000054851, 4539967.340018999762833 ], [ 725953.868547, 4539939.555327 ], [ 725802.182862999965437, 4539683.267365000210702 ], [ 725769.591487, 4539389.1127739995718 ], [ 725780.464348, 4539010.634408 ], [ 725748.407175999949686, 4538995.246794000267982 ], [ 725752.930803, 4538950.822251999750733 ], [ 725766.077950999955647, 4538920.165095999836922 ], [ 725800.454218999948353, 4538891.071597999893129 ], [ 725713.568518999963999, 4538790.717919000424445 ], [ 725633.56339000002481, 4538718.037154000252485 ], [ 725623.939261000021361, 4538678.134614 ], [ 725607.479064999963157, 4538655.114122999832034 ], [ 725598.349414999946021, 4538628.729206999763846 ], [ 725536.473379999981262, 4538583.622188 ], [ 725446.821455999976024, 4538442.224600000306964 ], [ 725246.474668, 4538256.916629999876022 ], [ 725166.159468999947421, 4538266.60196700040251 ], [ 725133.739660999970511, 4538262.90826900023967 ], [ 725110.534579999977723, 4538253.195887999609113 ], [ 725086.456292000017129, 4538257.41478499956429 ], [ 725067.563984, 4538269.438333 ], [ 725066.269475999986753, 4538282.000844 ], [ 725010.025134, 4538318.540633999742568 ], [ 724952.249330000020564, 4538257.350661000236869 ], [ 724838.796921, 4538287.640052 ], [ 724839.780577, 4538314.68582099955529 ], [ 724848.981998999952339, 4538338.826933999545872 ], [ 724844.421861, 4538354.890150999650359 ], [ 724843.41738, 4538387.72052999958396 ], [ 724819.270157000049949, 4538468.006559999659657 ], [ 724768.192717000027187, 4538438.983908999711275 ], [ 724746.598233000026084, 4538406.362509000115097 ], [ 724692.267163999960758, 4538365.538971000351012 ], [ 724634.304519, 4538354.765466 ], [ 724580.012702999985777, 4538297.741333999671042 ], [ 724570.698725000023842, 4538247.481731999665499 ], [ 724572.333998000016436, 4538193.967244000174105 ], [ 724487.099738999968395, 4538144.099831 ], [ 724470.200475999969058, 4538135.026689000427723 ], [ 724441.506107000051998, 4538121.314884999766946 ], [ 724421.074019999941811, 4538130.825941000133753 ], [ 724394.582352000055835, 4538154.776657000184059 ], [ 724348.315485000028275, 4538130.860453999601305 ], [ 724331.541103999945335, 4538132.593224000185728 ], [ 724279.992974000051618, 4538118.862405999563634 ], [ 724257.223909999942407, 4538050.645486 ], [ 724217.73456500004977, 4537982.363084999844432 ], [ 724175.445399999967776, 4537931.553956000134349 ], [ 724129.941685999976471, 4537927.021239000372589 ], [ 724109.048867000034079, 4537945.287196000106633 ], [ 724092.202666, 4537993.848115 ], [ 724064.317663999972865, 4538033.960095999762416 ], [ 724057.587799999979325, 4538062.115047000348568 ], [ 724041.875853999983519, 4538103.05384000018239 ], [ 723942.10298900003545, 4538100.012999 ], [ 723860.684326000045985, 4538087.619868 ], [ 723867.936197999981232, 4538057.235890000127256 ], [ 723858.200630999985151, 4538020.92251 ], [ 723787.299721000017598, 4538034.076840000227094 ], [ 723746.179509000037797, 4538034.169537000358105 ], [ 723752.989106999943033, 4538092.452693999744952 ], [ 723697.049095000023954, 4538104.251938000321388 ], [ 723626.464507000055164, 4538151.622738 ], [ 723556.394834000035189, 4538137.789134000428021 ], [ 723475.155016000033356, 4538164.12285 ], [ 723475.89453000004869, 4538184.404044999741018 ], [ 723451.637603000039235, 4538224.183882 ], [ 723446.470423000049777, 4538245.630130999721587 ], [ 723460.069407999981195, 4538259.101206 ], [ 723477.073819000041112, 4538279.421361000277102 ], [ 723471.299594999989495, 4538335.510095000267029 ], [ 723455.570567999966443, 4538407.054135999642313 ], [ 723454.968620999949053, 4538426.85003099963069 ], [ 723462.176865000044927, 4538472.076240999624133 ], [ 723436.801577999955043, 4538519.02319 ], [ 723409.315157999983057, 4538531.24507199972868 ], [ 723394.82793499995023, 4538547.007156999781728 ], [ 723389.683150000055321, 4538582.411837999708951 ], [ 723378.491753999958746, 4538608.63130799960345 ], [ 723354.696496000047773, 4538633.556419 ], [ 723328.538197000045329, 4538646.719075 ], [ 723301.271073000039905, 4538651.746867000125349 ], [ 723271.258426000014879, 4538643.178134 ], [ 723245.909952000016347, 4538644.663871999830008 ], [ 723214.37352300004568, 4538656.307757999747992 ], [ 723192.671406000037678, 4538656.993191 ], [ 723164.1469629999483, 4538666.261725000105798 ], [ 723128.38723, 4538735.164273999631405 ], [ 723132.983432000037283, 4538747.461264999583364 ], [ 723103.056670999969356, 4538751.053227 ], [ 723081.210493, 4538726.530740999616683 ], [ 723032.71184, 4538686.797107 ], [ 722988.563552999985404, 4538667.45447999984026 ], [ 722943.960613999981433, 4538648.09834 ], [ 722915.088381999987178, 4538661.624578 ], [ 722888.65837299998384, 4538654.06625400017947 ], [ 722846.86902999994345, 4538661.355622 ], [ 722763.524026999948546, 4538727.694331999868155 ], [ 722716.0303309999872, 4538773.972877000458539 ], [ 722691.643356999964453, 4538818.24045000039041 ], [ 722302.830320999957621, 4538885.689360000193119 ], [ 721601.895656, 4538875.317211999557912 ], [ 721514.413606000016443, 4538914.540609000250697 ], [ 721491.87154099997133, 4538912.960908999666572 ], [ 721458.71784099994693, 4538932.586613000370562 ], [ 720922.707714000018314, 4539223.935542999766767 ], [ 720824.633657000027597, 4539248.201721999794245 ], [ 720802.871835, 4539272.539830000139773 ], [ 720736.337422000011429, 4539351.551087999716401 ], [ 720693.038123999955133, 4539364.207593999803066 ], [ 720667.450059000053443, 4539358.938354000449181 ], [ 720658.970488999970257, 4539370.385184999555349 ], [ 720647.884723, 4539393.455279000103474 ], [ 720617.229429999948479, 4539391.17887 ], [ 720590.354607000015676, 4539398.472896000370383 ], [ 720567.796335999970324, 4539427.499428999610245 ], [ 720556.214963000034913, 4539422.206623 ], [ 720540.025949000031687, 4539419.464747999794781 ], [ 720522.220324, 4539425.686661999672651 ], [ 720504.185452, 4539439.547171999700367 ], [ 720485.49400099995546, 4539460.133333000354469 ], [ 720478.859767999965698, 4539485.593095 ], [ 720476.456882999977097, 4539505.323540999554098 ], [ 720458.579780000029132, 4539529.09016100037843 ], [ 720435.122077999985777, 4539558.090051 ], [ 720431.45924, 4539574.626733000390232 ], [ 720451.068723, 4539583.771855000406504 ], [ 720446.860662000020966, 4539596.024950000457466 ], [ 720431.023066999972798, 4539604.317483000457287 ], [ 720406.467182000051253, 4539624.73894300032407 ], [ 720400.657360999961384, 4539637.610751000232995 ], [ 720366.501407, 4539654.36608299985528 ], [ 720353.021896000020206, 4539651.716984 ], [ 720306.391011000028811, 4539677.544029000215232 ], [ 720299.262116000056267, 4539689.476227000355721 ], [ 720258.837985, 4539711.666983 ], [ 720203.197714, 4539744.203154000453651 ], [ 720144.086938999942504, 4539756.833189000375569 ], [ 720072.708391999942251, 4539787.098395000211895 ], [ 719998.955826999968849, 4539836.195523999631405 ], [ 719945.911089999950491, 4539827.406061000190675 ], [ 719904.962512, 4539897.277773999609053 ], [ 719884.934387000044808, 4539963.453173000365496 ], [ 719841.182301, 4539915.170994999818504 ], [ 719770.419076, 4539864.458464999683201 ], [ 719659.771645999979228, 4539817.943396000191569 ], [ 719585.001500000013039, 4539840.910850999876857 ], [ 719482.602072000037879, 4539881.044445999898016 ], [ 719393.547860000049695, 4539898.186299 ], [ 719319.72077699995134, 4539949.987943000160158 ], [ 719230.090187, 4540107.520039999857545 ], [ 719148.325900999945588, 4540243.685173000209033 ], [ 719137.259264, 4540311.751939999870956 ], [ 719130.19997900002636, 4540487.939980000257492 ], [ 719162.704971999977715, 4540609.502109000459313 ], [ 719217.804905000026338, 4540821.738672000356019 ], [ 719260.997825999977067, 4540887.824992000125349 ], [ 719282.725035000010394, 4541007.265956000424922 ], [ 719384.956248000031337, 4541093.107673999853432 ], [ 719442.286153999972157, 4541109.222659000195563 ], [ 719498.226541999960318, 4541172.091227999888361 ], [ 719573.178565999958664, 4541203.124819999560714 ], [ 719560.368051999947056, 4541389.920513999648392 ], [ 719619.129504999960773, 4542082.742619000375271 ], [ 719509.250638999976218, 4542746.873038000427186 ], [ 719414.718784000026062, 4542857.971411 ], [ 719108.473069999949075, 4542636.683834999799728 ], [ 718939.261727, 4542799.698490000329912 ], [ 718827.379224000032991, 4542584.558159999549389 ], [ 718676.201833000057377, 4542403.008817000314593 ], [ 718573.225520999985747, 4542384.43949699960649 ], [ 718609.357928000041284, 4542444.900399999693036 ], [ 718668.304690000019036, 4542527.632693000137806 ], [ 718704.04460200003814, 4542692.450416999869049 ], [ 718735.070443999953568, 4542863.417597999796271 ], [ 718729.196023000054993, 4542909.12574699986726 ], [ 718715.063277999986894, 4542959.088285 ], [ 718665.048366999952123, 4543000.780619 ], [ 718673.608790999976918, 4543137.785342000424862 ], [ 718650.8815379999578, 4543173.09011899959296 ], [ 718662.147261, 4543219.309086999855936 ], [ 718707.952608000021428, 4543227.864039000123739 ], [ 718747.850510000018403, 4543230.998087000101805 ], [ 718747.767410999978893, 4543285.7355199996382 ], [ 718724.263036999967881, 4543347.108926 ], [ 718789.429157000035048, 4543403.025065000168979 ], [ 718752.492318999953568, 4543460.397401000373065 ], [ 718725.916466000024229, 4543503.688151 ], [ 718723.08850099996198, 4543559.866173 ], [ 718669.242673999979161, 4543769.175308000296354 ], [ 718634.814942999975756, 4543894.097651000134647 ], [ 718591.712886999943294, 4544009.627179999835789 ], [ 718527.335519999964163, 4544106.787581999786198 ], [ 718451.69707, 4544159.918971000239253 ], [ 718406.000119999982417, 4544178.727248 ], [ 718400.679971999954432, 4544236.142338000237942 ], [ 718370.367728000041097, 4544283.81226500030607 ], [ 718393.380002000019886, 4544360.050832999870181 ], [ 718448.606234999955632, 4544446.249973 ], [ 718465.559398000012152, 4544543.899891999550164 ], [ 718489.206730999983847, 4544625.025089000351727 ], [ 718494.123881999985315, 4544676.077704000286758 ], [ 718477.553609000053257, 4544747.537158000282943 ], [ 718490.908857999951579, 4544814.498611000366509 ], [ 718517.910355000058189, 4544847.684809999540448 ], [ 718569.743858000030741, 4544865.409219999797642 ], [ 718604.465210000053048, 4544912.316401000134647 ], [ 718608.807777, 4544963.407622000202537 ], [ 718470.680949999950826, 4545066.926517000421882 ], [ 718354.545851, 4545214.852285999804735 ], [ 718134.810828999965452, 4545233.493010999634862 ], [ 718041.118876999942586, 4545196.646873 ], [ 717931.531266, 4545358.230445999652147 ], [ 717714.284559999941848, 4545405.51615499984473 ], [ 717632.802384000038728, 4545468.493501000106335 ], [ 717450.423852000036277, 4545499.886489000171423 ], [ 716881.698803000035696, 4545526.690600000321865 ], [ 716806.758324000053108, 4545579.046672999858856 ], [ 716717.113483999972232, 4545573.796083999797702 ], [ 716566.979013000032865, 4545770.425276 ], [ 716446.222046999959275, 4545773.10421899985522 ], [ 716415.5493289999431, 4545872.386825 ], [ 716358.209258000017144, 4545802.165110999718308 ], [ 716401.446563999983482, 4545751.258097999729216 ], [ 716407.145674000028521, 4545700.143271000124514 ], [ 716338.330491999979131, 4545583.311746999621391 ], [ 716179.036944000050426, 4545664.321831 ], [ 716085.890636999974959, 4545624.894479 ], [ 715750.880841, 4545768.965531 ], [ 715494.638179, 4545944.890951000154018 ], [ 715305.445502000045963, 4546120.937825 ], [ 715115.767819999950007, 4546216.345150000415742 ], [ 715018.842826999956742, 4546265.106103000231087 ], [ 714915.241139000048861, 4546151.080089 ], [ 714636.026174, 4546215.983474000357091 ], [ 714584.001568999956362, 4546149.421358999796212 ], [ 714504.944718000013381, 4545881.795911000110209 ], [ 714420.455417, 4545821.263786000199616 ], [ 714077.940348000032827, 4545992.646582 ], [ 713969.004323999979533, 4545994.76659999974072 ], [ 713887.120478000026196, 4545810.818106000311673 ], [ 713812.715944000054151, 4545819.181900000199676 ], [ 713716.561541000031866, 4545982.246737999841571 ], [ 713392.129266, 4545949.26054900046438 ], [ 713241.888907999964431, 4545794.088751000352204 ], [ 713294.091748, 4545538.032743999734521 ], [ 713111.619445999967866, 4545607.287538000382483 ], [ 712844.588930999976583, 4545632.243923 ], [ 712705.35348100005649, 4545550.164397999644279 ], [ 712724.803664, 4545385.550738000310957 ], [ 712533.239152000052854, 4545351.449113000184298 ], [ 712436.487414999981411, 4545411.40496 ], [ 712432.889594999956898, 4545584.656568 ], [ 712318.354202999966219, 4545634.164491999894381 ], [ 712436.106538999942131, 4545855.767726000398397 ], [ 712231.060195000027306, 4545997.716198000125587 ], [ 712079.688205000013113, 4546262.185863999649882 ], [ 712112.825151000055484, 4546351.539258999750018 ], [ 712017.587370999972336, 4546499.326802000403404 ], [ 711887.53498400002718, 4546434.306614999659359 ], [ 711597.50792200001888, 4546700.255827999673784 ], [ 711196.63396, 4546494.20439499989152 ], [ 711105.331061, 4546242.627020999789238 ], [ 710960.086210999987088, 4546419.777447000145912 ], [ 710856.746707999962382, 4546413.170378999784589 ], [ 710805.200825999956578, 4546244.667840000241995 ], [ 710815.29321799997706, 4545949.020430999808013 ], [ 710826.769019, 4545876.179988999851048 ], [ 710814.246983999968506, 4545809.272001000121236 ], [ 710732.513114999979734, 4545700.816719999536872 ], [ 710604.18375800002832, 4545517.275827 ], [ 710494.383406999986619, 4545419.340318 ], [ 710400.750597, 4545334.360051999799907 ], [ 710317.311146999942139, 4545323.976940000429749 ], [ 710222.980854999972507, 4544898.097179999575019 ], [ 710187.85342399997171, 4544699.214859999716282 ], [ 710221.342842999962159, 4544593.881183000281453 ], [ 710202.453468999941833, 4544478.712518 ], [ 710208.691327000036836, 4544431.655905 ], [ 710259.250629000016488, 4544269.575752000324428 ], [ 710261.34901, 4544219.567047 ], [ 710237.942767999949865, 4544185.616889 ], [ 710184.660142999957316, 4544122.931673999875784 ], [ 710130.634533999953419, 4543991.556064000353217 ], [ 710138.904350999975577, 4543955.224759999662638 ], [ 710155.271877, 4543919.714363999664783 ], [ 710183.447196000022814, 4543881.842195999808609 ], [ 710162.643991000019014, 4543851.567130000330508 ], [ 710185.740318999974988, 4543770.380958000198007 ], [ 710179.755998000036925, 4543728.985538999550045 ], [ 710129.440056000021286, 4543655.430014000274241 ], [ 710072.776506999973208, 4543584.548817999660969 ], [ 710034.209611000027508, 4543512.386133000254631 ], [ 709915.777967000030912, 4543454.127697999589145 ], [ 709836.376962000038475, 4543388.887199000455439 ], [ 709802.117103000055067, 4543324.038323 ], [ 709783.70973799994681, 4543273.14340899977833 ], [ 709730.724896, 4543199.65928400028497 ], [ 709720.877867999952286, 4543165.19877399969846 ], [ 709691.303947999957018, 4543125.674324999563396 ], [ 709688.72002, 4543080.321049000136554 ], [ 709627.855091999983415, 4542849.49594399984926 ], [ 709632.256745000020601, 4542758.762911000289023 ], [ 709661.105332999955863, 4542658.472388999536633 ], [ 710033.986262000049464, 4542243.974423999898136 ], [ 710078.88831199996639, 4542235.35916000045836 ], [ 710132.77253199997358, 4542182.921830999664962 ], [ 710206.976800999953412, 4542177.846411 ], [ 710249.123478999943472, 4542062.093418000265956 ], [ 710333.353384000016376, 4541959.246867000125349 ], [ 710407.042329999967478, 4541877.677640000358224 ], [ 710478.970149999950081, 4541824.115268999710679 ], [ 710721.547108000027947, 4541802.729295000433922 ], [ 710790.936658, 4541718.651131000369787 ], [ 710756.09480199997779, 4541609.523776999674737 ], [ 710721.389493, 4541518.768054000101984 ], [ 710763.32694000005722, 4541421.834385000169277 ], [ 710818.612497000023723, 4541352.340920999646187 ], [ 710832.13737500004936, 4541297.660247 ], [ 710842.161094999988563, 4541255.846273000352085 ], [ 710824.75477600004524, 4541232.845436000265181 ], [ 710754.000287999981083, 4541180.434074000455439 ], [ 710737.531293999985792, 4541163.771761000156403 ], [ 710744.643137000035495, 4541065.882847 ], [ 710764.47952399996575, 4540972.870497999712825 ], [ 710793.723693000036292, 4540819.336794000118971 ], [ 710828.054713999968953, 4540614.758161 ], [ 710829.806588000035845, 4540585.118315 ], [ 710798.233867999981157, 4540434.91677900031209 ], [ 710705.047716, 4540336.771909000352025 ], [ 710580.530598000041209, 4540319.888758 ], [ 710507.19684300001245, 4540337.398203000426292 ], [ 710432.53738, 4540326.258163999766111 ], [ 710373.542167, 4540300.300359000451863 ], [ 710316.045644999947399, 4540230.228787000291049 ], [ 710246.384866000036709, 4540139.142091000452638 ], [ 710232.842443999950774, 4540083.652439 ], [ 709956.399447, 4539704.065546000376344 ], [ 709794.385774999973364, 4539508.708215000107884 ], [ 709484.310741, 4539207.495327999815345 ], [ 709448.728881999966688, 4539172.157638000324368 ], [ 709291.42099400004372, 4539128.206805 ], [ 709010.237575000035577, 4538976.187372 ], [ 709011.319903000025079, 4538913.572285999543965 ], [ 708955.145915, 4538753.215385000221431 ], [ 708779.402753000031225, 4538347.578157000243664 ], [ 708810.462040000013076, 4538344.049463000148535 ], [ 708854.445417999988422, 4538323.165627 ], [ 709077.533505999948829, 4538262.541344 ], [ 709103.495987999951467, 4538127.665915999561548 ], [ 709094.920020999968983, 4538064.098284999839962 ], [ 709084.424402000033297, 4537956.686226 ], [ 709068.910350000020117, 4537849.209243999794126 ], [ 709035.011576000018977, 4537750.231858000159264 ], [ 709012.672091000014916, 4537683.684066999703646 ], [ 708963.930245000054128, 4537649.897496 ], [ 708941.595003, 4537577.238885000348091 ], [ 708907.792133999988437, 4537552.122038000263274 ], [ 708775.907847999944352, 4537524.818857000209391 ], [ 708653.432304000016302, 4537509.640936000272632 ], [ 708619.571215, 4537487.423895999789238 ], [ 708659.27281, 4537431.483176000416279 ], [ 708679.281206000014208, 4537395.150547999888659 ], [ 708683.338279000017792, 4537343.031502 ], [ 708631.989077999955043, 4537049.880273999646306 ], [ 708543.550605, 4537146.428018 ], [ 708475.175969999982044, 4537199.400570999830961 ], [ 708379.097064999979921, 4537227.76575000025332 ], [ 708339.364690999966115, 4537208.161535000428557 ], [ 708303.445328, 4537168.431992 ], [ 708282.240472999983467, 4537119.20830100029707 ], [ 708259.500817999942228, 4537092.930397000163794 ], [ 708178.310956, 4537023.541086999699473 ], [ 708151.361528999987058, 4536985.866445999592543 ], [ 708093.790746000013314, 4536880.702150999568403 ], [ 707966.247500000055879, 4536661.024408999830484 ], [ 707958.496547000017017, 4536615.79364399984479 ], [ 707913.974959000013769, 4536592.023207999765873 ], [ 707884.071386000025086, 4536551.466207999736071 ], [ 707859.321565, 4536511.25504899956286 ], [ 707871.394784, 4536372.039679000154138 ], [ 707888.023714, 4536328.842782 ], [ 707607.396998999989592, 4536318.780880000442266 ], [ 707327.467610999941826, 4536235.59360000025481 ], [ 707183.393274000030942, 4536390.010874999687076 ], [ 707074.652607999974862, 4536473.003344999626279 ], [ 706932.894319999963045, 4536546.679049000144005 ], [ 706854.348506, 4536591.379932000301778 ], [ 706773.418581999954768, 4536599.881257999688387 ], [ 706620.03808199998457, 4536582.558252000249922 ], [ 706572.020242, 4536307.998832000419497 ], [ 706512.192166000022553, 4536194.041024000383914 ], [ 706386.944457, 4535825.648997999727726 ], [ 705861.007241999963298, 4535575.632927999831736 ], [ 705778.646849000011571, 4535525.639809999614954 ], [ 705647.66551800002344, 4535445.210694000124931 ], [ 705300.635102999978699, 4535087.544041999615729 ], [ 705314.312006999971345, 4534933.495082000270486 ], [ 705172.421517999959178, 4534825.860438000410795 ], [ 705162.488515999983065, 4534746.073804000392556 ], [ 705275.897833000053652, 4534616.228698999620974 ], [ 705373.202398000052199, 4534572.045148000121117 ], [ 705260.356066999956965, 4534353.333271999843419 ], [ 705276.072341999970376, 4534286.228554000146687 ], [ 705421.962504000053741, 4534273.589386000297964 ], [ 705588.180498, 4534258.43219 ], [ 705601.64969300001394, 4534204.309421 ], [ 705591.996036999975331, 4534092.319271000102162 ], [ 705580.235697000054643, 4534009.269837999716401 ], [ 705563.035062000039034, 4533831.670080999843776 ], [ 705554.658028000034392, 4533752.659660000354052 ], [ 705539.25935299997218, 4533593.754563 ], [ 705623.560571999987587, 4533045.152425999753177 ], [ 705611.052051999955438, 4532753.152800999581814 ], [ 705776.907676000031643, 4532507.369311000220478 ], [ 705794.156046999967657, 4532440.285961999557912 ], [ 705791.379337999969721, 4532322.221543 ], [ 705766.367667000042275, 4532254.823672999627888 ], [ 705737.948488999973051, 4532233.64096499979496 ], [ 705306.139856999972835, 4532165.210819999687374 ], [ 705015.315152000053786, 4532011.288524 ], [ 704931.926664000027813, 4532008.967162 ], [ 704716.413519000052474, 4531719.080075999721885 ], [ 704462.504596999962814, 4531790.445508000440896 ], [ 704277.71782100002747, 4531753.951266 ], [ 704062.687537000048906, 4531672.702883999794722 ], [ 703898.454722000053152, 4531690.108385000377893 ], [ 703858.501024, 4531654.492336999624968 ], [ 703806.150325999944471, 4531668.731592999771237 ], [ 703690.178708, 4531762.774748000316322 ], [ 703517.795153000042774, 4531847.404914 ], [ 703314.417547, 4531913.939240000210702 ], [ 703083.309512999956496, 4532015.779202000238001 ], [ 702794.057747000013478, 4532285.416832 ], [ 702643.109555999981239, 4532621.578572999686003 ], [ 702426.385681999963708, 4532774.008647000417113 ], [ 702351.116411000024527, 4532935.042674000374973 ], [ 702324.013006999972276, 4533119.333429999649525 ], [ 702191.062226, 4533259.950981999747455 ], [ 702112.446742999949493, 4533428.716858999803662 ], [ 701974.789895999943838, 4533569.208530999720097 ], [ 701919.880161999957636, 4533791.924080000258982 ], [ 701687.076023999950849, 4534016.039273999631405 ], [ 701568.094074000022374, 4534337.340156000107527 ], [ 701529.212339999969117, 4534435.047772999852896 ], [ 701490.22410300001502, 4534479.455368 ], [ 701498.326608999981545, 4534700.743742999620736 ], [ 701450.176929999957792, 4534849.928500999696553 ], [ 701380.520297999959439, 4534979.714536 ], [ 701373.747322999988683, 4535054.78080500010401 ], [ 701442.741980000049807, 4535178.952600999735296 ], [ 701427.367815, 4535280.437531 ], [ 701553.89468999998644, 4535487.449091999791563 ], [ 701567.004831, 4535734.518578000366688 ], [ 701590.121796000050381, 4535814.381714999675751 ], [ 701712.838406999944709, 4536019.414935999549925 ], [ 701771.346708000055514, 4536069.284501999616623 ], [ 701807.425356999970973, 4536145.115558999590576 ], [ 701825.549438999965787, 4536266.785257999785244 ], [ 702010.533311999985017, 4536478.567084000445902 ], [ 702029.891259000054561, 4536468.410535000264645 ], [ 702232.603936000028625, 4536598.711493999697268 ], [ 702371.070283, 4536723.683278 ], [ 702488.030755999963731, 4536893.208336000330746 ], [ 702537.957723999978043, 4537115.919734000228345 ], [ 701983.129304999951273, 4537571.834317999891937 ], [ 701987.904503999976441, 4537600.95323000010103 ], [ 701982.267375000054017, 4537674.606367000378668 ], [ 701973.061038000043482, 4537746.361499999649823 ], [ 701945.754251, 4537819.419189999811351 ], [ 701909.270020000054501, 4537897.624591999687254 ], [ 701894.801685999962501, 4537963.835447000339627 ], [ 701901.042175999958999, 4538000.005392 ], [ 701880.333560000057332, 4538030.046329 ], [ 701854.31325799995102, 4538056.330454999580979 ], [ 701825.127594999969006, 4538066.328410999849439 ], [ 701778.327552999951877, 4538059.643507 ], [ 701752.011471000034362, 4538096.719383999705315 ], [ 701681.024927000049502, 4538181.178271999582648 ], [ 701639.939533, 4538236.02615899965167 ], [ 701622.876576, 4538258.790302 ], [ 701615.631516000023112, 4538325.188625000417233 ], [ 701626.049539000028744, 4538406.48208099976182 ], [ 701628.852635000017472, 4538501.966 ], [ 701618.047055999981239, 4538566.466711999848485 ], [ 701592.950363000039943, 4538625.175553999841213 ], [ 701526.98609000002034, 4538724.172739 ], [ 701431.110482000047341, 4538860.137524999678135 ], [ 701354.701132999965921, 4539011.036221000365913 ], [ 701345.263688000035472, 4539091.773972 ], [ 701329.831107, 4539127.349428 ], [ 701293.234137000050396, 4539144.34576900023967 ], [ 701232.809323000023142, 4539173.28897500038147 ], [ 701159.066649000043981, 4539227.055696999654174 ], [ 701117.790720000048168, 4539216.925978000275791 ], [ 701021.616660000057891, 4539232.292798000387847 ], [ 700946.471909999963827, 4539205.038111000321805 ], [ 700661.220123999984935, 4538932.665391 ], [ 700536.52374500001315, 4538734.870748000219464 ], [ 700160.239903999958187, 4538751.608674 ], [ 699919.084684, 4538782.840730000287294 ], [ 699872.093829000019468, 4538716.765982000157237 ], [ 699839.892363999970257, 4538638.483449 ], [ 699750.600324, 4538533.461457000114024 ], [ 699684.725273999967612, 4538430.876946999691427 ], [ 699624.658591000013985, 4538314.040713000111282 ], [ 699558.040556999971159, 4538305.03169700037688 ], [ 699504.606978000025265, 4538276.582457000389695 ], [ 699419.306328000035137, 4538157.263279999606311 ], [ 699322.920251999981701, 4538046.644043000414968 ], [ 699228.48843000002671, 4538063.882115 ], [ 699144.603251999942586, 4538092.206461999565363 ], [ 699023.084689000039361, 4538108.713128999806941 ], [ 698827.588912999955937, 4538188.026581999845803 ], [ 698700.770234000054188, 4538333.997251999564469 ], [ 698575.757174000027589, 4538480.018624999560416 ], [ 698412.599314, 4538634.011052999645472 ], [ 698228.245184, 4538702.829752 ], [ 698082.586796000017785, 4538677.302969999611378 ], [ 697989.822093999944627, 4538700.000799999572337 ], [ 697754.881721999961883, 4538769.267861999571323 ], [ 697545.299097000039183, 4538769.029356 ], [ 697420.029639999964274, 4538724.265524 ], [ 697265.864155999966897, 4538678.728048999793828 ], [ 697208.975191000034101, 4538711.398136000148952 ], [ 697112.275249999947846, 4538746.600177000276744 ], [ 696993.346219000057317, 4538734.411231 ], [ 696833.365156000014395, 4538636.531406000256538 ], [ 696680.495098000043072, 4538542.434262 ], [ 696432.556217, 4538422.411600000225008 ], [ 696297.765777, 4538395.411562000401318 ], [ 696184.569983999943361, 4538439.184283999726176 ], [ 696076.458563999971375, 4538495.693200999870896 ], [ 695934.762909000040963, 4538524.310432 ], [ 695794.485478000016883, 4538567.37789100036025 ], [ 695806.919807999976911, 4538643.302257999777794 ], [ 695760.491905999951996, 4538690.660609000362456 ], [ 695654.014086000039242, 4538889.405581000261009 ], [ 695608.211164999986067, 4538913.383587 ], [ 695530.613647000049241, 4538977.911694999784231 ], [ 695478.523362, 4539034.120056999847293 ], [ 695380.115492000011727, 4539134.081372000277042 ], [ 695322.665293000056408, 4539188.348333000205457 ], [ 695308.784783000010066, 4539234.77481499966234 ], [ 695356.976244000019506, 4539332.669285000301898 ], [ 694917.998944, 4539404.67762800026685 ], [ 694671.343466000049375, 4539576.407708999700844 ], [ 694434.625008999952115, 4539677.560114 ], [ 694249.942815999966115, 4539675.528833 ], [ 693998.299687, 4539628.460085 ], [ 693754.118490000022575, 4539565.554255999624729 ], [ 693610.184825, 4539551.937800000421703 ], [ 693395.464898, 4539516.551199999637902 ], [ 693270.983662000042386, 4539351.692900000140071 ], [ 693228.359509999980219, 4539286.001047999598086 ], [ 693206.920805, 4539252.1964570004493 ], [ 693068.557754999957979, 4539058.73589999973774 ], [ 692698.549479000037536, 4539045.188252000138164 ], [ 692616.989826999953948, 4539034.928109000436962 ], [ 692591.64085199998226, 4539072.747856999747455 ], [ 692541.442262999946252, 4539441.899248000234365 ], [ 692458.903893999988213, 4539862.419468999840319 ], [ 692466.05755400005728, 4539939.275666000321507 ], [ 692468.204474000027403, 4539962.395878000184894 ], [ 692458.298128, 4540008.575245000422001 ], [ 692452.602251, 4540035.111728000454605 ], [ 692439.104965999955311, 4540055.777787 ], [ 692421.012574000051245, 4540083.467070000246167 ], [ 692393.379852000041865, 4540311.760530999861658 ], [ 692393.271879, 4540312.668705999851227 ], [ 692405.183407000033185, 4540440.854642 ], [ 692419.50312699994538, 4540604.966225 ], [ 692421.749681000015698, 4540630.699869999662042 ], [ 692423.643572999979369, 4540644.514557000249624 ], [ 692432.29425000003539, 4540707.567257000133395 ], [ 692420.723699999973178, 4540925.838523999787867 ], [ 692409.360894000041299, 4540979.456674000248313 ], [ 692366.003896999987774, 4541104.739121000282466 ], [ 692342.566995, 4541145.042504999786615 ], [ 692329.756475999951363, 4541167.204261999577284 ], [ 692319.701479000039399, 4541180.572591000236571 ], [ 692306.635572999948636, 4541202.527714 ], [ 692297.728003000025637, 4541216.759360999800265 ], [ 692291.390342999948189, 4541233.458049000240862 ], [ 692278.92637600004673, 4541376.081535000354052 ], [ 692310.686859, 4541443.716819000430405 ], [ 692330.582268, 4541540.471315000206232 ], [ 692321.425748000037856, 4541541.086867 ], [ 692030.626963000046089, 4541596.366332000121474 ], [ 691859.155611000023782, 4541593.571232999674976 ], [ 691822.574479999952018, 4541596.270312 ], [ 691409.461504, 4541588.230480999685824 ], [ 690999.302937999949791, 4541594.455644999630749 ], [ 690858.092677999986336, 4541629.755477 ], [ 690549.153627000050619, 4541706.984729999676347 ], [ 690317.307977000018582, 4541764.950154 ], [ 690268.531706999987364, 4541763.841145999729633 ], [ 690255.458254000055604, 4541757.147556000389159 ], [ 690240.181957000051625, 4541753.940868999809027 ], [ 690268.443998, 4541789.302162 ], [ 690369.137149999965914, 4541910.864047000184655 ], [ 690402.009353999979794, 4541957.599589999765158 ], [ 690494.4704840000486, 4542117.622682999819517 ], [ 690534.300760000012815, 4542187.369916999712586 ], [ 690555.038937999983318, 4542219.704226000234485 ], [ 690582.454567000037059, 4542245.723957999609411 ], [ 690624.915150000015274, 4542271.168037000112236 ], [ 690679.901924, 4542295.804642000235617 ], [ 690885.923859999980778, 4542393.804317000322044 ], [ 691069.996582999941893, 4542502.026126 ], [ 691193.514193000039086, 4542580.300607999786735 ], [ 691143.689638999989256, 4542669.380296999588609 ], [ 691120.920533000025898, 4542783.017509000375867 ], [ 691110.866852, 4542839.470847000367939 ], [ 691069.671349999960512, 4543044.50577300041914 ], [ 691041.860234000021592, 4543218.059983000159264 ], [ 691026.524691, 4543336.179336000233889 ], [ 691018.052167000016198, 4543437.946120999753475 ], [ 691001.73216599994339, 4543588.402557999826968 ], [ 690968.852101000025868, 4543773.512451999820769 ], [ 690964.007542000035755, 4543833.878868999890983 ], [ 690967.419975999975577, 4543879.584309999831021 ], [ 690976.441375000053085, 4543925.724646000191569 ], [ 690986.510026999982074, 4543951.350352000445127 ], [ 691027.254580999957398, 4544039.656235000118613 ], [ 691136.894963999977335, 4544283.6166329998523 ], [ 691153.287064000032842, 4544339.992639999836683 ], [ 691155.513110999949276, 4544377.246166000142694 ], [ 691156.443433, 4544389.002332 ], [ 691157.682119, 4544404.743832999840379 ], [ 691154.89382, 4544484.928140999749303 ], [ 691125.165984999970533, 4544576.131122999824584 ], [ 691099.335784, 4544647.89367900043726 ], [ 691087.65311399998609, 4544697.827626000158489 ], [ 691088.722820000024512, 4544751.371264000423253 ], [ 691090.977973000030033, 4544784.925990999676287 ], [ 691097.09852, 4544817.681562 ], [ 691114.802711999975145, 4544876.602591999806464 ], [ 691170.074540999950841, 4545003.383910000324249 ], [ 691174.266708999988623, 4545020.702263000421226 ], [ 691176.421218, 4545045.188852 ], [ 691173.769221000024118, 4545072.694193 ], [ 691167.76003500004299, 4545091.513031999580562 ], [ 691159.51816500001587, 4545109.81816599983722 ], [ 691151.863497999962419, 4545124.639033 ], [ 691144.162022999953479, 4545135.44805399980396 ], [ 691134.975162000046112, 4545145.151821999810636 ], [ 691125.071103999973275, 4545153.648159 ], [ 691108.93154899997171, 4545165.126047000288963 ], [ 691079.34684000001289, 4545184.119291 ], [ 691048.140439999988303, 4545209.180765000171959 ], [ 691022.40633499994874, 4545245.061424000188708 ], [ 691002.979501000023447, 4545288.772211000323296 ], [ 691044.50751400005538, 4545370.555610000155866 ], [ 691067.766636000014842, 4545447.063751 ], [ 691079.588638999965042, 4545501.80980100017041 ], [ 691081.034959999960847, 4545589.292620999738574 ], [ 691082.934161999961361, 4545722.970656 ], [ 691094.175163, 4545799.97677700035274 ], [ 691173.063761999947019, 4545950.093968999572098 ], [ 691390.153284, 4546058.046977000311017 ], [ 691510.085013999952935, 4546115.550946 ], [ 691730.595251000020653, 4546231.292042000219226 ], [ 691754.213245, 4546247.708104999735951 ], [ 691820.721137000015005, 4546335.727589 ], [ 691863.104676999966614, 4546404.796040999703109 ], [ 691889.685770999989472, 4546450.320275000296533 ], [ 691906.168709, 4546500.524105000309646 ], [ 691926.22119399998337, 4546596.838604000397027 ], [ 691941.032797000021674, 4546692.527107999660075 ], [ 691962.077373999985866, 4546765.370362999849021 ], [ 691988.121134000015445, 4546831.967601999640465 ], [ 692016.996052999980748, 4546879.085732 ], [ 692053.164212999981828, 4546921.962289 ], [ 692084.348043999983929, 4546959.253436 ], [ 692125.282414000015706, 4546990.323295 ], [ 692171.150294000050053, 4547015.734518 ], [ 692468.492857999983244, 4547138.192896000109613 ], [ 692671.372482000035234, 4547022.059387000277638 ], [ 692859.715577000053599, 4546906.304011000320315 ], [ 692911.232265, 4546871.385908000171185 ], [ 692950.735135999973863, 4546844.606506999582052 ], [ 693013.03624399995897, 4546763.022215999662876 ], [ 693103.991988, 4546735.465773000381887 ], [ 693306.814227, 4546615.969654999673367 ], [ 693416.275007999967784, 4546773.653590999543667 ], [ 693508.554841, 4546808.142116 ], [ 693665.613493000040762, 4546808.224715 ], [ 693779.049956999951974, 4546756.31744800042361 ], [ 693791.556715999962762, 4546750.593178000301123 ], [ 693850.614486000034958, 4546754.188252000138164 ], [ 693884.507154, 4546783.537728000432253 ], [ 694043.815979999955744, 4546775.555335000157356 ], [ 694139.078033, 4546721.194646 ], [ 694314.209871000028215, 4546731.924433000385761 ], [ 694442.081495000049472, 4546755.636423000134528 ], [ 694512.506123999948613, 4546792.046667999587953 ], [ 694674.166441999957897, 4546849.167991999536753 ], [ 694823.217718999949284, 4546920.178808 ], [ 694895.078874, 4546978.984790000133216 ], [ 694944.263950000051409, 4546970.138380000367761 ], [ 695012.336970999953337, 4546941.47439800016582 ], [ 695080.19926000002306, 4546993.098694999702275 ], [ 695084.304679000051692, 4546996.218847 ], [ 695147.437018999946304, 4546999.921873999759555 ], [ 695231.928204, 4546974.419130000285804 ], [ 695233.803976999945007, 4546973.780271999537945 ], [ 695317.200854999944568, 4546982.102114000357687 ], [ 695517.650770999956876, 4546961.027436000294983 ], [ 695679.18225099996198, 4546869.846490000374615 ], [ 695715.733235000050627, 4546799.705918 ], [ 695804.573186, 4546757.37141100037843 ], [ 695882.079125000047497, 4546757.409453 ], [ 695960.378580000018701, 4546804.210400000214577 ], [ 696344.173538999981247, 4546792.129103999584913 ], [ 696425.42415900004562, 4546737.188339999876916 ], [ 696547.865155, 4546726.472097000107169 ], [ 696657.846465999959037, 4546808.661378 ], [ 696831.622455999953672, 4546800.960881000384688 ], [ 697055.298961999942549, 4546723.610849999822676 ], [ 697214.820720999967307, 4546733.123739000409842 ], [ 697228.151088000042364, 4546671.286572 ], [ 697374.563493, 4546171.883228000253439 ], [ 697359.015843000030145, 4546047.950501999817789 ], [ 697403.424256999976933, 4546006.649077 ], [ 697427.124378000036813, 4546002.143244000151753 ], [ 697535.333952000015415, 4545998.792175999842584 ], [ 697663.927948000025935, 4545982.893167000263929 ], [ 697861.802078000037, 4545891.037530000321567 ], [ 698006.844786999979988, 4545853.656351 ], [ 698398.972640000050887, 4545710.667318000458181 ], [ 698513.562159999972209, 4546061.238616 ], [ 698742.007569, 4546207.99900500010699 ], [ 698810.120398, 4546324.851118000224233 ], [ 698673.323797, 4546614.548269 ], [ 698425.46525400003884, 4546761.491608000360429 ], [ 698278.645639, 4546953.995617000386119 ], [ 698224.549475, 4547163.753468000330031 ], [ 698335.881432999973185, 4547547.522735999897122 ], [ 698487.947006999980658, 4547821.681865000165999 ], [ 698748.615752000012435, 4548175.675718000158668 ], [ 698174.356204999960028, 4548167.650522000156343 ], [ 697952.815692999982275, 4548128.706801 ], [ 697813.989742, 4548028.75117199961096 ], [ 697744.503557999967597, 4547906.193431000225246 ], [ 697665.32467700005509, 4547840.438230000436306 ], [ 697594.359084, 4547831.502051999792457 ], [ 697449.16964800003916, 4547858.996708 ], [ 697274.939567000023089, 4547895.655913 ], [ 697137.861945000011474, 4547960.27264 ], [ 696975.235109, 4548169.817436999641359 ], [ 696975.845424999948591, 4548281.282125 ], [ 697023.094998999964446, 4548402.989508000202477 ], [ 697135.78772200003732, 4548506.681882999837399 ], [ 697220.694400000036694, 4548570.074879 ], [ 697344.534800000023097, 4548661.494006000459194 ], [ 697402.147345999954268, 4548733.142298 ], [ 697414.299264000030234, 4548817.953605 ], [ 697341.976369000039995, 4549024.50288899987936 ], [ 697277.172446000040509, 4549085.664157999679446 ], [ 697199.365016, 4549089.879258999601007 ], [ 697119.024176000035368, 4549072.950526 ], [ 696872.927355000050738, 4548954.059960000216961 ], [ 696769.265038999961689, 4548911.565498 ], [ 696711.770165, 4548913.331845999695361 ], [ 696673.403876999975182, 4548925.467214000411332 ], [ 696640.462899000034668, 4548953.825148000381887 ], [ 696619.286440000054426, 4548985.598853000439703 ], [ 696601.841716, 4549043.748807 ], [ 696557.786971000023186, 4549201.122242 ], [ 696424.022212999989279, 4549479.71382899954915 ], [ 696509.201215, 4549667.109159000217915 ], [ 696503.620761999976821, 4549740.643365000374615 ], [ 696526.474266999983229, 4549762.821995999664068 ], [ 696573.125025999965146, 4550175.625132 ], [ 696583.476945, 4550260.36428099963814 ], [ 696564.063823999953456, 4550378.446383000351489 ], [ 696537.188547999947332, 4550438.820789 ], [ 696496.380018000025302, 4550480.855738 ], [ 696464.191854999982752, 4550537.49909 ], [ 696434.837201999966055, 4550622.961159000173211 ], [ 696413.83125199994538, 4550666.427895000204444 ], [ 696380.211565, 4550687.179937000386417 ], [ 696405.033654000028037, 4550725.487925999797881 ], [ 696453.857474999967963, 4550754.651949999853969 ], [ 696490.769577000057325, 4550790.684957000426948 ], [ 696531.291899999952875, 4550860.057420000433922 ], [ 696582.170762000023387, 4550846.146997 ], [ 696644.333955000038259, 4550848.71683800034225 ], [ 696653.534162000054494, 4550808.533257000148296 ], [ 696704.950561000034213, 4550808.115022 ], [ 696716.186224999953993, 4550826.393640999682248 ], [ 696764.688738, 4550833.98589999973774 ], [ 696808.970088999951258, 4550830.676760000176728 ], [ 696860.434487, 4550828.472136000171304 ], [ 696897.89465300005395, 4550810.614276999607682 ], [ 696981.839127999963239, 4550841.615709999576211 ], [ 697127.534531999961473, 4550890.468991000205278 ], [ 697234.28469, 4550945.453022999688983 ], [ 697346.114198000053875, 4551106.925157999619842 ], [ 697424.750884999986738, 4551173.397986999712884 ], [ 697476.347927000024356, 4551233.186835000291467 ], [ 697530.262419000035152, 4551312.970892 ], [ 697643.965646, 4551204.480267999693751 ], [ 697665.983483999967575, 4551190.697936000302434 ], [ 697812.421576999942772, 4551244.963120999746025 ], [ 697915.245525000034831, 4551244.598922000266612 ], [ 697988.807793000014499, 4551292.40860699955374 ], [ 698087.715460999985225, 4551353.482262999750674 ], [ 698162.600495000020601, 4551352.365406 ], [ 698191.906463, 4551352.25908499956131 ], [ 698235.999399999971502, 4551356.153256 ], [ 698307.21883499994874, 4551390.425752 ], [ 698325.13019199995324, 4551411.57682800013572 ], [ 698301.337339999969117, 4551457.640896 ], [ 698364.719398000044748, 4551431.515635999850929 ], [ 698410.416798, 4551409.388952 ], [ 698471.183319999952801, 4551396.670794 ], [ 698480.138504000031389, 4551415.779462000355124 ], [ 698514.780833999975584, 4551418.507950999774039 ], [ 698525.258705000043847, 4551431.369393999688327 ], [ 698556.903743, 4551444.805165000259876 ], [ 698628.601569000049494, 4551444.962132999673486 ], [ 698669.542632000055164, 4551415.074927999638021 ], [ 698759.547250999952666, 4551401.986354 ], [ 698797.159895000047982, 4551381.708986000157893 ], [ 698821.131866000010632, 4551362.594448000192642 ], [ 698849.25041700003203, 4551339.992809999734163 ], [ 698884.779527000035159, 4551310.415201 ], [ 698940.877234000014141, 4551253.986940000206232 ], [ 699005.835793999955058, 4551219.821287999860942 ], [ 699065.497422000044025, 4551198.078228999860585 ], [ 699110.060825999942608, 4551201.090458 ], [ 699178.213815000024624, 4551232.143818999640644 ], [ 699234.220667000045069, 4551278.588751999661326 ], [ 699305.686391999945045, 4551320.06649100035429 ], [ 699335.963407999952324, 4551350.989950999617577 ], [ 699359.605636999942362, 4551393.410121000371873 ], [ 699405.538302000029944, 4551428.804719000123441 ], [ 699447.462939, 4551470.601254000328481 ], [ 699493.481434999965131, 4551519.464959999546409 ], [ 699511.603583000018261, 4551541.080458000302315 ], [ 699531.630263000028208, 4551567.447764 ], [ 699563.285834999987856, 4551597.065496999770403 ], [ 699600.791898999945261, 4551627.287398999556899 ], [ 699672.088781, 4551658.431512 ], [ 699770.214686000021175, 4551697.941846 ], [ 699829.891299, 4551725.170466000214219 ], [ 699874.210012000054121, 4551753.335573 ], [ 699898.481565000023693, 4551772.864645999856293 ], [ 699946.635431000031531, 4551825.845289999619126 ], [ 699982.112331000040285, 4551864.091388000175357 ], [ 700016.322169000050053, 4551899.169814 ], [ 700054.073906, 4551936.578526999801397 ], [ 700098.312272000010125, 4551984.508975000120699 ], [ 700142.125152, 4552031.072576999664307 ], [ 700176.121865, 4552057.601847999729216 ], [ 700205.878149, 4552074.137782 ], [ 700246.897377999965101, 4552090.982103000395 ], [ 700281.347818, 4552100.913712999783456 ], [ 700330.680918999947608, 4552110.341904000379145 ], [ 700417.90230800001882, 4552103.29763 ], [ 700518.050657000043429, 4552084.931212999857962 ], [ 700637.687036999966949, 4552063.056195000186563 ], [ 700807.305964000057429, 4552027.288468999788165 ], [ 700944.601723000057973, 4552002.758677000179887 ], [ 701098.10104700003285, 4551979.576720000244677 ], [ 701180.26277300005313, 4551975.991112999618053 ], [ 701356.191408999962732, 4551957.031158999539912 ], [ 701492.72594300005585, 4551945.334671 ], [ 701596.699228000012226, 4551997.953339000232518 ], [ 701727.954448999953456, 4552236.255849 ], [ 701717.831232000025921, 4552474.750397000461817 ], [ 701661.767471999977715, 4552636.424088999629021 ], [ 701546.880625, 4552622.135762999765575 ], [ 701411.370742000057362, 4552643.158493 ], [ 701071.537132999976166, 4552863.726588999852538 ], [ 700831.546771000023, 4552940.253572000190616 ], [ 700736.404331999947317, 4553172.847203000448644 ], [ 700619.432869000011124, 4553295.201217000372708 ], [ 700460.578680000035092, 4553336.688588 ], [ 700403.441630000015721, 4553374.06608400028199 ], [ 700348.841232000035234, 4553413.046775000169873 ], [ 700294.009596999967471, 4553460.799042000435293 ], [ 700240.689934000023641, 4553510.13747899979353 ], [ 700219.286317000049166, 4553581.327215 ], [ 700132.849600999965332, 4553561.272776000201702 ], [ 700046.93563299998641, 4553587.221222000196576 ], [ 700040.259773000027053, 4553760.91128300037235 ], [ 700004.572170999948867, 4553854.254540000110865 ], [ 700034.867876, 4553963.535675000399351 ], [ 699976.220708, 4554030.88501700013876 ], [ 699922.98279299994465, 4554263.37782 ], [ 699908.950209000031464, 4554339.28077 ], [ 699852.636197000043467, 4554526.135603000409901 ], [ 699833.987989000044763, 4554753.708029 ], [ 699811.522951000020839, 4554926.366663999855518 ], [ 699655.083416, 4555130.707968999631703 ], [ 699556.724607000011019, 4555158.076538999564946 ], [ 699332.673414999968372, 4555325.768313 ], [ 699185.240273999981582, 4555439.655992000363767 ], [ 698930.133592, 4555293.035013999789953 ], [ 698794.558107999968342, 4555123.163510999642313 ], [ 698698.220171, 4555076.345660000108182 ], [ 698348.987191000021994, 4555303.561769999563694 ], [ 698146.287056999979541, 4555165.624842000193894 ], [ 698097.063490999978967, 4555119.392527 ], [ 698082.302446000045165, 4555065.117050999775529 ], [ 697991.985825999989174, 4555005.205925 ], [ 697740.445135000045411, 4554840.348603 ], [ 697663.413239000015892, 4554755.646917000412941 ], [ 697610.135234000044875, 4554659.022181999869645 ], [ 697550.925913000013679, 4554648.444543999619782 ], [ 697438.835011000046507, 4554593.330005000345409 ], [ 697329.379833000013605, 4554640.661004999652505 ], [ 697264.763092000037432, 4554629.939752999693155 ], [ 697209.010123000014573, 4554624.835691999644041 ], [ 697148.100115000037476, 4554610.626783999614418 ], [ 697077.253417000058107, 4554630.270926999859512 ], [ 697014.344842000049539, 4554623.186660000123084 ], [ 696959.026696000015363, 4554601.941549999639392 ], [ 696887.012334999977611, 4554598.201766000129282 ], [ 696820.549940000055358, 4554589.223578000441194 ], [ 696763.280982999945991, 4554573.316065000370145 ], [ 696706.406465, 4554543.053770000115037 ], [ 696623.336157000041567, 4554547.99641100037843 ], [ 696425.791175000020303, 4554519.342833999544382 ], [ 696365.229854000033811, 4554559.024545 ], [ 696244.76113, 4554546.812411 ], [ 696121.027388000045903, 4554521.937683000229299 ], [ 696014.04342, 4554477.75985199958086 ], [ 695890.23595700005535, 4554455.575887000188231 ], [ 695757.685802, 4554490.645141 ], [ 695608.996510999975726, 4554522.585039 ], [ 695458.839582000044174, 4554541.911697999574244 ], [ 695290.874255000031553, 4554485.337444 ], [ 695212.014768, 4554400.614753000438213 ], [ 695174.19697599997744, 4554331.365344 ], [ 695112.913712, 4554263.267573 ], [ 695046.33019999996759, 4554224.671338999643922 ], [ 694983.069249000051059, 4554196.941370000131428 ], [ 694965.018996999948286, 4554180.316724999807775 ], [ 694944.43803099996876, 4554179.190201000310481 ], [ 694931.493601999944076, 4554157.624374000355601 ], [ 694920.923908, 4554127.033649999648333 ], [ 694896.455840999959037, 4554131.769879000261426 ], [ 694876.185686000040732, 4554148.295008 ], [ 694850.795341999968514, 4554153.90673500020057 ], [ 694802.409449000027962, 4554142.740336 ], [ 694771.024288999964483, 4554136.515693999826908 ], [ 694723.330041000037454, 4554133.44544 ], [ 694679.008413000032306, 4554105.322718 ], [ 694637.668413999956101, 4554066.502684 ], [ 694615.69833100005053, 4554045.263851 ], [ 694601.290799999958836, 4554010.749599000439048 ], [ 694602.293990000034682, 4553973.056904999539256 ], [ 694585.459585999953561, 4553961.843020999804139 ], [ 694575.584660000051372, 4553926.549534999765456 ], [ 694526.70431900001131, 4553900.106412 ], [ 694496.383538999943994, 4553887.622933000326157 ], [ 694450.134973000036553, 4553863.939043000340462 ], [ 694405.643605, 4553842.102044000290334 ], [ 694366.885436999960802, 4553841.971618000417948 ], [ 694317.829213000019081, 4553855.933271000161767 ], [ 694257.870673, 4553856.139978 ], [ 694218.536198999965563, 4553843.862638999707997 ], [ 694185.880956999957561, 4553834.462684 ], [ 694153.432179, 4553834.056539 ], [ 694081.191807999974117, 4553821.806233 ], [ 694050.773719000048004, 4553795.856493 ], [ 694010.075825999956578, 4553749.43576299957931 ], [ 693976.046466000028886, 4553732.578704000450671 ], [ 693942.896597999962978, 4553707.901332000270486 ], [ 693904.863248000037856, 4553671.862206 ], [ 693869.079615999944508, 4553635.894058000296354 ], [ 693838.626778000034392, 4553636.875502999871969 ], [ 693809.948561999946833, 4553630.504716999828815 ], [ 693783.346759999985807, 4553613.634385 ], [ 693769.512683999957517, 4553599.791132000274956 ], [ 693762.056707000010647, 4553591.960865999571979 ], [ 693756.817743, 4553585.766998000442982 ], [ 693753.325862, 4553581.185960000380874 ], [ 693754.596249000052921, 4553576.053380999714136 ], [ 693751.3310820000479, 4553571.478352 ], [ 693747.775592, 4553561.051672000437975 ], [ 693747.739188999985345, 4553553.862414999864995 ], [ 693743.690986, 4553545.222535000182688 ], [ 693738.879367999965325, 4553539.706616000272334 ], [ 693739.984703999944031, 4553526.84808100014925 ], [ 693722.53203600004781, 4553527.152327000163496 ], [ 693707.037513999966905, 4553533.474651999771595 ], [ 693692.417688000015914, 4553540.720100999809802 ], [ 693660.201918, 4553531.789775 ], [ 693654.705779999960214, 4553518.167576 ], [ 693634.492658999981359, 4553498.32283900026232 ], [ 693623.220059999963269, 4553498.479882 ], [ 693603.412923999945633, 4553480.434727 ], [ 693585.028461999958381, 4553459.749741000123322 ], [ 693572.653661999967881, 4553450.43404300045222 ], [ 693543.778547000023536, 4553451.469630000181496 ], [ 693516.664893000037409, 4553453.896272 ], [ 693496.895156000042334, 4553451.57330199982971 ], [ 693477.736418999964371, 4553442.98931 ], [ 693450.884157, 4553435.535067999735475 ], [ 693436.557686000014655, 4553432.01192899979651 ], [ 693424.864690999966115, 4553413.748633 ], [ 693422.166773000033572, 4553396.61207399982959 ], [ 693404.146307999966666, 4553396.135478000156581 ], [ 693342.435035999980755, 4553394.503704000264406 ], [ 693319.196639999980107, 4553386.701103 ], [ 693282.013706999947317, 4553378.085614000447094 ], [ 693249.921790999942459, 4553381.281604000367224 ], [ 693233.573604000033811, 4553368.717348 ], [ 693166.593526000040583, 4553344.494280000217259 ], [ 693112.981643000035547, 4553343.533920999616385 ], [ 693075.175719000049867, 4553324.126238999888301 ], [ 693049.016244999947958, 4553324.779981000348926 ], [ 692989.717339999973774, 4553299.861437000334263 ], [ 692967.605317999958061, 4553300.622283999808133 ], [ 692945.517956999945454, 4553334.847501999698579 ], [ 692927.327536000055261, 4553349.410694000311196 ], [ 692905.103951000026427, 4553346.124696999788284 ], [ 692904.462156999972649, 4553319.16575700044632 ], [ 692880.93180499994196, 4553305.524082999676466 ], [ 692860.194020999944769, 4553288.589772 ], [ 692834.308145000017248, 4553269.942148 ], [ 692800.959241, 4553261.208064000122249 ], [ 692794.790863999980502, 4553238.591946999542415 ], [ 692784.728828000021167, 4553210.029292000457644 ], [ 692762.202949000056833, 4553192.370441 ], [ 692710.22925800003577, 4553214.354166000150144 ], [ 692704.545792000018992, 4553259.111382000148296 ], [ 692672.848104999982752, 4553298.694721000269055 ], [ 692607.940647999988869, 4553367.034044000320137 ], [ 692499.931479000020772, 4553462.980937999673188 ], [ 692468.377456999965943, 4553497.180452999658883 ], [ 692407.581427, 4553580.894795999862254 ], [ 692361.824662000057288, 4553640.763020000420511 ], [ 692317.408727, 4553684.501617000438273 ], [ 692232.893443000037223, 4553710.121132000349462 ], [ 692190.511691999970935, 4553744.925878000445664 ], [ 692165.242908000014722, 4553780.180559 ], [ 692124.304923000046983, 4553828.500076999887824 ], [ 691989.182883, 4553893.21104499977082 ], [ 691923.577074000029825, 4553954.349267999641597 ], [ 691848.374201999977231, 4554037.689555999822915 ], [ 691789.286222000024281, 4554115.342714999802411 ], [ 691817.233735000016168, 4553987.477373999543488 ], [ 691774.529260999988765, 4553931.573686 ], [ 691748.818502999958582, 4553880.615472 ], [ 691672.974732000031509, 4553816.655326999723911 ], [ 691595.681699999957345, 4553773.322672000154853 ], [ 691534.583361999946646, 4553662.155299000442028 ], [ 691479.169642, 4553690.65657200012356 ], [ 691461.624098, 4553625.225980999879539 ], [ 691459.892316999961622, 4553588.351053999736905 ], [ 691465.943902999977581, 4553529.237758000381291 ], [ 691448.877605000045151, 4553527.002232999540865 ], [ 691465.891319000045769, 4553496.906343 ], [ 691442.98034699994605, 4553476.552981000393629 ], [ 691406.129730000044219, 4553437.870008000172675 ], [ 691306.698302999953739, 4553447.844685999676585 ], [ 691242.825163000030443, 4553408.444625999778509 ], [ 691210.279501999961212, 4553342.933671000413597 ], [ 691184.305796999949962, 4553232.688295000232756 ], [ 691180.83019999996759, 4553158.949602999724448 ], [ 691168.05406, 4553095.744466999545693 ], [ 691149.878020999953151, 4553032.398244 ], [ 691127.996640000026673, 4552972.554883999750018 ], [ 691127.747623999952339, 4552913.265755999833345 ], [ 691164.424479000037536, 4552820.823005000129342 ], [ 691228.10343500005547, 4552729.975069000385702 ], [ 691298.409089999971911, 4552730.913529999554157 ], [ 691306.328591999947093, 4552682.270211 ], [ 691276.781349999946542, 4552557.888266 ], [ 691308.919968000031076, 4552501.245861999690533 ], [ 691330.002253000042401, 4552441.281372999772429 ], [ 691350.602015999960713, 4552338.408808999694884 ], [ 691361.679473, 4552259.662418999709189 ], [ 691370.769221000024118, 4552153.455815999768674 ], [ 691361.673256000038236, 4552104.711883 ], [ 691420.269657999975607, 4551984.535338000394404 ], [ 691501.282535, 4551834.837892999872565 ], [ 691502.674637999967672, 4551816.009635999798775 ], [ 691496.860405000043102, 4551796.992769000120461 ], [ 691496.349337000050582, 4551782.158723999746144 ], [ 691497.623742999974638, 4551767.826915999874473 ], [ 691503.662648000055924, 4551761.241232000291348 ], [ 691502.928420000011101, 4551754.93378399964422 ], [ 691493.58008600003086, 4551750.2007 ], [ 691473.457604, 4551743.830260000191629 ], [ 691443.963176000048406, 4551733.62614700011909 ], [ 691415.481202999944799, 4551719.41573700029403 ], [ 691396.394914999953471, 4551708.128704000264406 ], [ 691386.034548999974504, 4551690.348446999676526 ], [ 691367.144420000026003, 4551636.848884000442922 ], [ 691362.181335999979638, 4551619.654229000210762 ], [ 691362.11189599998761, 4551605.276161000132561 ], [ 691363.073591000051238, 4551585.536744000390172 ], [ 691368.881652000010945, 4551570.423593999817967 ], [ 691378.246269, 4551557.192165999673307 ], [ 691396.080093999975361, 4551530.261521000415087 ], [ 691407.880504, 4551510.350106 ], [ 691420.223165999981575, 4551486.419986999593675 ], [ 691426.458732999977656, 4551437.621626 ], [ 691419.326755000045523, 4551417.22609 ], [ 691413.887696000048891, 4551383.842895999550819 ], [ 691412.142544999951497, 4551347.412221999838948 ], [ 691415.202669000020251, 4551333.571522999554873 ], [ 691420.964236999978311, 4551320.245885999873281 ], [ 691431.517176999943331, 4551313.333812000229955 ], [ 691449.112558000022545, 4551312.89421399962157 ], [ 691505.296035, 4551285.178484000265598 ], [ 691516.267529999953695, 4551279.621779999695718 ], [ 691520.235027999966405, 4551265.80485999956727 ], [ 691521.732924000010826, 4551242.935367000289261 ], [ 691516.195663, 4551230.6584 ], [ 691515.407276000012644, 4551209.073378000408411 ], [ 691503.195797999971546, 4551158.903529999777675 ], [ 691483.917281999951228, 4551120.214235000312328 ], [ 691460.16393399995286, 4551062.998781999573112 ], [ 691411.270142999943346, 4551018.591093 ], [ 691373.760510000050999, 4551004.589327 ], [ 691314.644761999952607, 4550989.111914999783039 ], [ 691279.863098999951035, 4550974.282057999633253 ], [ 691270.068694000015967, 4550969.526565000414848 ], [ 691266.257860000012442, 4550959.994657999835908 ], [ 691266.878887000028044, 4550953.278281999751925 ], [ 691269.736292000045069, 4550947.509145 ], [ 691279.40239299996756, 4550940.129259999841452 ], [ 691304.338711000047624, 4550917.427991 ], [ 691327.791303999954835, 4550883.000381000339985 ], [ 691329.539072999963537, 4550833.184778000228107 ], [ 691304.233886, 4550680.239776000380516 ], [ 691293.977544000023045, 4550658.407386000268161 ], [ 691283.635529999970458, 4550640.172386 ], [ 691282.392625999986194, 4550618.575578999705613 ], [ 691288.65896100003738, 4550585.942901999689639 ], [ 691298.212263999972492, 4550565.528149999678135 ], [ 691331.722288000048138, 4550525.530662000179291 ], [ 691418.744136000052094, 4550491.420896999537945 ], [ 691447.349190999986604, 4550484.08098 ], [ 691467.538544000010006, 4550470.677217000164092 ], [ 691477.779912000056356, 4550458.368683 ], [ 691483.659479000023566, 4550440.557745999656618 ], [ 691481.052967000054196, 4550419.369606000371277 ], [ 691477.907108000013977, 4550401.766973 ], [ 691475.972880000015721, 4550389.584347000345588 ], [ 691465.548683000029996, 4550374.491050999611616 ], [ 691426.292755999951623, 4550340.667903999798 ], [ 691387.662798000033945, 4550300.573149000294507 ], [ 691315.856523999944329, 4550269.954807999543846 ], [ 691259.568750999984331, 4550249.608230999670923 ], [ 691205.511983999982476, 4550212.711093000136316 ], [ 691185.979237, 4550200.968837999738753 ], [ 691172.747049, 4550189.391173999756575 ], [ 691154.856281999964267, 4550183.980083 ], [ 691131.582025000010617, 4550177.084181999787688 ], [ 691098.754761000047438, 4550173.527466 ], [ 691046.733896999969147, 4550162.29299 ], [ 691033.705624999944121, 4550160.608703999780118 ], [ 691023.45629999996163, 4550155.841751 ], [ 691016.892628, 4550148.037999000400305 ], [ 691010.923376000020653, 4550134.850366 ], [ 691005.771017999970354, 4550124.828148 ], [ 691003.065615999978036, 4550107.692800999619067 ], [ 691000.761961000040174, 4550074.836365000344813 ], [ 690995.096976, 4550032.904354999773204 ], [ 690986.217411000048742, 4549975.62354 ], [ 690972.299331999965943, 4549921.344298999756575 ], [ 690952.033402999979444, 4549885.775186000391841 ], [ 690926.954446000047028, 4549844.236840999685228 ], [ 690915.444940999965183, 4549818.783987999893725 ], [ 690889.683249, 4549803.736106 ], [ 690859.890545999980532, 4549787.22783499956131 ], [ 690834.699216000037268, 4549767.70665100030601 ], [ 690817.266681, 4549744.343789 ], [ 690816.695738999987952, 4549610.444185 ], [ 690818.633429000037722, 4549588.030582999810576 ], [ 690817.455850000027567, 4549564.180393000133336 ], [ 690807.116947000031359, 4549527.970625 ], [ 690798.426381999976002, 4549515.612215000204742 ], [ 690776.876656000036746, 4549494.386405000463128 ], [ 690761.40243100002408, 4549482.306804000400007 ], [ 690737.64531499997247, 4549476.744028000161052 ], [ 690721.410202999948524, 4549476.76552200037986 ], [ 690699.658903999952599, 4549480.698473 ], [ 690680.484582999954, 4549489.631358000449836 ], [ 690667.072554999962449, 4549502.313923000358045 ], [ 690657.460585, 4549507.89629099983722 ], [ 690650.146795999957249, 4549511.749828999862075 ], [ 690639.395508000045083, 4549508.781318999826908 ], [ 690632.362401, 4549501.854543000459671 ], [ 690628.678455000044778, 4549487.382520000450313 ], [ 690627.339489000034519, 4549469.383077999576926 ], [ 690627.013390999985859, 4549447.354921 ], [ 690619.993875000043772, 4549422.463936000131071 ], [ 690609.076695000054315, 4549391.627733999863267 ], [ 690594.441468999953941, 4549364.73875099979341 ], [ 690558.77842700004112, 4549348.534568999893963 ], [ 690540.117916999966837, 4549337.716846000403166 ], [ 690515.0892580000218, 4549328.97766700014472 ], [ 690503.298862, 4549331.359489000402391 ], [ 690486.05905200005509, 4549335.410464 ], [ 690471.027881999965757, 4549340.852106000296772 ], [ 690461.857441999949515, 4549346.912829999811947 ], [ 690450.337110999971628, 4549356.045408999547362 ], [ 690427.675118000013754, 4549360.399883000180125 ], [ 690410.098657, 4549359.942807000130415 ], [ 690398.084770999965258, 4549353.786655000410974 ], [ 690384.931472999975085, 4549339.068574000149965 ], [ 690376.216596000012942, 4549327.609985999763012 ], [ 690358.654805999947712, 4549291.657626000232995 ], [ 690350.316711000050418, 4549265.377297 ], [ 690341.569155000033788, 4549210.534175000153482 ], [ 690300.632556000025943, 4549181.418000999838114 ], [ 690254.85446599998977, 4549138.000207999721169 ], [ 690229.091543999966234, 4549087.903505000285804 ], [ 690211.571967000025325, 4548998.481336999684572 ], [ 690201.961667999974452, 4548916.908187 ], [ 690194.914560999954119, 4548875.841205 ], [ 690189.118603999959305, 4548838.395185000263155 ], [ 690181.64000799995847, 4548813.937238999642432 ], [ 690156.270486, 4548766.106417999602854 ], [ 690128.556725000031292, 4548704.272099000401795 ], [ 690107.49293199996464, 4548646.665590000338852 ], [ 690092.082678999984637, 4548632.333971999585629 ], [ 690061.090231999987736, 4548609.965613 ], [ 690035.430773, 4548590.424327 ], [ 690004.577954999986105, 4548562.660515000112355 ], [ 689971.415186000056565, 4548519.561037000268698 ], [ 689924.102965999976732, 4548500.369602000340819 ], [ 689879.091749000013806, 4548531.554127999581397 ], [ 689866.695109999971464, 4548557.28508900012821 ], [ 689837.05718, 4548587.079717 ], [ 689797.295511999982409, 4548589.637672999873757 ], [ 689780.255651999963447, 4548620.647764000110328 ], [ 689734.183586, 4548623.053648999892175 ], [ 689681.972060999949463, 4548583.961551999673247 ], [ 689643.846514999982901, 4548523.659505999647081 ], [ 689629.260201000026427, 4548459.923158000223339 ], [ 689622.495507000014186, 4548442.228009999729693 ], [ 689608.49480800004676, 4548425.689825000241399 ], [ 689585.958238000050187, 4548407.575344 ], [ 689568.274347999948077, 4548393.641571000218391 ], [ 689544.373623, 4548393.467423000372946 ], [ 689505.882385, 4548399.215045000426471 ], [ 689452.331845000036992, 4548394.230211 ], [ 689428.732911000028253, 4548382.387958999723196 ], [ 689415.619006, 4548366.328609 ], [ 689400.008598000044003, 4548342.105767999775708 ], [ 689398.468958999961615, 4548331.733946999534965 ], [ 689375.078989999950863, 4548311.798329000361264 ], [ 689353.510947, 4548308.552197 ], [ 689332.071791999973357, 4548317.885621 ], [ 689302.504025000031106, 4548327.453409999608994 ], [ 689279.04512300004717, 4548327.747054000385106 ], [ 689264.362044999958016, 4548337.255254999734461 ], [ 689231.398633999982849, 4548373.465455000288785 ], [ 689209.326267000054941, 4548389.748623999767005 ], [ 689186.919674, 4548410.511527 ], [ 689165.351716, 4548433.318110999651253 ], [ 688974.375513999955729, 4548422.778006999753416 ], [ 688938.334027, 4548420.948335999622941 ], [ 688921.116401999955997, 4548424.103748000226915 ], [ 688901.837651, 4548437.082517 ], [ 688886.715253000031225, 4548463.655624999664724 ], [ 688800.083222000044771, 4548465.010432000271976 ], [ 688779.183077999972738, 4548470.770886999554932 ], [ 688762.633558999979869, 4548482.920463000424206 ], [ 688752.278629999957047, 4548499.729111 ], [ 688739.487486000056379, 4548505.687539 ], [ 688713.184890000033192, 4548511.297849000431597 ], [ 688694.161031999974512, 4548514.407238 ], [ 688679.363588999956846, 4548528.401886999607086 ], [ 688671.506352999946102, 4548553.362785999663174 ], [ 688676.63366000005044, 4548634.372959 ], [ 688683.963928999961354, 4548665.113281999714673 ], [ 688671.73338, 4548684.573342000134289 ], [ 688441.073413999984041, 4548568.994215999729931 ], [ 688412.588522, 4548553.885567000135779 ], [ 688347.72777, 4548480.327134000137448 ], [ 688304.937474000034854, 4548495.402464999817312 ], [ 688287.006241000024602, 4548491.341977000236511 ], [ 688225.701193999964744, 4548454.726634999737144 ], [ 688186.701225999975577, 4548427.661427999846637 ], [ 688155.102762999944389, 4548428.649395000189543 ], [ 688060.999328, 4548439.708534000441432 ], [ 688017.033734999946319, 4548430.492053000256419 ], [ 687972.883701000013389, 4548428.458995999768376 ], [ 687926.281500000040978, 4548416.475782999768853 ], [ 687865.435599999967963, 4548396.950759000144899 ], [ 687838.718117999960668, 4548383.678419999778271 ], [ 687695.434219000046141, 4548342.266223999671638 ], [ 687657.491046000039205, 4548414.983552999794483 ], [ 687637.246503000031225, 4548430.640382999554276 ], [ 687617.039713999954984, 4548444.498487999662757 ], [ 687603.958766, 4548462.138647000305355 ], [ 687585.489603, 4548478.74095300026238 ], [ 687563.645800999947824, 4548486.269275000318885 ], [ 687538.335189, 4548488.320772999897599 ], [ 687519.128330999985337, 4548498.605246 ], [ 687506.093757999944501, 4548514.447006000205874 ], [ 687476.281960999942385, 4548551.434011000208557 ], [ 687454.487390000023879, 4548592.203576999716461 ], [ 687425.667265000054613, 4548625.616657 ], [ 687391.352593000046909, 4548662.488733000122011 ], [ 687342.772382, 4548692.696934999898076 ], [ 687290.464862999971956, 4548727.298359000124037 ], [ 687265.640931, 4548745.538627999834716 ], [ 687241.839531, 4548759.305768 ], [ 687182.323544000042602, 4548793.734725000336766 ], [ 687161.966442, 4548813.878115000203252 ], [ 687134.024843, 4548848.203435 ], [ 687114.153755999985151, 4548884.545893000438809 ], [ 687105.280195, 4548913.970414999872446 ], [ 687095.837153999949805, 4548930.804449000395834 ], [ 687083.542721000034362, 4548952.953753000125289 ], [ 687075.036338999983855, 4548968.012001000344753 ], [ 687069.752912999945693, 4548998.428136000409722 ], [ 687070.170078999944963, 4549017.313818999566138 ], [ 687095.042685, 4549032.32492300029844 ], [ 687118.117167999967933, 4549047.290172000415623 ], [ 687126.466935000033118, 4549073.566413000226021 ], [ 687141.232984, 4549095.507287999615073 ], [ 687177.894802000024356, 4549108.120381000451744 ], [ 687252.453463000012562, 4549190.90376800019294 ], [ 687261.949840000015683, 4549313.351264 ], [ 687191.311383, 4549430.150240000337362 ], [ 687219.526518999948166, 4549526.113485 ], [ 687288.382798, 4549584.477459999732673 ], [ 687231.544057999970391, 4549655.813334000296891 ], [ 687198.584899, 4549674.7343929996714 ], [ 687140.075755, 4549705.57845 ], [ 687111.169429, 4549742.578656 ], [ 687090.182814999949187, 4549751.929801000282168 ], [ 687050.093328000046313, 4549767.980777 ], [ 687020.770620999974199, 4549786.095618999563158 ], [ 687002.122468000045046, 4549809.882433 ], [ 686977.628617999958806, 4549850.584183 ], [ 686964.070064999978058, 4549887.077019000425935 ], [ 686961.400977000012062, 4549921.14835000038147 ], [ 687018.077030000044033, 4549997.174057999625802 ], [ 687052.871848999988288, 4550047.478112 ], [ 687063.948722, 4550072.9130830001086 ], [ 687071.458857, 4550096.468298999592662 ], [ 687076.387203000020236, 4550115.458195 ], [ 687075.928430999978445, 4550133.410555999726057 ], [ 687073.594561, 4550154.014612000435591 ], [ 687065.005863000056706, 4550172.670198 ], [ 687054.588365999981761, 4550192.167822999879718 ], [ 687050.61739100003615, 4550206.44206599984318 ], [ 687049.297075, 4550222.583781999535859 ], [ 687032.593803000054322, 4550241.020948999561369 ], [ 687011.127066000015475, 4550269.223921 ], [ 686980.769963999977335, 4550292.700500999577343 ], [ 686943.265628000022843, 4550313.306161999702454 ], [ 686905.366962000029162, 4550314.138129999861121 ], [ 686889.351915, 4550305.64151499979198 ], [ 686851.302346999989823, 4550276.818661999888718 ], [ 686822.045491000055335, 4550257.208002000115812 ], [ 686748.526637000031769, 4550240.056524000130594 ], [ 686658.087120000040159, 4550179.34733400028199 ], [ 686579.4087039999431, 4550152.189744999632239 ], [ 686486.337020999984816, 4550123.766494000330567 ], [ 686470.595706, 4550104.490536999888718 ], [ 686408.907947, 4550083.155758 ], [ 686357.971389999962412, 4550064.794795 ], [ 686345.673605000018142, 4550051.894743000157177 ], [ 686283.299721000017598, 4550057.495110999792814 ], [ 686243.228353000013158, 4550072.650899999774992 ], [ 686204.963320999988355, 4550087.852842999622226 ], [ 686156.763007999979891, 4550103.691077999770641 ], [ 686108.243128999951296, 4550132.108476 ], [ 686072.16448399994988, 4550132.091203999705613 ], [ 686031.834179, 4550122.078679 ], [ 686015.840363000053912, 4550112.695844000205398 ], [ 685959.08277800003998, 4550110.35398400016129 ], [ 685938.952314, 4550121.518643000163138 ], [ 685926.083502999972552, 4550131.079167 ], [ 685906.030062000034377, 4550139.54628000035882 ], [ 685881.60195499996189, 4550142.525409 ], [ 685876.620523000019602, 4550161.26269599981606 ], [ 685881.756808000034653, 4550172.180351999588311 ], [ 685888.645420999964699, 4550184.931125000119209 ], [ 685902.58215300005395, 4550204.148819000460207 ], [ 685906.591682999976911, 4550224.014286999590695 ], [ 685890.92703799996525, 4550237.0921980002895 ], [ 685870.850806999951601, 4550246.469782000407577 ], [ 685853.380159000051208, 4550259.501911000348628 ], [ 685802.072215999942273, 4550362.416749999858439 ], [ 685714.649051000014879, 4550360.198214 ], [ 685709.750731999985874, 4550375.349361999891698 ], [ 685715.603957999963313, 4550393.461760000325739 ], [ 685735.948744999943301, 4550409.253390000201762 ], [ 685744.552424, 4550425.63588699977845 ], [ 685747.495509000029415, 4550451.762117999605834 ], [ 685750.370101999957114, 4550480.586199999786913 ], [ 685741.617314000031911, 4550505.526883999817073 ], [ 685751.128075000015087, 4550521.932416999712586 ], [ 685766.824835999985225, 4550542.99426900036633 ], [ 685768.937129999976605, 4550566.41096 ], [ 685792.251393000013195, 4550571.490915999747813 ], [ 685794.705434, 4550581.440583 ], [ 685781.518868000013754, 4550603.557984 ], [ 685759.898622, 4550638.048318999819458 ], [ 685747.801471999962814, 4550653.016744 ], [ 685743.665385999949649, 4550673.575275000184774 ], [ 685726.738871, 4550700.985911999829113 ], [ 685703.686051000026055, 4550721.064465000294149 ], [ 685693.830066, 4550754.053736000321805 ], [ 685688.644345000036992, 4550780.873582 ], [ 685712.400937999947928, 4550803.939563999883831 ], [ 685730.924402000033297, 4550820.57379600033164 ], [ 685733.912618999951519, 4550844.912577000446618 ], [ 685751.360857, 4550867.807509999722242 ], [ 685750.878021999960765, 4550922.597981999628246 ], [ 685714.917187000042759, 4550918.097028999589384 ], [ 685671.107899999944493, 4550974.476649000309408 ], [ 685656.343960999976844, 4550987.577811 ], [ 685652.887844000011683, 4551017.130029000341892 ], [ 685637.631417999975383, 4551049.982358999550343 ], [ 685629.687334000016563, 4551078.531991000287235 ], [ 685621.959281999967061, 4551100.554778999648988 ], [ 685612.974000000045635, 4551139.009823 ], [ 685557.506918999948539, 4551170.287054000422359 ], [ 685476.741393, 4551175.049662999808788 ], [ 685481.323207000037655, 4551156.102071999572217 ], [ 685510.904422000050545, 4551121.446242 ], [ 685514.565549000049941, 4551084.778063000179827 ], [ 685528.483988999971189, 4551021.129679 ], [ 685531.370726000051945, 4550961.301009000279009 ], [ 685524.31101199996192, 4550916.18455099966377 ], [ 685514.383069999981672, 4550876.450116000138223 ], [ 685492.157882999978028, 4550836.39291699975729 ], [ 685445.836743999971077, 4550776.672632999718189 ], [ 685435.563552999985404, 4550750.538594 ], [ 685427.916771000018343, 4550728.559364999644458 ], [ 685407.980722, 4550706.26882699970156 ], [ 685376.909427999984473, 4550691.861704999580979 ], [ 685350.100901999976486, 4550670.763735 ], [ 685335.727959000039846, 4550644.526050000451505 ], [ 685330.853756999946199, 4550621.250703999772668 ], [ 685331.267279000021517, 4550604.919293000362813 ], [ 685340.154843, 4550577.915273999795318 ], [ 685345.555230999947526, 4550526.304583 ], [ 685363.330946999951266, 4550472.285481999628246 ], [ 685354.598538000020199, 4550439.380589 ], [ 685337.021320999949239, 4550377.667361999861896 ], [ 685311.021203999989666, 4550270.792494 ], [ 685295.174515999970026, 4550248.605897 ], [ 685282.54879799997434, 4550207.426101 ], [ 685274.943824999965727, 4550184.081721000373363 ], [ 685252.508171000052243, 4550152.196653 ], [ 685239.193157, 4550138.239647 ], [ 685236.945019999984652, 4550119.119114000350237 ], [ 685240.501744, 4550086.525403999723494 ], [ 685236.84970899997279, 4550068.735798999667168 ], [ 685216.738959999987856, 4550053.251555999740958 ], [ 685198.023597000050358, 4550036.43622300028801 ], [ 685182.218958999961615, 4550012.884544 ], [ 685164.976081999950111, 4549992.018315999768674 ], [ 685157.465393000049517, 4549964.588248999789357 ], [ 685148.153440000023693, 4549900.351836999878287 ], [ 685165.427422999986447, 4549757.800419 ], [ 685169.052661000052467, 4549722.486647999845445 ], [ 685170.463910000049509, 4549666.686816000379622 ], [ 685179.179866999969818, 4549646.477188000455499 ], [ 685199.101373999961652, 4549615.652742000296712 ], [ 685194.010701, 4549600.548591 ], [ 685184.89765499997884, 4549582.609810999594629 ], [ 685171.718975999974646, 4549563.212884999811649 ], [ 685157.790436999988742, 4549519.278727999888361 ], [ 685156.716647999943234, 4549489.934049 ], [ 685156.735537, 4549483.535551000386477 ], [ 685154.895095000043511, 4549474.201609999872744 ], [ 685146.047311999951489, 4549455.403078 ], [ 685131.972251, 4549438.527617 ], [ 685116.77674899995327, 4549424.734472 ], [ 685098.507422999944538, 4549409.819380999542773 ], [ 685090.640874000033364, 4549393.100960000418127 ], [ 685089.998420999967493, 4549377.609433 ], [ 685087.385460000019521, 4549357.924320000223815 ], [ 685077.191059999982826, 4549351.478748000226915 ], [ 685069.037330999970436, 4549346.117935 ], [ 685054.797184000024572, 4549335.426366000436246 ], [ 685047.138627000036649, 4549310.470146999694407 ], [ 685040.548184999963269, 4549284.496657 ], [ 685040.053746000048704, 4549262.809884999878705 ], [ 685043.709726999979466, 4549241.227997000329196 ], [ 685050.52654, 4549217.659653999842703 ], [ 685050.943742000032216, 4549201.150643999688327 ], [ 685050.787946, 4549166.063488 ], [ 685049.451124000013806, 4549137.123267999850214 ], [ 685052.117523, 4549113.45004399958998 ], [ 685053.967363000032492, 4549081.501965000294149 ], [ 685064.865857, 4549060.103110999800265 ], [ 685074.78316500002984, 4549036.61314 ], [ 685083.58880400005728, 4549016.194582000374794 ], [ 685085.117780999979004, 4548996.614175000227988 ], [ 685087.792710999958217, 4548972.941176 ], [ 685099.759388, 4548950.536194000393152 ], [ 685106.489879, 4548930.065205999650061 ], [ 685122.833513000048697, 4548898.483501999638975 ], [ 685136.905466999975033, 4548880.275562999770045 ], [ 685143.180883000022732, 4548872.157768 ], [ 685171.327112999977544, 4548824.354988999664783 ], [ 685191.996277999947779, 4548785.650616000406444 ], [ 685211.388765000039712, 4548756.212507000193 ], [ 685231.666879000025801, 4548732.984733999706805 ], [ 685251.21635200001765, 4548697.351683000102639 ], [ 685267.039249000023119, 4548686.398199999704957 ], [ 685274.629730000044219, 4548673.170151 ], [ 685279.241966999950819, 4548654.700927999801934 ], [ 685278.513233999954537, 4548642.295594999566674 ], [ 685290.480966, 4548619.890898000448942 ], [ 685305.810214999946766, 4548587.2507020002231 ], [ 685315.658853000029922, 4548566.85875799972564 ], [ 685308.955841999966651, 4548545.003755999729037 ], [ 685298.00558, 4548527.185087 ], [ 685288.201937000034377, 4548505.251667000353336 ], [ 685282.558127, 4548482.401437000371516 ], [ 685283.05382999998983, 4548462.806022999808192 ], [ 685286.658775000018068, 4548443.278155 ], [ 685287.154484000056982, 4548423.68274199962616 ], [ 685284.410897, 4548409.160109999589622 ], [ 685287.582508999970742, 4548365.880661999806762 ], [ 685293.54131400003098, 4548335.069725000299513 ], [ 685302.504978999961168, 4548308.456367 ], [ 685313.300970999989659, 4548291.176767 ], [ 685323.948673999984749, 4548280.092430000193417 ], [ 685336.68962299998384, 4548268.027904000133276 ], [ 685350.542540999944322, 4548252.892033999785781 ], [ 685370.848504, 4548228.632097000256181 ], [ 685389.157481999951415, 4548201.222163000144064 ], [ 685401.091632000054233, 4548179.84992 ], [ 685416.274012999958359, 4548153.394076 ], [ 685425.003352000028826, 4548136.062304000370204 ], [ 685428.678491999977268, 4548113.447869 ], [ 685432.414327000034973, 4548088.768636000342667 ], [ 685440.473854999989271, 4548073.652897000312805 ], [ 685445.469155999948271, 4548064.325317 ], [ 685455.075390000012703, 4548053.214778999798 ], [ 685467.791070000035688, 4548042.171868000179529 ], [ 685525.583025999949314, 4548010.60726 ], [ 685567.899070000043139, 4547976.57358399964869 ], [ 685584.966510999947786, 4547957.397969 ], [ 685603.041754, 4547939.269983000122011 ], [ 685623.506348000024445, 4547908.815665000118315 ], [ 685634.643199000041932, 4547878.136132 ], [ 685642.339736999943852, 4547860.778407 ], [ 685647.00558200001251, 4547840.244377999566495 ], [ 685658.784285999950953, 4547825.056454 ], [ 685678.633931000018492, 4547778.078192999586463 ], [ 685684.38587, 4547755.505372 ], [ 685682.806885999976657, 4547735.857359999790788 ], [ 685684.136494999984279, 4547724.537310999818146 ], [ 685691.615797, 4547715.428361999802291 ], [ 685714.745940000051633, 4547702.594579 ], [ 685727.567019999958575, 4547687.433171999640763 ], [ 685740.252217, 4547666.024884999729693 ], [ 685724.400761, 4547643.826487000100315 ], [ 685694.824475000030361, 4547624.002032999880612 ], [ 685669.202427000040188, 4547609.732602999545634 ], [ 685655.848814000026323, 4547597.129489 ], [ 685635.930304000037722, 4547573.47290899977088 ], [ 685622.817908999975771, 4547551.344166000373662 ], [ 685599.185976000037044, 4547512.607130999676883 ], [ 685591.570350999943912, 4547489.251259 ], [ 685583.928485000040382, 4547467.261182 ], [ 685574.8394580000313, 4547447.956245999783278 ], [ 685562.484971, 4547395.884983999654651 ], [ 685491.388021999970078, 4547395.440034000203013 ], [ 685428.898136000032537, 4547378.871797 ], [ 685401.568883000058122, 4547378.180197999812663 ], [ 685364.874115000013262, 4547369.086411999538541 ], [ 685287.082260999944992, 4547363.030526 ], [ 685244.787543999962509, 4547359.228187000378966 ], [ 685199.924886, 4547348.562297999858856 ], [ 685160.300707999966107, 4547347.56084099970758 ], [ 685111.027417000033893, 4547349.037588000297546 ], [ 685030.847777000046335, 4547329.304142000153661 ], [ 685052.886535000056028, 4547323.050739999860525 ], [ 685098.153678999980912, 4547317.384170999750495 ], [ 685116.19466299994383, 4547306.941745 ], [ 685119.304324000026099, 4547292.033885000273585 ], [ 685111.316941999946721, 4547283.655654000118375 ], [ 685085.34881, 4547282.999641999602318 ], [ 685087.165684, 4547265.3373419996351 ], [ 685064.031962999957614, 4547260.664793999865651 ], [ 685046.747431, 4547241.153622999787331 ], [ 685057.652011999976821, 4547188.304459 ], [ 685035.440991000039503, 4547201.363505000248551 ], [ 685011.048470000037923, 4547192.582246 ], [ 684993.626283, 4547178.511288000270724 ], [ 684969.543048999970779, 4547157.473349999636412 ], [ 684955.981166000012308, 4547153.04280100017786 ], [ 684939.645073, 4547149.908696999773383 ], [ 684916.55378199997358, 4547143.871272999793291 ], [ 684903.026026000035927, 4547138.086356 ], [ 684889.670252999989316, 4547125.484718999825418 ], [ 684873.780573999974877, 4547104.653872 ], [ 684854.884975999942981, 4547094.634305000305176 ], [ 684826.562629000050947, 4547078.933473000302911 ], [ 684802.341399000026286, 4547063.336187999695539 ], [ 684765.858898999984376, 4547046.074482000432909 ], [ 684750.823809999972582, 4547045.695388000458479 ], [ 684723.210435000015423, 4547055.897396000102162 ], [ 684704.048395000048913, 4547056.769689000211656 ], [ 684680.947970999986865, 4547050.743913000449538 ], [ 684667.351326999953017, 4547047.679480000399053 ], [ 684649.413394000031985, 4547054.037402000278234 ], [ 684576.29211799998302, 4547079.435011000372469 ], [ 684569.219335000030696, 4547088.799685999751091 ], [ 684551.281597999972291, 4547095.157840999774635 ], [ 684513.556340000010096, 4547126.902243999764323 ], [ 684493.983063000021502, 4547144.117498000152409 ], [ 684474.469952999963425, 4547158.612555 ], [ 684468.664653999963775, 4547172.086311000399292 ], [ 684453.353022000053898, 4547180.366045 ], [ 684377.289311000029556, 4547210.157363000325859 ], [ 684341.532404999947175, 4547225.554906999692321 ], [ 684314.99792500003241, 4547231.030781 ], [ 684270.000882999971509, 4547226.310747000388801 ], [ 684235.828382999985479, 4547221.852048000320792 ], [ 684178.578297000029124, 4547202.438086000271142 ], [ 683984.521271000034176, 4547180.843500000424683 ], [ 683959.795378, 4547185.299583000130951 ], [ 683924.826179999974556, 4547193.808980000205338 ], [ 683881.769067000015639, 4547199.904838000424206 ], [ 683839.600064, 4547202.112799 ], [ 683810.614808000042103, 4547194.009133 ], [ 683792.344875999959186, 4547188.174003000371158 ], [ 683740.901527, 4547181.284796999767423 ], [ 683534.853692000033334, 4547211.658940000459552 ], [ 683502.878122000023723, 4547224.566754000261426 ], [ 683477.802755999960937, 4547238.636196999810636 ], [ 683458.65990700002294, 4547246.166558000259101 ], [ 683441.214379000011832, 4547239.308691999875009 ], [ 683283.712431999971159, 4547172.334041000343859 ], [ 683267.554093000013381, 4547168.130559000186622 ], [ 683086.059798000031151, 4547075.487060000188649 ], [ 682789.48693400004413, 4547065.427803999744356 ], [ 682764.628563, 4547071.850893000140786 ], [ 682623.796893000020646, 4547074.593995999544859 ], [ 682597.62519000004977, 4547070.286883999593556 ], [ 682548.970383999985643, 4547084.071820000186563 ], [ 682492.820189, 4547053.067555 ], [ 682470.972704999963753, 4547051.045973000116646 ], [ 682462.387148999958299, 4547052.720718 ], [ 682454.494004999985918, 4547066.777083000168204 ], [ 682444.717484000022523, 4547074.743239999748766 ], [ 682472.790515, 4547090.161760999821126 ], [ 682482.465610999963246, 4547108.554889 ], [ 682460.185022, 4547134.739524999633431 ], [ 682471.461175999953412, 4547183.389124999754131 ], [ 682478.697491999948397, 4547217.651902999728918 ], [ 682468.926816000021063, 4547228.428755999542773 ], [ 682451.952842999948189, 4547223.540233000181615 ], [ 682441.945235, 4547212.42639399971813 ], [ 682440.750152, 4547197.943765999749303 ], [ 682435.751568999956362, 4547187.954474000260234 ], [ 682428.951864999951795, 4547174.987555 ], [ 682410.926549999974668, 4547124.836933 ], [ 682409.962707999977283, 4547110.182329 ], [ 682403.969997999956831, 4547113.099244000390172 ], [ 682399.474686000030488, 4547099.778691000305116 ], [ 682332.355103999958374, 4547172.316583000123501 ], [ 682295.384607000043616, 4547214.721936999820173 ], [ 682250.288963999948464, 4547247.082747000269592 ], [ 682216.008678999962285, 4547267.570604000240564 ], [ 682198.981119, 4547250.294772 ], [ 682203.695859999977984, 4547215.574102000333369 ], [ 682202.799603000050411, 4547199.876977000385523 ], [ 682195.589537999941967, 4547162.815724999643862 ], [ 682175.380216000019573, 4547080.37308800034225 ], [ 682152.923827999969944, 4547050.753618 ], [ 682129.82151200005319, 4547017.341108 ], [ 682085.920217999955639, 4546996.887055000290275 ], [ 682014.915392, 4546983.203033000230789 ], [ 681980.598458, 4546974.674385 ], [ 681948.428822000045329, 4546962.977610000409186 ], [ 681925.305046999943443, 4546948.672760999761522 ], [ 681898.895994000020437, 4546926.798976000398397 ], [ 681850.395641000010073, 4546909.653811000287533 ], [ 681825.327715000021271, 4546904.210462000221014 ], [ 681783.865933, 4546906.381184999831021 ], [ 681741.313096, 4546897.616062000393867 ], [ 681715.146384999970905, 4546889.002004000358284 ], [ 681680.825197000056505, 4546871.798588000237942 ], [ 681655.809827000019141, 4546862.191270999610424 ], [ 681613.572143999976106, 4546834.92718300037086 ], [ 681542.309396, 4546788.458936999551952 ], [ 681501.28498400002718, 4546743.073568000458181 ], [ 681488.163414999959059, 4546733.672576 ], [ 681430.346812000032514, 4546688.527231000363827 ], [ 681366.401082, 4546683.389530999585986 ], [ 681337.927119, 4546671.45376 ], [ 681326.174650999950245, 4546664.486487000249326 ], [ 681278.338693000026979, 4546626.488033999688923 ], [ 681265.361075000022538, 4546620.76808900013566 ], [ 681239.22216, 4546617.433249999769032 ], [ 681229.506730000022799, 4546612.082879999652505 ], [ 681173.561465000035241, 4546575.506534 ], [ 681143.249385999981314, 4546566.45887800026685 ], [ 681118.584993000025861, 4546562.661027000285685 ], [ 681091.192199000041001, 4546565.816677999682724 ], [ 681062.066542000044137, 4546568.65189400035888 ], [ 681036.412573999958113, 4546570.528745000250638 ], [ 681016.688059999956749, 4546566.253387000411749 ], [ 680904.365557000041008, 4546533.641390999779105 ], [ 680859.179381, 4546466.872564 ], [ 680554.319846999947913, 4546497.759077999740839 ], [ 680510.897659, 4546470.550285000354052 ], [ 680505.656055000028573, 4546459.034598999656737 ], [ 680512.153704999946058, 4546434.577387999743223 ], [ 680513.108832999947481, 4546390.676459999755025 ], [ 680512.867611999972723, 4546378.617401000112295 ], [ 680516.551474999985658, 4546369.043421000242233 ], [ 680526.570196000044234, 4546352.893504999577999 ], [ 680530.696043999982066, 4546344.496849000453949 ], [ 680514.744512, 4546280.216879 ], [ 680255.957395000034012, 4546315.572549999691546 ], [ 680219.618364, 4546296.749249000102282 ], [ 680208.592948999954388, 4546292.30123099964112 ], [ 680161.037954000057653, 4546271.980499999597669 ], [ 680128.381655000033788, 4546274.732679000124335 ], [ 680095.515447000041604, 4546272.68083 ], [ 680076.202184999943711, 4546265.996458999812603 ], [ 680068.549572000047192, 4546260.842799999751151 ], [ 680065.763262000051327, 4546249.310039999894798 ], [ 680069.505040999967605, 4546240.437146999873221 ], [ 680083.134092999971472, 4546231.340607999823987 ], [ 680088.315463999984786, 4546225.146994000300765 ], [ 680086.154150999966078, 4546215.218143999576569 ], [ 680074.33678500005044, 4546187.20017599966377 ], [ 680067.041616, 4546177.078553999774158 ], [ 680045.492908000014722, 4546168.262012000195682 ], [ 680032.83368599996902, 4546157.730945000424981 ], [ 680027.404283000039868, 4546150.054700000211596 ], [ 679981.790167000028305, 4546045.155949000269175 ], [ 679977.879364999942482, 4546007.823185999877751 ], [ 679982.679419000050984, 4545994.554929000325501 ], [ 680021.671653000055812, 4545944.811835000291467 ], [ 680023.355366999981925, 4545931.389304 ], [ 680023.462455000029877, 4545913.673375999554992 ], [ 680021.22202800004743, 4545899.765664 ], [ 680011.834385999944061, 4545881.338886000216007 ], [ 680008.761563000036404, 4545828.718751000240445 ], [ 679971.482992999954149, 4545822.004611999727786 ], [ 679935.286546000046656, 4545795.188077 ], [ 679908.481635999982245, 4545778.422402 ], [ 679894.194173000054434, 4545764.97449 ], [ 679866.200036, 4545746.280194000340998 ], [ 679860.190298, 4545725.214875999838114 ], [ 679854.295753999962471, 4545709.051369999535382 ], [ 679847.441586000029929, 4545692.919871999882162 ], [ 679841.753522000042722, 4545682.393604 ], [ 679832.65881699998863, 4545673.594503999687731 ], [ 679788.993312999955378, 4545655.660317 ], [ 679758.675180000020191, 4545696.041542000137269 ], [ 679719.121858000056818, 4545803.004685999825597 ], [ 679715.515567000024021, 4545950.096578000113368 ], [ 679655.489760000025854, 4546088.440286999568343 ], [ 679527.10274300002493, 4546203.036491 ], [ 679451.292835999978706, 4546282.129615999758244 ], [ 679372.970566999982111, 4546363.605883000418544 ], [ 679386.297800999949686, 4546422.797427999787033 ], [ 679367.148229000042193, 4546500.823293000459671 ], [ 679413.785197000019252, 4546607.431545999832451 ], [ 679403.645498999976553, 4546720.015142000280321 ], [ 679319.203726000036113, 4546850.387159000150859 ], [ 679216.070841999957338, 4546876.946909000165761 ], [ 679205.956819999963045, 4546846.939187999814749 ], [ 679199.418021, 4546825.128309999592602 ], [ 679175.050135000026785, 4546788.584517000243068 ], [ 679140.173415999975987, 4546738.842224 ], [ 679111.95360799995251, 4546712.269049 ], [ 679087.128539000055753, 4546694.399341999553144 ], [ 679058.557078000041656, 4546682.203625 ], [ 678975.471359999966808, 4546655.723674000240862 ], [ 678908.629415999981575, 4546614.54447 ], [ 678822.064237999962643, 4546553.46658799983561 ], [ 678798.542956999968737, 4546541.395170000381768 ], [ 678761.445916000055149, 4546523.227256 ], [ 678737.271779999951832, 4546508.262965000234544 ], [ 678706.219657000037841, 4546479.456218999810517 ], [ 678689.856610000017099, 4546469.714813999831676 ], [ 678666.821630000020377, 4546466.998127999715507 ], [ 678659.731662999955006, 4546467.02524400036782 ], [ 678641.556829, 4546467.093208 ], [ 678611.805643000057898, 4546473.566518999636173 ], [ 678569.582285000011325, 4546488.356397000141442 ], [ 678523.535279999952763, 4546511.673715 ], [ 678500.724043000023812, 4546529.814016000367701 ], [ 678483.599987, 4546550.970037999562919 ], [ 678480.46639099996537, 4546558.092156000435352 ], [ 678471.377908000024036, 4546578.721838999539614 ], [ 678459.721621999982744, 4546612.941584000363946 ], [ 678441.108265000046231, 4546636.216509999707341 ], [ 678404.936838999972679, 4546669.139597999863327 ], [ 678378.565196000039577, 4546685.027369 ], [ 678288.140865999972448, 4546728.528021999634802 ], [ 678267.559282999951392, 4546736.992026000283659 ], [ 678242.847809000057168, 4546740.656662999652326 ], [ 678199.720319999963976, 4546729.787738 ], [ 678153.261841000057757, 4546715.838754000142217 ], [ 678145.446986999944784, 4546713.87138899974525 ], [ 678104.416897000046447, 4546878.959757000207901 ], [ 678092.941912999958731, 4546903.730910000391304 ], [ 678074.628340000053868, 4546924.436745 ], [ 678043.494858999969438, 4546951.218603 ], [ 677955.258421999984421, 4547016.693622999824584 ], [ 677911.199808, 4547055.659347999840975 ], [ 677873.659954000031576, 4547097.682915000244975 ], [ 677756.435654000029899, 4547250.41476 ], [ 677734.79198500001803, 4547274.673092000186443 ], [ 677635.609993000049144, 4547416.280208 ], [ 677600.695643999963067, 4547456.968973999843001 ], [ 677566.618765000021085, 4547481.159645999781787 ], [ 677531.31502099998761, 4547498.388949000276625 ], [ 677483.697299, 4547509.899082000367343 ], [ 677356.567369999946095, 4547529.893028999678791 ], [ 677350.394420000026003, 4547550.438950000330806 ], [ 677296.398290000041015, 4547608.740860999561846 ], [ 677107.692515, 4547805.986453000456095 ], [ 677094.056146000046283, 4547812.888488999567926 ], [ 676910.951633000047877, 4547972.904737999662757 ], [ 676921.551223000045866, 4547987.979590999893844 ], [ 676906.78708599996753, 4548015.838832999579608 ], [ 676838.648499, 4548112.771146000362933 ], [ 676809.819132999982685, 4548144.112359999679029 ], [ 676763.870438999962062, 4548227.095335000194609 ], [ 676744.41275100002531, 4548303.519384999759495 ], [ 676742.422697999980301, 4548321.533916000276804 ], [ 676741.721068999962881, 4548342.945438000373542 ], [ 676740.478769000037573, 4548380.840157000347972 ], [ 676736.610681000049226, 4548412.2285390002653 ], [ 676738.215395999955945, 4548453.035757999867201 ], [ 676732.044097000034526, 4548494.166336 ], [ 676716.816013999981806, 4548524.24751800019294 ], [ 676685.307355999946594, 4548563.233831999823451 ], [ 676678.004903999972157, 4548586.796703999862075 ], [ 676671.648909999988973, 4548613.992700999602675 ], [ 676679.14943, 4548646.688455999828875 ], [ 676695.007895000046119, 4548740.994122000411153 ], [ 676678.713922000024468, 4548772.071631000377238 ], [ 676681.324703000020236, 4548792.785474999807775 ], [ 676689.281275999965146, 4548820.504510999657214 ], [ 676708.284375000046566, 4548895.945991000160575 ], [ 676699.770894999965094, 4548942.529939999803901 ], [ 676692.93651399994269, 4548959.594456000253558 ], [ 676711.907524000038393, 4548990.012090999633074 ], [ 676613.453078, 4549137.325092 ], [ 676606.441502999980003, 4549147.809116000309587 ], [ 676640.611757999984547, 4549165.996039999648929 ], [ 676685.470454000052996, 4549173.210242000408471 ], [ 676691.834461000049487, 4549173.541539999656379 ], [ 676694.470101000042632, 4549127.371175999753177 ], [ 676754.428268000017852, 4549088.90502000041306 ], [ 676845.256581999943592, 4549059.105204000137746 ], [ 676880.272634999942966, 4549071.159509999677539 ] ], [ [ 677870.112381999962963, 4549286.16100800037384 ], [ 677890.551302999956533, 4549277.726138999685645 ], [ 677926.922633999958634, 4549280.265044 ], [ 677996.341939999954775, 4549299.637276000343263 ], [ 678033.126013000030071, 4549317.350137 ], [ 678059.555291000055149, 4549327.37965099979192 ], [ 678077.561068000039086, 4549323.251853000372648 ], [ 678087.763613000046462, 4549312.302404999732971 ], [ 678096.072521999944001, 4549272.413146000355482 ], [ 678092.204850999987684, 4549253.434263000264764 ], [ 678092.101023999974132, 4549234.891296000219882 ], [ 678082.457856000051834, 4549214.194519000127912 ], [ 678071.760345999966376, 4549190.183938999660313 ], [ 678053.672838, 4549181.756941 ], [ 678042.641774000017904, 4549168.347117999568582 ], [ 678042.642086999956518, 4549160.382183000445366 ], [ 678061.577939999988303, 4549160.198312999680638 ], [ 678071.179336, 4549155.655049 ], [ 678074.812657000031322, 4549112.719374 ], [ 678086.809796000015922, 4549074.308388999663293 ], [ 678101.43170099996496, 4549048.958447 ], [ 678099.948485999950208, 4549031.826069000177085 ], [ 678128.125130999949761, 4549012.915641999803483 ], [ 678154.723914999980479, 4548999.088045 ], [ 678182.084625000017695, 4548981.590985000133514 ], [ 678201.282572999945842, 4548961.329265999607742 ], [ 678237.127271999954246, 4548923.398853999562562 ], [ 678245.172896999982186, 4548896.7893399996683 ], [ 678264.45481100003235, 4548874.130327999591827 ], [ 678271.905480999965221, 4548852.627475 ], [ 678271.036430999985896, 4548827.200675999745727 ], [ 678254.683350999956019, 4548800.330538 ], [ 678229.549236000049859, 4548772.591323999688029 ], [ 678227.305483, 4548759.77280499972403 ], [ 678213.439152, 4548740.906027999706566 ], [ 678202.922648999956436, 4548711.167600999586284 ], [ 678200.225499000051059, 4548689.684376999735832 ], [ 678194.828700999962166, 4548653.383101999759674 ], [ 678193.71359499997925, 4548629.416701000183821 ], [ 678198.98225200001616, 4548616.047810999676585 ], [ 678222.797797000035644, 4548579.846370000392199 ], [ 678223.775418999954127, 4548569.383537 ], [ 678256.535937999957241, 4548538.732049000449479 ], [ 678275.744027000037022, 4548513.616202999837697 ], [ 678285.169130000052974, 4548490.106301999650896 ], [ 678295.757629, 4548474.756311999633908 ], [ 678301.33724899997469, 4548450.697359000332654 ], [ 678297.910951999947429, 4548442.249087000265718 ], [ 678302.983650999958627, 4548432.452494 ], [ 678310.46401200001128, 4548430.124030999839306 ], [ 678317.165922999964096, 4548423.510876 ], [ 678349.762863000039943, 4548361.984644000418484 ], [ 678384.205398999969475, 4548346.904602999798954 ], [ 678416.286058999947272, 4548334.566581999883056 ], [ 678421.319890000042506, 4548323.613804999738932 ], [ 678399.926549999974668, 4548307.584932000376284 ], [ 678375.945623000035994, 4548294.925704999826849 ], [ 678363.978336, 4548282.63686 ], [ 678351.209068999974988, 4548276.005063000135124 ], [ 678332.611264999955893, 4548275.330064999870956 ], [ 678304.173011000035331, 4548278.259176 ], [ 678297.896221, 4548272.929722 ], [ 678353.989473999943584, 4548254.699596 ], [ 678352.728305, 4548188.405399999581277 ], [ 678404.523862999980338, 4548135.74503600038588 ], [ 678387.216275000013411, 4548194.277479999698699 ], [ 678398.609374, 4548230.491658999584615 ], [ 678444.612166999955662, 4548267.56006 ], [ 678483.466812000027858, 4548301.577429999597371 ], [ 678530.83474900003057, 4548282.602811000309885 ], [ 678646.927675000042655, 4548197.729880999773741 ], [ 678643.090945999952964, 4548177.507272000424564 ], [ 678665.15753800002858, 4548160.071534999646246 ], [ 678674.131688000052236, 4548176.83134900033474 ], [ 678765.378473000018857, 4548193.432405999861658 ], [ 678819.704948000027798, 4548125.739778 ], [ 678829.650552000035532, 4548161.930509 ], [ 678844.813012999948114, 4548191.06127000041306 ], [ 679045.843861000030302, 4548327.122641 ], [ 679194.242377000045963, 4548292.526359000243247 ], [ 679230.186180999968201, 4548261.201414999552071 ], [ 679258.623450999963097, 4548221.239129000343382 ], [ 679276.620092, 4548121.100567 ], [ 679277.010355000034906, 4548016.865221999585629 ], [ 679282.285691999946721, 4547948.697491000406444 ], [ 679277.567897, 4547905.446603000164032 ], [ 679261.48842099995818, 4547854.730306000448763 ], [ 679260.348415000014938, 4547813.011137999594212 ], [ 679248.86195199994836, 4547781.092259 ], [ 679261.649431, 4547759.843006 ], [ 679260.290155000053346, 4547726.738897000439465 ], [ 679250.725450000027195, 4547704.931606999598444 ], [ 679275.19334700005129, 4547707.685428 ], [ 679308.84397699998226, 4547689.10192499961704 ], [ 679382.849323999951594, 4547614.074112 ], [ 679425.834219999960624, 4547538.831528999842703 ], [ 679444.862677, 4547498.317224999889731 ], [ 679457.029655999969691, 4547472.576221000403166 ], [ 679464.181468000053428, 4547446.30136 ], [ 679455.956696999957785, 4547402.064640000462532 ], [ 679478.522206000052392, 4547450.251899999566376 ], [ 679493.625507000018843, 4547470.439995000138879 ], [ 679483.939477000036277, 4547574.069965999573469 ], [ 679470.687096999958158, 4547630.733451000414789 ], [ 679429.577767999959178, 4547680.549243000335991 ], [ 679347.8946, 4547774.173581000417471 ], [ 679340.034040000056848, 4547800.575592 ], [ 679338.8729540000204, 4547848.003926999866962 ], [ 679353.563876, 4547984.946220999583602 ], [ 679357.858703, 4548045.449907000176609 ], [ 679400.406085000024177, 4548134.906763999722898 ], [ 679420.896990000037476, 4548123.18896200042218 ], [ 679421.990370000014082, 4548137.590537000447512 ], [ 679385.046013999963179, 4548172.633778999559581 ], [ 679362.180322999949567, 4548281.340010999701917 ], [ 679367.46025100001134, 4548301.598457000218332 ], [ 679345.577416999964043, 4548311.12718900013715 ], [ 679339.136441000038758, 4548338.28602399956435 ], [ 679347.950632, 4548361.508174000307918 ], [ 679309.499208000022918, 4548369.909246999770403 ], [ 679255.255918, 4548404.529579999856651 ], [ 679235.97437800001353, 4548425.61988199967891 ], [ 679220.409483000054024, 4548413.019330999813974 ], [ 679168.095866000046954, 4548427.558361999690533 ], [ 679156.032276000012644, 4548448.825429 ], [ 679131.470472999964841, 4548449.66881399974227 ], [ 679119.58269199996721, 4548463.752848000265658 ], [ 679122.400503000011668, 4548437.227327999658883 ], [ 679068.604574, 4548423.692235000431538 ], [ 679021.429140000022016, 4548434.758670000359416 ], [ 679011.648323999950662, 4548451.049471000209451 ], [ 678957.460853999946266, 4548428.763024999760091 ], [ 678917.618561999988742, 4548415.669985 ], [ 678853.797910999972373, 4548387.439124000258744 ], [ 678807.097464, 4548355.983098999597132 ], [ 678755.856716, 4548311.086086999624968 ], [ 678697.940875999978743, 4548290.265901000238955 ], [ 678657.388211000012234, 4548306.250811000354588 ], [ 678612.678168999962509, 4548342.752376000396907 ], [ 678571.476109000039287, 4548385.393977000378072 ], [ 678492.978115999954753, 4548410.152646999806166 ], [ 678440.023579000029713, 4548435.545502999797463 ], [ 678397.604719999944791, 4548478.158357 ], [ 678376.808693, 4548532.206787000410259 ], [ 678355.127465000026859, 4548572.903239999897778 ], [ 678309.898083999985829, 4548631.211366999894381 ], [ 678323.882180999964476, 4548660.778891 ], [ 678381.888812000048347, 4548670.878534000366926 ], [ 678439.308816, 4548664.678950999863446 ], [ 678485.107775000040419, 4548633.057523 ], [ 678519.487700000056066, 4548570.842271000146866 ], [ 678558.946697999956086, 4548549.986615999601781 ], [ 678600.803326, 4548580.100997 ], [ 678661.62681100005284, 4548581.584486999548972 ], [ 678705.860160000040196, 4548614.190298999659717 ], [ 678710.015507000032812, 4548643.385518000461161 ], [ 678671.863115999964066, 4548660.650782999582589 ], [ 678616.622909000026993, 4548630.198424000293016 ], [ 678560.643575, 4548630.044241 ], [ 678521.637228999985382, 4548647.86710499972105 ], [ 678491.584044000017457, 4548688.825686999596655 ], [ 678472.383359999977984, 4548724.31673 ], [ 678401.493892000056803, 4548754.060563 ], [ 678392.554255999973975, 4548790.768214999698102 ], [ 678386.010374999954365, 4548828.522908000275493 ], [ 678395.735536, 4548898.30046399962157 ], [ 678383.716278000036255, 4548948.241364000365138 ], [ 678369.632442999980412, 4548976.992073999717832 ], [ 678332.819292000029236, 4548989.425967000424862 ], [ 678268.273350000032224, 4549041.198486000299454 ], [ 678259.939913999987766, 4549083.430946 ], [ 678282.721230000024661, 4549095.882999000139534 ], [ 678256.777555000036955, 4549121.479105000384152 ], [ 678251.513736999942921, 4549147.434254 ], [ 678254.169921000022441, 4549170.582844000309706 ], [ 678275.503918000031263, 4549194.130603999830782 ], [ 678269.548032999970019, 4549238.842644000425935 ], [ 678227.606307000038214, 4549262.072006000205874 ], [ 678218.055061000050046, 4549304.274860000237823 ], [ 678224.087911, 4549356.543839000165462 ], [ 678233.695529000018723, 4549397.324555000290275 ], [ 678235.596909999963827, 4549405.202492999844253 ], [ 678244.074559999979101, 4549401.231982000172138 ], [ 678253.060393000021577, 4549397.79596299957484 ], [ 678263.109095999971032, 4549393.863719999790192 ], [ 678282.037726999958977, 4549391.191921000368893 ], [ 678298.66275899996981, 4549396.817842000164092 ], [ 678308.571711999946274, 4549398.625473000109196 ], [ 678321.889594999956898, 4549389.551817 ], [ 678336.096759999985807, 4549386.765169999562204 ], [ 678349.26191, 4549383.964277000166476 ], [ 678357.976860000053421, 4549391.99711100012064 ], [ 678365.628653, 4549400.537277 ], [ 678378.035967999952845, 4549407.104860999621451 ], [ 678392.124397999956273, 4549409.536539000459015 ], [ 678408.368296999949962, 4549409.410210000351071 ], [ 678426.665960000013001, 4549410.900297 ], [ 678442.973445000010543, 4549408.165039000101388 ], [ 678461.296545000048354, 4549408.61161 ], [ 678469.850639999960549, 4549401.510549999773502 ], [ 678479.192122000036761, 4549404.870915999636054 ], [ 678490.672066000057384, 4549406.717090000398457 ], [ 678503.748478999943472, 4549407.55798 ], [ 678524.09556100005284, 4549411.186719999648631 ], [ 678521.232922, 4549421.025930999778211 ], [ 678522.549501999979839, 4549431.500260000117123 ], [ 678524.234550999943167, 4549448.237800999544561 ], [ 678536.065565000055358, 4549457.402172000147402 ], [ 678541.032572000054643, 4549468.476521000266075 ], [ 678553.422578, 4549476.088219 ], [ 678564.406365999951959, 4549498.273660999722779 ], [ 678569.805085, 4549513.013345000334084 ], [ 678581.640261000022292, 4549521.655789 ], [ 678588.681969000026584, 4549533.82500599976629 ], [ 678589.037377999979071, 4549540.621128000319004 ], [ 678582.951993, 4549554.036493999883533 ], [ 678580.050860999966972, 4549565.452192000113428 ], [ 678581.189404999953695, 4549583.220653000287712 ], [ 678586.575287000043318, 4549598.482156000100076 ], [ 678590.398286000010557, 4549613.716649999842048 ], [ 678601.559929999988526, 4549628.596943000331521 ], [ 678607.970392000046559, 4549644.927683999761939 ], [ 678617.179872, 4549654.02826 ], [ 678628.506898000021465, 4549662.125180000439286 ], [ 678638.034348999965005, 4549658.19185 ], [ 678647.930426000035368, 4549660.510653999634087 ], [ 678655.573192000039853, 4549669.050940999761224 ], [ 678662.263357999967411, 4549673.913205999881029 ], [ 678673.539369, 4549684.097404000349343 ], [ 678684.040798999951221, 4549683.30946800019592 ], [ 678698.349198000039905, 4549676.360225999727845 ], [ 678706.979666, 4549666.128634000197053 ], [ 678727.466068999958225, 4549664.018148999661207 ], [ 678739.377249000011943, 4549669.530054000206292 ], [ 678749.184073999989778, 4549682.044676000252366 ], [ 678772.052443000022322, 4549689.790416999720037 ], [ 678797.802554000052623, 4549697.595498000271618 ], [ 678832.197151000029407, 4549705.611820000223815 ], [ 678854.89043499995023, 4549720.518718999810517 ], [ 678836.173242000048049, 4549720.061493 ], [ 678814.425952999969013, 4549725.273547999560833 ], [ 678789.236515, 4549753.374568000435829 ], [ 678748.623735000030138, 4549763.869365000165999 ], [ 678715.078880000044592, 4549780.280148999765515 ], [ 678721.682944, 4549804.847346000373363 ], [ 678734.084846999961883, 4549828.123065000399947 ], [ 678750.743110000039451, 4549854.368799 ], [ 678761.559750000014901, 4549883.349109999835491 ], [ 678771.044971999945119, 4549907.986723000183702 ], [ 678771.683873999980278, 4549941.02874 ], [ 678785.416932999971323, 4549968.636180999688804 ], [ 678788.972115000011399, 4550000.316395999863744 ], [ 678791.187841000035405, 4550027.642582999542356 ], [ 678806.785847999970429, 4550038.077006 ], [ 678833.130529999965802, 4550021.490795000456274 ], [ 678859.720815, 4549994.857215000316501 ], [ 678884.909511000034399, 4549966.767547000199556 ], [ 678915.362272000056691, 4549958.891309999860823 ], [ 678936.758096999954432, 4549968.034672999754548 ], [ 678967.813903999980539, 4549994.632894 ], [ 679002.298709, 4550029.835559999570251 ], [ 679044.526546000037342, 4550059.80668400041759 ], [ 679086.749215999967419, 4550098.565018 ], [ 679128.486486, 4550139.96675300039351 ], [ 679141.635020000045188, 4550174.559220000170171 ], [ 679163.30298599996604, 4550189.375458999536932 ], [ 679195.372849000035785, 4550190.615906000137329 ], [ 679227.865028999978676, 4550179.413836999796331 ], [ 679271.386559, 4550154.429333000443876 ], [ 679313.893451999989338, 4550133.819315999746323 ], [ 679368.191954000038095, 4550129.739570000208914 ], [ 679381.595279, 4550141.199058 ], [ 679336.2945250000339, 4550175.315244000405073 ], [ 679298.73944399994798, 4550195.546512000262737 ], [ 679265.052717000013217, 4550210.218297 ], [ 679243.909536, 4550224.097592 ], [ 679242.020364, 4550236.715400000102818 ], [ 679251.367916999966837, 4550251.78569099958986 ], [ 679279.615904, 4550256.343347 ], [ 679325.183551999973133, 4550256.248649000190198 ], [ 679338.079965000040829, 4550305.88784100022167 ], [ 679323.537781000020914, 4550308.675374999642372 ], [ 679272.645934000029229, 4550284.222450999543071 ], [ 679245.460647, 4550278.491084 ], [ 679222.844848999986425, 4550250.909542 ], [ 679188.598624999984168, 4550232.485875000245869 ], [ 679140.449091000016779, 4550218.554456000216305 ], [ 679108.351449999958277, 4550203.683043000288308 ], [ 679082.278624000027776, 4550169.985309000127017 ], [ 679041.016014000051655, 4550123.951967 ], [ 679004.44140500004869, 4550127.145558999851346 ], [ 679000.943084000027739, 4550101.431997000239789 ], [ 678948.73316199996043, 4550062.374493 ], [ 678921.795285, 4550050.262876999564469 ], [ 678900.766239000018686, 4550044.350058999843895 ], [ 678888.220888999989256, 4550067.227543000131845 ], [ 678869.978366, 4550104.140658999793231 ], [ 678841.653807000024244, 4550096.838887000456452 ], [ 678817.044975999975577, 4550128.742046000435948 ], [ 678798.084643000038341, 4550162.027425000444055 ], [ 678791.41631, 4550197.934798000380397 ], [ 678767.950847, 4550220.901228999719024 ], [ 678745.038166000042111, 4550233.283443000167608 ], [ 678719.765467999968678, 4550266.5926 ], [ 678703.96540600003209, 4550262.729806000366807 ], [ 678684.923336999956518, 4550268.752485999837518 ], [ 678728.579945, 4550216.440573999658227 ], [ 678759.310544, 4550145.5059479996562 ], [ 678765.120625999988988, 4550125.118789999745786 ], [ 678735.652792999986559, 4550118.167208 ], [ 678705.611794000025839, 4550108.524539000354707 ], [ 678686.379416999989189, 4550082.03830000013113 ], [ 678673.925824000034481, 4550049.185607000254095 ], [ 678665.911950999987312, 4550023.150998 ], [ 678653.860269999946468, 4549985.531388999894261 ], [ 678644.514851000043564, 4549955.154116 ], [ 678643.875383, 4549922.112127999775112 ], [ 678633.058358, 4549893.132001999765635 ], [ 678622.092521999962628, 4549869.902610000222921 ], [ 678601.966017000027932, 4549867.96743500046432 ], [ 678598.059724000049755, 4549850.642439000308514 ], [ 678590.053712000022642, 4549824.608141999691725 ], [ 678571.88841599994339, 4549801.192113 ], [ 678561.632541000028141, 4549808.118226000107825 ], [ 678545.648682, 4549813.471626999787986 ], [ 678530.084486, 4549801.616715 ], [ 678529.164498000056483, 4549780.054393 ], [ 678523.99631399998907, 4549755.522420999594033 ], [ 678520.448190000024624, 4549723.842590999789536 ], [ 678512.153429000056349, 4549709.287823 ], [ 678496.484197000041604, 4549701.729527999646962 ], [ 678469.157368000014685, 4549699.630312000401318 ], [ 678472.520329999970272, 4549679.605445000343025 ], [ 678468.72700299997814, 4549657.973104 ], [ 678460.886689999955706, 4549624.766780000180006 ], [ 678462.961382, 4549598.967284999787807 ], [ 678458.984482, 4549584.517842999659479 ], [ 678442.123221999965608, 4549566.877210999839008 ], [ 678420.69048, 4549559.178635999560356 ], [ 678386.25994899997022, 4549552.596462000161409 ], [ 678355.299993, 4549549.509379000402987 ], [ 678329.352140999981202, 4549545.300324000418186 ], [ 678297.686398, 4549555.315715 ], [ 678290.14484199997969, 4549590.23567199986428 ], [ 678276.673839999944903, 4549601.816212999634445 ], [ 678272.061417000018992, 4549606.202941000461578 ], [ 678248.189959999988787, 4549628.927857999689877 ], [ 678241.074327999958768, 4549658.10389900021255 ], [ 678226.712759000016376, 4549673.81750600039959 ], [ 678201.694300999981351, 4549665.976733 ], [ 678184.376274000038393, 4549674.342240000143647 ], [ 678161.685359, 4549687.953661999665201 ], [ 678132.186242999974638, 4549700.855171999894083 ], [ 678111.723198, 4549732.428208 ], [ 678090.911823999951594, 4549731.677544999867678 ], [ 678069.006384999956936, 4549745.84156099986285 ], [ 678063.723462000023574, 4549753.267 ], [ 678039.80171699996572, 4549761.861023999750614 ], [ 678025.713487999979407, 4549778.459227000363171 ], [ 678019.699976, 4549776.524497999809682 ], [ 678032.121041, 4549751.054310999810696 ], [ 678037.009357, 4549749.484659000299871 ], [ 678042.546439000056125, 4549732.989559999667108 ], [ 678038.655525999958627, 4549718.43138900026679 ], [ 678024.712980999960564, 4549705.528389999642968 ], [ 678010.620055999956094, 4549701.919758000411093 ], [ 677973.928888999973424, 4549680.465514999814332 ], [ 677964.126048999954946, 4549682.260119999758899 ], [ 677940.952402999973856, 4549667.333302999846637 ], [ 677921.451829000026919, 4549645.497340000234544 ], [ 677906.302230000030249, 4549618.257241999730468 ], [ 677889.95803400001023, 4549596.586945000104606 ], [ 677885.174141000024974, 4549582.784792000427842 ], [ 677885.227909, 4549567.078394000418484 ], [ 677880.610998000018299, 4549551.591782 ], [ 677872.495103999972343, 4549537.919757000170648 ], [ 677861.009643999976106, 4549536.652064999565482 ], [ 677857.324767000041902, 4549529.164157999679446 ], [ 677861.993984999950044, 4549521.046036999672651 ], [ 677866.464381000027061, 4549509.001717999577522 ], [ 677863.089414000045508, 4549489.101814 ], [ 677854.413358, 4549487.757971 ], [ 677846.447892999975011, 4549473.078745 ], [ 677812.797464999952354, 4549463.074570000171661 ], [ 677844.073811999987811, 4549369.399170000106096 ], [ 677847.602184999966994, 4549316.885204000398517 ], [ 677870.112381999962963, 4549286.16100800037384 ] ], [ [ 690950.143888000049628, 4556233.158021000213921 ], [ 691123.90069699997548, 4556033.010487999767065 ], [ 691244.911535999970511, 4556023.611293000169098 ], [ 691328.98885700001847, 4556013.235793 ], [ 691437.844273000024259, 4555917.329907 ], [ 691538.950147000025027, 4555773.638089000247419 ], [ 691576.294101999956183, 4555655.206380999647081 ], [ 691612.771567999967374, 4555286.620883 ], [ 691687.954871000023559, 4555291.880934 ], [ 691712.984574, 4555361.230805000290275 ], [ 691813.558775000041351, 4555526.665257999673486 ], [ 691720.286720999982208, 4555777.748994000256062 ], [ 691715.072770999977365, 4555891.634622000157833 ], [ 691742.468622999964282, 4555948.814721000380814 ], [ 691810.359607000020333, 4555987.13750800024718 ], [ 691894.091089, 4555972.726390999741852 ], [ 691976.400158999953419, 4555885.218998 ], [ 692093.325805000029504, 4555876.10403 ], [ 692160.219201000058092, 4555825.834269000217319 ], [ 692244.944953999947757, 4555815.886087999679148 ], [ 692354.388507000054233, 4555753.449842000380158 ], [ 692389.065733000054024, 4555660.248997 ], [ 692573.63171800004784, 4555657.366539999842644 ], [ 692643.446796, 4555580.602455000393093 ], [ 692946.696650999947451, 4555586.380559000186622 ], [ 693058.836376999970526, 4555464.241681000217795 ], [ 693132.985396999982186, 4555476.155519999563694 ], [ 693185.24615400005132, 4555433.251623 ], [ 693199.30325300002005, 4555363.873530000448227 ], [ 693244.084057, 4555309.695415999740362 ], [ 693321.102586, 4555297.344536 ], [ 693432.193821000051685, 4555341.247132999822497 ], [ 693625.036443999968469, 4555361.852281999774277 ], [ 693721.161826999974437, 4555341.156975000165403 ], [ 693797.12514200003352, 4555368.635495999827981 ], [ 693924.032006000052206, 4555360.924820000305772 ], [ 693992.551031999988481, 4555291.882053 ], [ 694086.110023000044748, 4555284.400054999627173 ], [ 694250.505505, 4555538.993071 ], [ 694331.309337000013329, 4555551.107207000255585 ], [ 694373.802615999942645, 4555583.234979 ], [ 694484.394042000058107, 4555603.898168000392616 ], [ 694569.782309000031091, 4555652.667701000347733 ], [ 694642.796222000033595, 4555748.716408999636769 ], [ 694715.802766000037082, 4555761.738324999809265 ], [ 694757.116901000030339, 4555670.945763999596238 ], [ 694805.287067999946885, 4555656.730765 ], [ 694914.947401999961585, 4555545.618264 ], [ 695087.578662000014447, 4555490.428612000308931 ], [ 695127.229500000015832, 4555420.625308999791741 ], [ 695309.302093000034802, 4555386.735733999870718 ], [ 695408.308942000032403, 4555341.774232000112534 ], [ 695619.259435000014491, 4555391.714553999714553 ], [ 695839.048889999976382, 4555402.02267500013113 ], [ 695921.717949999962002, 4555455.512981999665499 ], [ 696003.934062000014819, 4555525.53559899982065 ], [ 696257.094972, 4555492.432001000270247 ], [ 696319.18724, 4555565.906654000282288 ], [ 696398.259797999984585, 4555603.929170999675989 ], [ 696538.661577000049874, 4555743.329498999752104 ], [ 696957.624233999988064, 4555798.495977000333369 ], [ 697127.190044000046328, 4555747.215413000434637 ], [ 697327.906316000036895, 4555728.700357000343502 ], [ 697253.139300000038929, 4555555.012592 ], [ 697259.351257, 4555468.662347 ], [ 697493.500322, 4555300.738796999678016 ], [ 697742.186816000030376, 4555339.316982000134885 ], [ 697577.375669999979436, 4555379.190986 ], [ 697521.034404000034556, 4555439.276266000233591 ], [ 697486.645010999985971, 4555523.653949 ], [ 697473.262422000057995, 4555622.820899000391364 ], [ 697405.441552, 4556020.247205999679863 ], [ 697373.879281, 4556088.102424999698997 ], [ 697311.642070999951102, 4556146.840857 ], [ 697190.207106000045314, 4556195.693431000225246 ], [ 697135.873839, 4556226.21461100038141 ], [ 697006.932049999944866, 4556289.077932000160217 ], [ 696968.909781, 4556331.883929000236094 ], [ 696935.073040000046603, 4556396.124049999751151 ], [ 696932.31746499997098, 4556454.102373999543488 ], [ 696993.834154000040144, 4556730.591454000212252 ], [ 696987.551498000044376, 4556787.274763000197709 ], [ 696948.487042999942787, 4556869.139565999619663 ], [ 696770.11314599995967, 4557178.238868 ], [ 696735.791193000040948, 4557216.401253 ], [ 696694.662697999970987, 4557242.536647999659181 ], [ 696333.236245000036433, 4557373.77183 ], [ 696300.840948999975808, 4557384.744900999590755 ], [ 696177.305844999966212, 4557380.248096000403166 ], [ 696097.47807399998419, 4557386.392850999720395 ], [ 696051.785035999957472, 4557405.298407999798656 ], [ 695972.291849000030197, 4557443.440541000105441 ], [ 695857.77711000002455, 4557545.78491900023073 ], [ 695794.222525, 4557610.410315999761224 ], [ 695622.864032999961637, 4557749.132089000195265 ], [ 695373.210761999944225, 4557837.19876 ], [ 694961.260799000039697, 4558037.00915199983865 ], [ 694912.395891000051051, 4558041.626542000100017 ], [ 694833.082260999944992, 4558028.855108000338078 ], [ 694702.055602999986149, 4558038.381753999739885 ], [ 694663.037524000043049, 4558030.242003999650478 ], [ 694578.28020799998194, 4558043.370927999727428 ], [ 694494.23338, 4558074.296296999789774 ], [ 694414.401487000053748, 4558125.466748000122607 ], [ 694377.784874, 4558161.200515000149608 ], [ 694298.45361700002104, 4558238.439190999604762 ], [ 694227.04392900003586, 4558286.280318000353873 ], [ 694146.977120999945328, 4558301.916392000392079 ], [ 694027.516308999969624, 4558323.617000999860466 ], [ 694009.906163000036031, 4558002.194551000371575 ], [ 693204.69869899994228, 4557880.176632000133395 ], [ 693168.932160999975167, 4557883.974525 ], [ 693077.393544, 4557838.912746000103652 ], [ 693046.098227999988012, 4557763.469236000441015 ], [ 692930.698767, 4557856.35625800024718 ], [ 692887.360236000036821, 4557847.012106000445783 ], [ 692794.431682000053115, 4557817.627094999887049 ], [ 692643.733728999970481, 4557723.891163 ], [ 692624.40758600004483, 4557773.643799999728799 ], [ 692495.741456000017934, 4557732.554436 ], [ 691856.907427, 4557150.25121400039643 ], [ 691823.543461999972351, 4557185.282742000184953 ], [ 691801.885020000045188, 4557186.502708000130951 ], [ 691746.238002000027336, 4557109.637605000287294 ], [ 691571.689096000045538, 4557099.680413000285625 ], [ 691258.497041999944486, 4556809.600648 ], [ 691225.281797999981791, 4556731.527564999647439 ], [ 691078.526594000053592, 4556386.56599900033325 ], [ 691059.166807999950834, 4556268.327061000280082 ], [ 690983.418350999942049, 4556339.061545999720693 ], [ 690931.575221, 4556288.333785000257194 ], [ 690950.143888000049628, 4556233.158021000213921 ] ], [ [ 717408.131238, 4551674.313064999878407 ], [ 717398.248130999971181, 4551652.094525 ], [ 717395.219398000044748, 4551621.878620999865234 ], [ 717391.487030999967828, 4551562.70493199955672 ], [ 717385.443791000056081, 4551541.411709000356495 ], [ 717396.59052900003735, 4551470.156277 ], [ 717398.265616000047885, 4551453.392865000292659 ], [ 717389.11581800004933, 4551444.119958000257611 ], [ 717363.91374500002712, 4551446.505083999596536 ], [ 717306.580983, 4551433.456594999879599 ], [ 717280.690631999983452, 4551432.687856 ], [ 717265.78787, 4551418.943788999691606 ], [ 717299.253757999977097, 4551402.724202999845147 ], [ 717352.439305, 4551383.578861 ], [ 717387.491097999969497, 4551353.32725299987942 ], [ 717394.889154999982566, 4551315.997971000149846 ], [ 717383.688653000048362, 4551283.194636000320315 ], [ 717360.018485, 4551247.287306999787688 ], [ 717341.775907999952324, 4551226.798663999885321 ], [ 717334.750210999976844, 4551185.907302999868989 ], [ 717301.54583299998194, 4551140.327068000100553 ], [ 717280.4362690000562, 4551110.752402000129223 ], [ 717276.291941000032239, 4551091.460385999642313 ], [ 717261.647318999981508, 4551095.337283999659121 ], [ 717253.402911999961361, 4551095.481493 ], [ 717250.005542000057176, 4551090.680080999620259 ], [ 717250.922406999976374, 4551073.105174999684095 ], [ 717243.691263000015169, 4551065.456307999789715 ], [ 717210.455582999973558, 4551060.558306000195444 ], [ 717191.361766000045463, 4551055.691162999719381 ], [ 717177.835607000044547, 4551061.546098000369966 ], [ 717135.197766000055708, 4551029.777394999749959 ], [ 717107.850329000037163, 4551011.752976999618113 ], [ 717095.825013000052422, 4551006.695723 ], [ 717068.246994000044651, 4551023.090936000458896 ], [ 717057.619196000043303, 4551037.255246000364423 ], [ 717050.078159000026062, 4551039.765269 ], [ 717045.245144000044093, 4551030.631992000155151 ], [ 717054.901357, 4550996.49204200040549 ], [ 717043.970053000026383, 4550980.910515000112355 ], [ 717029.819896999979392, 4550955.065693999640644 ], [ 717001.144187, 4550928.790248 ], [ 716990.337780999951065, 4550922.602516000159085 ], [ 716979.603369000018574, 4550900.370601000264287 ], [ 716961.39027500001248, 4550879.106053999625146 ], [ 716953.201698999968357, 4550850.69336299970746 ], [ 716943.244916999945417, 4550828.884615999646485 ], [ 716932.069934000028297, 4550821.508143999613822 ], [ 716909.552165, 4550826.319237999618053 ], [ 716887.459932000027038, 4550842.877709999680519 ], [ 716871.268514, 4550859.222141999751329 ], [ 716858.474118000012822, 4550867.05513499956578 ], [ 716861.545629999949597, 4550856.189305 ], [ 716868.60117000003811, 4550843.107908999547362 ], [ 716883.008838, 4550820.843266 ], [ 716890.468032, 4550807.762734999880195 ], [ 716887.31339999998454, 4550794.756643 ], [ 716880.908967999974266, 4550785.576941999606788 ], [ 716866.646579999942333, 4550776.542252000421286 ], [ 716863.964553000056185, 4550761.205458999611437 ], [ 716860.184990999987349, 4550716.499408000148833 ], [ 716858.990440999972634, 4550677.348361999727786 ], [ 716850.991780000040308, 4550668.899337000213563 ], [ 716840.328268000041135, 4550670.928159999661148 ], [ 716826.935025000013411, 4550645.884123999625444 ], [ 716812.183453000034206, 4550626.667232999578118 ], [ 716775.574363, 4550603.291549 ], [ 716746.815441000042483, 4550579.74845299962908 ], [ 716735.248590999981388, 4550559.459239999763668 ], [ 716734.864166000043042, 4550545.74628600012511 ], [ 716738.937893999973312, 4550540.788538999855518 ], [ 716749.487198999966495, 4550555.969266000203788 ], [ 716763.274755000020377, 4550567.712159999646246 ], [ 716791.076169, 4550570.491236999630928 ], [ 716822.024053000030108, 4550586.276223000138998 ], [ 716847.536332000046968, 4550613.246085000224411 ], [ 716899.67893399996683, 4550669.16391700040549 ], [ 716914.769224000046961, 4550676.656341000460088 ], [ 716937.249453000025824, 4550673.410969999618828 ], [ 716940.523340999963693, 4550682.109003 ], [ 716929.477477999986149, 4550697.038985 ], [ 716923.005947, 4550716.793975000269711 ], [ 716928.992175000021234, 4550726.750299000181258 ], [ 716949.529392000054941, 4550722.669524 ], [ 716968.75903900002595, 4550709.93792700022459 ], [ 716978.118074, 4550698.869567999616265 ], [ 716981.704556999960914, 4550697.020095 ], [ 716983.241631999961101, 4550711.545134999789298 ], [ 716978.77386800001841, 4550729.792634 ], [ 716978.639926000032574, 4550760.692291 ], [ 716988.070151000050828, 4550773.884464000351727 ], [ 717011.441452999948524, 4550806.65888199955225 ], [ 717024.446801000041887, 4550818.379142000339925 ], [ 717033.226076000020839, 4550826.862642000429332 ], [ 717051.671661, 4550853.612692000344396 ], [ 717083.093992999987677, 4550866.668205000460148 ], [ 717089.613684999989346, 4550871.951062000356615 ], [ 717106.147590999957174, 4550897.088832999579608 ], [ 717137.468364999978803, 4550913.275294999592006 ], [ 717152.298704999964684, 4550903.147338000126183 ], [ 717156.779267000034451, 4550897.801835999824107 ], [ 717157.374789000023156, 4550904.086919000372291 ], [ 717169.192258000024594, 4550929.473860000260174 ], [ 717185.411776000051759, 4550938.556146999821067 ], [ 717207.845395999960601, 4550950.178717000409961 ], [ 717221.093242999981157, 4550940.392869999632239 ], [ 717224.540302, 4550943.239946000277996 ], [ 717222.118914, 4550958.81440700031817 ], [ 717244.8578, 4550973.179820000194013 ], [ 717297.447026, 4551000.555146999657154 ], [ 717319.961718, 4551009.435715000145137 ], [ 717337.461204000050202, 4551015.044831999577582 ], [ 717360.045208, 4551008.281244000419974 ], [ 717369.323087999946438, 4550999.955732 ], [ 717375.154157000011764, 4551002.084699999541044 ], [ 717373.223424999974668, 4551014.151056 ], [ 717383.739470000029542, 4551056.712967 ], [ 717397.362583999987692, 4551087.23238 ], [ 717435.387236000038683, 4551115.743053000420332 ], [ 717456.577339999959804, 4551142.586934000253677 ], [ 717493.236554999952205, 4551164.401000999845564 ], [ 717503.330441000056453, 4551181.52525999955833 ], [ 717540.340781999984756, 4551204.527944999746978 ], [ 717592.738555000047199, 4551211.95297999959439 ], [ 717607.05765800003428, 4551205.733443999662995 ], [ 717624.310042000026442, 4551193.33371 ], [ 717662.528092000051402, 4551189.002875999547541 ], [ 717675.288244000053965, 4551182.337053 ], [ 717700.303382999962196, 4551146.698769999668002 ], [ 717709.521196000045165, 4551114.113297999836504 ], [ 717705.633127999957651, 4551099.529171999543905 ], [ 717691.360404000035487, 4551090.892505000345409 ], [ 717683.081373000051826, 4551078.911469000391662 ], [ 717683.418522999971174, 4551067.575639000162482 ], [ 717691.091511999955401, 4551047.067934 ], [ 717684.778671000036411, 4551021.843724000267684 ], [ 717675.149453000049107, 4551002.388291000388563 ], [ 717665.825073000043631, 4550985.686725 ], [ 717662.831190000055358, 4550967.606567 ], [ 717656.892698999959975, 4550956.084117 ], [ 717649.394741000025533, 4550944.126364000141621 ], [ 717643.595850000041537, 4550914.616960000246763 ], [ 717645.983482999959961, 4550900.208383999764919 ], [ 717645.751387999975123, 4550894.723026 ], [ 717635.947566000046209, 4550881.129867999814451 ], [ 717643.315320000052452, 4550857.879369 ], [ 717650.671237000031397, 4550848.319108 ], [ 717650.729654000024311, 4550819.7728650001809 ], [ 717651.124829999986105, 4550806.482967999763787 ], [ 717653.671777999959886, 4550800.291260000318289 ], [ 717660.705383999971673, 4550801.289396 ], [ 717657.562989, 4550814.49760099966079 ], [ 717666.576787999947555, 4550854.659475999884307 ], [ 717672.746699000010267, 4550898.270569999702275 ], [ 717678.943500999943353, 4550927.402900000102818 ], [ 717699.573327000020072, 4550946.785462000407279 ], [ 717703.554313999949954, 4550958.249726999551058 ], [ 717724.918383999960497, 4550979.232187000103295 ], [ 717751.707231999957003, 4551002.709730999544263 ], [ 717774.302728999988176, 4551008.860460000112653 ], [ 717785.213145000045188, 4551011.529832 ], [ 717784.991533000022173, 4551032.259173000231385 ], [ 717800.884378000046127, 4551052.290101000107825 ], [ 717812.31678, 4551063.976184000261128 ], [ 717825.413301000022329, 4551072.578087000176311 ], [ 717843.760176999960095, 4551076.257864999584854 ], [ 717871.583418000023812, 4551064.962291000410914 ], [ 717884.948836000054143, 4551037.97891900036484 ], [ 717913.736848999978974, 4551020.833689999766648 ], [ 717987.885082000051625, 4551009.739978999830782 ], [ 718010.968185, 4551012.78335400018841 ], [ 718069.92345700005535, 4551037.220323000103235 ], [ 718120.238656, 4551061.800351999700069 ], [ 718140.225344000034966, 4551076.475604999810457 ], [ 718190.07537700003013, 4551103.38703399989754 ], [ 718241.600641999975778, 4551126.837213000282645 ], [ 718313.511655000038445, 4551151.273656999692321 ], [ 718351.579202000051737, 4551152.020321999676526 ], [ 718410.602242000051774, 4551121.710563000291586 ], [ 718430.533521999954246, 4551085.533865000121295 ], [ 718425.635820999974385, 4551052.138882 ], [ 718420.201945999986492, 4551010.504603000357747 ], [ 718410.960967, 4550964.856218 ], [ 718402.486484, 4550946.212041 ], [ 718378.468362999963574, 4550935.327409000135958 ], [ 718337.141083, 4550938.39506599958986 ], [ 718294.006213000044227, 4550949.632334999740124 ], [ 718279.883958, 4550949.211164000444114 ], [ 718243.421472999965772, 4550947.334872 ], [ 718229.907128000049852, 4550939.497628999873996 ], [ 718204.761120000039227, 4550939.925866999663413 ], [ 718170.742617000010796, 4550948.301891 ], [ 718133.475341000012122, 4550947.191149 ], [ 718108.912843000027351, 4550954.2824 ], [ 718087.350423999945633, 4550953.250957 ], [ 718065.837820000015199, 4550950.265255000442266 ], [ 718044.883112999959849, 4550941.81776 ], [ 718028.035033000051044, 4550927.614126999862492 ], [ 718007.115926999947987, 4550904.699299000203609 ], [ 718001.982350999955088, 4550892.422634 ], [ 717991.141911000013351, 4550887.399175999686122 ], [ 717981.303637000033632, 4550874.982415 ], [ 717966.075758000020869, 4550858.882504000328481 ], [ 717939.287300999974832, 4550835.393071999773383 ], [ 717935.201797000016086, 4550827.448215999640524 ], [ 717919.833417000016198, 4550829.335395 ], [ 717912.489477999974042, 4550825.205151 ], [ 717913.652171000023372, 4550799.425393999554217 ], [ 717909.949907999951392, 4550791.880904000252485 ], [ 717902.497984000016004, 4550791.659063000231981 ], [ 717897.317538999952376, 4550780.947960999794304 ], [ 717892.872127, 4550771.814495 ], [ 717881.90393699996639, 4550757.797392999753356 ], [ 717869.890200000023469, 4550752.350271999835968 ], [ 717865.023246000055224, 4550744.382206999696791 ], [ 717869.737087000044994, 4550731.220836999826133 ], [ 717859.701126000029035, 4550712.153107999823987 ], [ 717850.609009, 4550700.925578 ], [ 717840.886224000016227, 4550697.891433999873698 ], [ 717838.034870999981649, 4550688.027575000189245 ], [ 717844.775933000026271, 4550672.581782000139356 ], [ 717846.719048000057228, 4550660.126930000260472 ], [ 717842.5144980000332, 4550643.177472 ], [ 717838.405636999988928, 4550636.009867999702692 ], [ 717826.402897999971174, 4550630.18533799983561 ], [ 717832.327948000049219, 4550615.882063999772072 ], [ 717848.556829, 4550598.373877 ], [ 717851.293192000011913, 4550585.542583 ], [ 717846.109963999944739, 4550561.918726 ], [ 717843.595269000041299, 4550554.020689000375569 ], [ 717846.714939999976195, 4550541.589738000184298 ], [ 717842.184523000032641, 4550535.587518 ], [ 717834.465327000012621, 4550531.057272000238299 ], [ 717834.814216000027955, 4550519.332854 ], [ 717825.21062999998685, 4550512.001757999882102 ], [ 717806.920448999968357, 4550506.36801499966532 ], [ 717792.994908, 4550499.308423000387847 ], [ 717790.573276999988593, 4550488.279455999843776 ], [ 717798.989670000039041, 4550482.662460000254214 ], [ 717820.225130000035278, 4550481.727428999729455 ], [ 717828.865735, 4550468.293937999755144 ], [ 717842.951904000015929, 4550443.676639 ], [ 717844.151865000021644, 4550429.632810999639332 ], [ 717846.97793199995067, 4550414.07051 ], [ 717851.995145000051707, 4550377.437440999783576 ], [ 717850.16659699997399, 4550346.479169 ], [ 717849.362366999965161, 4550333.942564000375569 ], [ 717835.835457999957725, 4550313.193067000247538 ], [ 717839.09199800004717, 4550283.163991999812424 ], [ 717867.478444, 4550279.319232 ], [ 717878.573447, 4550262.825098999775946 ], [ 717886.314173000049777, 4550240.363749999552965 ], [ 717878.038134000031278, 4550214.692048000171781 ], [ 717894.231355999945663, 4550172.135272 ], [ 717886.474849, 4550142.567431 ], [ 717905.778423000010662, 4550114.182773999869823 ], [ 717907.618250000057742, 4550078.6442 ], [ 717889.069609, 4550042.09878099989146 ], [ 717853.881247999961488, 4550010.536747000180185 ], [ 717839.19996999995783, 4550002.276724999770522 ], [ 717825.869214999955148, 4550001.480056 ], [ 717777.025987999979407, 4550006.294510999694467 ], [ 717733.387628, 4550021.031940000131726 ], [ 717667.882208000053652, 4550031.607934 ], [ 717618.03751299995929, 4550043.816781000234187 ], [ 717584.623052999959327, 4550044.779462000355124 ], [ 717558.658137000049464, 4550046.352591999806464 ], [ 717543.825564999948256, 4550056.479802999645472 ], [ 717539.004288999945857, 4550073.549749 ], [ 717535.4670159999514, 4550073.444648000411689 ], [ 717530.506494999979623, 4550068.596691000275314 ], [ 717523.262605000054464, 4550048.045668000355363 ], [ 717510.152275, 4550039.832996999844909 ], [ 717490.181805999949574, 4550038.061809999868274 ], [ 717474.39365700003691, 4550040.726539 ], [ 717467.792295000050217, 4550038.174618000164628 ], [ 717459.093245, 4550026.970472999848425 ], [ 717441.826878999941982, 4550026.457657 ], [ 717431.452383999945596, 4550018.715323000214994 ], [ 717428.039547999971546, 4550014.702389 ], [ 717400.49186099995859, 4550016.618016 ], [ 717388.267551, 4550018.21083499956876 ], [ 717374.634884999948554, 4550027.585018999874592 ], [ 717371.129069000016898, 4550026.703061999753118 ], [ 717377.634063999983482, 4550006.160377000458539 ], [ 717392.701695999945514, 4549987.827724000439048 ], [ 717383.197993000037968, 4549977.377661 ], [ 717367.340204, 4549969.072580000385642 ], [ 717355.367804000037722, 4549962.460846000351012 ], [ 717334.413029000046663, 4549966.928293 ], [ 717313.316085000056773, 4549976.469962 ], [ 717304.268751000054181, 4549976.990415999665856 ], [ 717297.31538000004366, 4549973.261401999741793 ], [ 717302.8333359999815, 4549959.334606000222266 ], [ 717301.14566499995999, 4549949.89451100025326 ], [ 717282.714354999945499, 4549948.958572999574244 ], [ 717259.298870999948122, 4549943.963207 ], [ 717258.668353999964893, 4549938.855004999786615 ], [ 717269.309473, 4549924.30234 ], [ 717275.794500999967568, 4549917.460614999756217 ], [ 717277.702117, 4549906.171434000134468 ], [ 717269.61826400004793, 4549887.540477000176907 ], [ 717255.005661000031978, 4549876.939001999795437 ], [ 717244.256113999988884, 4549868.785787000320852 ], [ 717226.651838000048883, 4549853.006121000275016 ], [ 717219.059018000029027, 4549844.179844999685884 ], [ 717205.538436, 4549836.733467999845743 ], [ 717202.650885000010021, 4549828.046795999631286 ], [ 717200.971442, 4549818.606981 ], [ 717186.230776999960653, 4549798.989691999740899 ], [ 717174.784147999947891, 4549801.006001999601722 ], [ 717156.724328999989666, 4549800.859295000322163 ], [ 717142.413783999974839, 4549793.389615000225604 ], [ 717117.306642999988981, 4549779.343525 ], [ 717108.749966999981552, 4549776.356150000356138 ], [ 717109.4000160000287, 4549767.763307999819517 ], [ 717124.712321999948472, 4549767.828419 ], [ 717155.704913, 4549755.834896000102162 ], [ 717151.709949000040069, 4549731.458018000237644 ], [ 717139.736165, 4549711.545080999843776 ], [ 717096.051184999989346, 4549648.431421999819577 ], [ 717081.529739000019617, 4549621.39780499972403 ], [ 717077.729062000056729, 4549604.072018999606371 ], [ 717067.260133999981917, 4549586.148513999767601 ], [ 717059.407023999956436, 4549559.701569999568164 ], [ 717041.304565, 4549507.914613000117242 ], [ 717025.653662999975495, 4549492.582359000109136 ], [ 717012.931440999964252, 4549458.168057999573648 ], [ 717012.765976, 4549423.736962 ], [ 717005.242169999983162, 4549412.557180999778211 ], [ 716998.333375000045635, 4549393.961445 ], [ 716997.179215000011027, 4549379.836733999662101 ], [ 717000.518623000010848, 4549373.29048 ], [ 717031.035630000056699, 4549350.714360999874771 ], [ 717046.418228999944404, 4549348.436617 ], [ 717055.265033000032417, 4549341.653572999872267 ], [ 717063.152557000052184, 4549287.503301000222564 ], [ 717086.396865000016987, 4549232.241395000368357 ], [ 717105.976409, 4549181.171396999619901 ], [ 717115.836672, 4549166.595325999893248 ], [ 717143.768430999945849, 4549125.163002000190318 ], [ 717145.299999000038952, 4549100.172177 ], [ 717134.993270999984816, 4549090.087679999880493 ], [ 717116.281038000015542, 4549085.221306 ], [ 717094.747719999984838, 4549083.027230000123382 ], [ 717092.14321, 4549091.162084000185132 ], [ 717095.586820999975316, 4549147.215068000368774 ], [ 717085.154747999971732, 4549168.030492999590933 ], [ 717079.29974599997513, 4549179.991673000156879 ], [ 717058.704444000031799, 4549198.939032999798656 ], [ 717026.952427000040188, 4549223.434260999783874 ], [ 716987.259781999979168, 4549250.816910999827087 ], [ 716977.829363, 4549264.239066 ], [ 716949.734759000013582, 4549284.53135500010103 ], [ 716911.941448000026867, 4549300.624901999719441 ], [ 716873.574973999988288, 4549309.66752399969846 ], [ 716846.152176999952644, 4549307.288609 ], [ 716833.9122760000173, 4549309.659826000221074 ], [ 716823.669332999968901, 4549323.835965 ], [ 716818.963707000017166, 4549323.696641 ], [ 716821.442281999974512, 4549306.168031999841332 ], [ 716812.50876400002744, 4549289.468343 ], [ 716770.233797000022605, 4549258.09124100022018 ], [ 716747.929711999953724, 4549242.173797000199556 ], [ 716706.356541999964975, 4549226.853004000149667 ], [ 716681.274768, 4549224.932937 ], [ 716651.558054000022821, 4549233.843725999817252 ], [ 716627.897245, 4549237.055334 ], [ 716615.103572000050917, 4549244.499993000179529 ], [ 716593.536198999965563, 4549243.473152000457048 ], [ 716568.745338, 4549245.084684000350535 ], [ 716547.100295000011101, 4549246.40038700029254 ], [ 716520.807370999944396, 4549245.62296099960804 ], [ 716503.735860000015236, 4549238.461954000405967 ], [ 716478.034115000045858, 4549231.056986000388861 ], [ 716456.559251999948174, 4549226.89960900042206 ], [ 716432.299630000023171, 4549210.536446000449359 ], [ 716414.819325000047684, 4549190.451054000295699 ], [ 716375.338549999985844, 4549170.893569 ], [ 716367.314595, 4549163.22235899977386 ], [ 716370.293327, 4549155.487290999852121 ], [ 716383.394988000043668, 4549164.086392999626696 ], [ 716404.275522000039928, 4549175.271191 ], [ 716423.573143000015989, 4549186.798205999657512 ], [ 716437.467655000044033, 4549195.031912 ], [ 716464.518931000027806, 4549196.620418 ], [ 716483.955237000016496, 4549203.451183999888599 ], [ 716503.9847829999635, 4549216.955831999890506 ], [ 716512.986641000024974, 4549217.99982799962163 ], [ 716541.503151000011712, 4549209.853085 ], [ 716591.757840999984182, 4549197.248765000142157 ], [ 716612.028383999946527, 4549189.236232999712229 ], [ 716621.984824000042863, 4549184.452389 ], [ 716641.19642599998042, 4549185.798545000143349 ], [ 716692.302295999950729, 4549170.875364 ], [ 716763.437650999985635, 4549169.457899999804795 ], [ 716796.744649, 4549185.312157000415027 ], [ 716815.509195000049658, 4549214.826500000432134 ], [ 716830.498817999963649, 4549225.827049000188708 ], [ 716845.367819000035524, 4549227.834152 ], [ 716893.423581999959424, 4549209.699470000341535 ], [ 716919.456449000048451, 4549192.857401999644935 ], [ 716930.794942999957129, 4549181.458584999665618 ], [ 716955.104738999973051, 4549156.353543000295758 ], [ 717004.744501000037417, 4549137.866421000100672 ], [ 717016.152632000041194, 4549124.125071000307798 ], [ 717023.160644000046887, 4549112.986993 ], [ 717021.983075, 4549099.650570999830961 ], [ 717008.847418, 4549092.216079999692738 ], [ 717007.53098499996122, 4549083.564975 ], [ 717016.996203999966383, 4549068.977072999812663 ], [ 717034.761810999945737, 4549039.377847 ], [ 717043.318298000027426, 4549029.063536999747157 ], [ 717070.40092399995774, 4549016.564659000374377 ], [ 717093.755428, 4548983.997510000132024 ], [ 717091.447878999984823, 4548969.060731000266969 ], [ 717082.235346999950707, 4548948.440879000350833 ], [ 717048.997176000033505, 4548930.242692999541759 ], [ 717017.647420999943279, 4548914.445336 ], [ 717011.531092999968678, 4548895.484183000400662 ], [ 716989.1802509999834, 4548881.120404000394046 ], [ 716976.883558999979869, 4548871.755079999566078 ], [ 716961.065466, 4548862.296577 ], [ 716945.575029000057839, 4548841.490971 ], [ 716949.754319000057876, 4548833.002674999646842 ], [ 716971.742179000051692, 4548846.566584999673069 ], [ 716987.441073999973014, 4548860.33318 ], [ 717012.221902000019327, 4548859.11160400044173 ], [ 717032.010407999972813, 4548867.132137999869883 ], [ 717052.983755999943241, 4548875.18784200027585 ], [ 717105.142569000017829, 4548877.91168 ], [ 717127.106991, 4548892.253259000368416 ], [ 717136.991629000054672, 4548890.201585000380874 ], [ 717148.462681, 4548887.407979000359774 ], [ 717159.748995000030845, 4548904.17784299980849 ], [ 717154.544700999977067, 4548920.847705 ], [ 717157.668225000030361, 4548934.64190199971199 ], [ 717168.618309000041336, 4548962.747577999718487 ], [ 717176.676624999963678, 4548969.242807 ], [ 717202.459776, 4548973.918966 ], [ 717225.576804999960586, 4548989.084037000313401 ], [ 717248.698330000042915, 4549030.463492999784648 ], [ 717260.553357, 4549041.371953000314534 ], [ 717297.257822999963537, 4549048.728288000449538 ], [ 717331.65552899998147, 4549041.136831999756396 ], [ 717367.066802000044845, 4549025.752469000406563 ], [ 717423.775483999983408, 4549007.488969 ], [ 717440.835595999960788, 4549015.029620000161231 ], [ 717490.245583000010811, 4549017.674661000259221 ], [ 717537.628007999970578, 4549022.604535999707878 ], [ 717564.772972999955527, 4549021.066141 ], [ 717581.353101999964565, 4549005.123393000103533 ], [ 717594.523158999974839, 4548984.778847999870777 ], [ 717601.207276999950409, 4548984.577389 ], [ 717609.090708, 4548996.946409 ], [ 717621.88911900005769, 4549002.416190000250936 ], [ 717656.883220999967307, 4549001.10025000013411 ], [ 717700.646407000022009, 4549008.668394999578595 ], [ 717730.632322, 4549017.382953999564052 ], [ 717790.687568999943323, 4549071.597195000387728 ], [ 717820.32378500001505, 4549105.349252000451088 ], [ 717829.770036999951117, 4549117.753914999775589 ], [ 717849.658283, 4549122.657127999700606 ], [ 717876.791465000016615, 4549121.508492999710143 ], [ 717896.10840000002645, 4549106.036778000183403 ], [ 717900.661122999968939, 4549071.745779000222683 ], [ 717900.124521999969147, 4549050.204944999888539 ], [ 717890.738038999959826, 4548995.930164 ], [ 717882.991289000026882, 4548979.26434800028801 ], [ 717871.486493999953382, 4548943.317735999822617 ], [ 717872.358752000029199, 4548913.995647000148892 ], [ 717861.924855, 4548908.206825999543071 ], [ 717856.882099000038579, 4548906.101032 ], [ 717868.501254, 4548898.623475999571383 ], [ 717866.861182000022382, 4548874.305054999887943 ], [ 717860.023898000014015, 4548840.064182999543846 ], [ 717847.676216, 4548793.13567699957639 ], [ 717835.435324999969453, 4548782.20365499984473 ], [ 717812.577188999974169, 4548771.35596099961549 ], [ 717809.187343999976292, 4548766.554584000259638 ], [ 717819.853936000028625, 4548764.527059 ], [ 717836.438051, 4548761.497618 ], [ 717847.314020000048913, 4548752.431056000292301 ], [ 717844.319451999966986, 4548734.339797999709845 ], [ 717841.769260999979451, 4548727.607584999874234 ], [ 717844.087568999966606, 4548715.552837000228465 ], [ 717851.141226000036113, 4548676.635641000233591 ], [ 717861.902043999987654, 4548644.86290100030601 ], [ 717849.568069000029936, 4548623.760202 ], [ 717854.8872, 4548603.571483000181615 ], [ 717851.835326, 4548560.819972 ], [ 717839.210846, 4548536.186014999635518 ], [ 717812.424356000032276, 4548512.308880000375211 ], [ 717761.088002, 4548481.823505000211298 ], [ 717745.572621, 4548448.880591000430286 ], [ 717734.275271, 4548419.196805999614298 ], [ 717723.51517899997998, 4548411.053821000270545 ], [ 717749.250883999979123, 4548391.071852000430226 ], [ 717763.281980999978259, 4548368.408393000252545 ], [ 717762.222000999958254, 4548351.152587999589741 ], [ 717721.923024000017904, 4548319.439958999864757 ], [ 717703.905964000034146, 4548304.424981 ], [ 717691.036657999968156, 4548287.996171000413597 ], [ 717670.15192900004331, 4548263.89499600045383 ], [ 717657.599128999980167, 4548249.831496000289917 ], [ 717655.149851000052877, 4548226.667085000313818 ], [ 717663.347934999968857, 4548201.863237 ], [ 717682.925198000040837, 4548190.710213 ], [ 717698.13313900004141, 4548194.684771000407636 ], [ 717699.600142000010237, 4548198.251009000465274 ], [ 717674.448495000018738, 4548211.583075 ], [ 717670.500415000016801, 4548225.556332999840379 ], [ 717677.033898000023328, 4548243.752615000121295 ], [ 717728.87506, 4548296.943862999789417 ], [ 717767.111114999977872, 4548318.827355000190437 ], [ 717796.751418999978341, 4548325.964854000136256 ], [ 717811.203377000056207, 4548355.353598999790847 ], [ 717814.302748000016436, 4548383.226890999823809 ], [ 717808.248773999977857, 4548388.525321000255644 ], [ 717789.859909, 4548399.324389000423253 ], [ 717779.099276999942958, 4548417.795624 ], [ 717787.869196000043303, 4548439.970115000382066 ], [ 717820.678124999976717, 4548459.336757999844849 ], [ 717850.059016000013798, 4548462.166280999779701 ], [ 717868.727197999949567, 4548441.974533 ], [ 717900.064477000036277, 4548392.044901000335813 ], [ 717938.903086, 4548354.062198 ], [ 717960.423866000026464, 4548343.745604 ], [ 717990.784363999962807, 4548339.959551 ], [ 718028.413615999976173, 4548342.635169999673963 ], [ 718040.047950000036508, 4548347.682032999582589 ], [ 718051.087083, 4548346.443761000409722 ], [ 718070.186440999968909, 4548311.7968570003286 ], [ 718074.971858000033535, 4548296.281831 ], [ 718078.839319000020623, 4548337.879851999692619 ], [ 718091.707705999957398, 4548354.30938099976629 ], [ 718102.773519000038505, 4548404.722807000391185 ], [ 718121.069532, 4548449.88420999981463 ], [ 718137.037565, 4548467.572952999733388 ], [ 718149.823427999974228, 4548500.035478999838233 ], [ 718179.812185000046156, 4548534.977330000139773 ], [ 718217.799082000041381, 4548552.155345999635756 ], [ 718255.986318000010215, 4548536.068705 ], [ 718294.395823, 4548499.264050000347197 ], [ 718319.957255000015721, 4548458.931795 ], [ 718336.110767, 4548404.628581999801099 ], [ 718344.391335999942385, 4548390.395796 ], [ 718352.020726999966428, 4548345.239718000404537 ], [ 718362.864106000051834, 4548258.296401999890804 ], [ 718368.468606999958865, 4548188.799146999605 ], [ 718400.834154000040144, 4548157.293220999650657 ], [ 718441.505156000028364, 4548136.980890999548137 ], [ 718470.013960000011139, 4548129.607750000432134 ], [ 718503.602566999965347, 4548136.087961999699473 ], [ 718531.123061000020243, 4548135.341978999786079 ], [ 718547.150129999965429, 4548085.346993999555707 ], [ 718546.766754999989644, 4548058.721062 ], [ 718546.34826, 4548033.272010999731719 ], [ 718553.894966, 4548043.665101000107825 ], [ 718568.846249999944121, 4548108.686036 ], [ 718578.895931, 4548127.377107 ], [ 718594.991917000035755, 4548140.770131000317633 ], [ 718641.249924, 4548144.106359999626875 ], [ 718706.447103000013158, 4548144.485592000186443 ], [ 718764.263321000034921, 4548115.69680199958384 ], [ 718785.670279999962077, 4548083.065104000270367 ], [ 718797.120424999971874, 4548054.847807999700308 ], [ 718821.967258000047877, 4548025.06372999958694 ], [ 718839.169227999984287, 4548001.707782999612391 ], [ 718847.35033599997405, 4547964.380618000403047 ], [ 718845.593756000045687, 4547918.144378 ], [ 718856.731232000049204, 4547887.17301 ], [ 718879.692858999944292, 4547841.675177000463009 ], [ 718917.407228, 4547815.409523 ], [ 718998.597210000036284, 4547771.107555000111461 ], [ 719058.266417999984697, 4547779.803342999890447 ], [ 719088.376395000028424, 4547808.418408 ], [ 719108.868441, 4547829.522799000144005 ], [ 719145.878471, 4547866.212194999679923 ], [ 719223.076498999958858, 4547873.266764 ], [ 719322.5636, 4547891.668563 ], [ 719398.022098000044934, 4547956.802989999763668 ], [ 719502.761120000039227, 4548038.23984 ], [ 719563.617612999980338, 4548113.617947 ], [ 719615.987526000011712, 4548233.815099 ], [ 719676.394161000032909, 4548284.266320000402629 ], [ 719702.715506999986246, 4548280.310576999559999 ], [ 719748.446872, 4548145.263326999731362 ], [ 719738.735406000050716, 4548111.74520399980247 ], [ 719704.173630999983288, 4547993.270196000114083 ], [ 719707.479483, 4547883.031902999617159 ], [ 719765.466389999957755, 4547815.96153 ], [ 719780.614823000039905, 4547747.606413999572396 ], [ 719939.161690999986604, 4547504.407201999798417 ], [ 719964.897395999985747, 4547480.265143999829888 ], [ 719992.746125999954529, 4547504.837843 ], [ 719901.45195000001695, 4547689.545749999582767 ], [ 719868.485034000012092, 4547915.15459099970758 ], [ 719857.921723, 4548108.208991000428796 ], [ 719860.090351999970153, 4548194.875058 ], [ 719869.141545000020415, 4548210.571085000410676 ], [ 719887.276915999944322, 4548201.62518799956888 ], [ 719889.086140000028536, 4548220.65993 ], [ 719805.388261000043713, 4548351.011105 ], [ 719701.361441000015475, 4548404.831667000427842 ], [ 719622.833643, 4548402.476878000423312 ], [ 719520.394592999946326, 4548363.812574 ], [ 719469.834585999953561, 4548262.650703 ], [ 719423.292769999941811, 4548186.524136999621987 ], [ 719377.331848999951035, 4548130.573614999651909 ], [ 719357.004177000024356, 4548133.532073999755085 ], [ 719335.731746, 4548128.150070999749005 ], [ 719290.706559999962337, 4548080.529298 ], [ 719262.298560000024736, 4548074.933937000110745 ], [ 719240.600279, 4548083.774717999622226 ], [ 719216.940777000039816, 4548078.321639999747276 ], [ 719206.836474000010639, 4548057.849941000342369 ], [ 719075.548283000010997, 4548027.830466999672353 ], [ 718979.133727999986149, 4547946.648854999803007 ], [ 718945.014046999975108, 4547932.582975000143051 ], [ 718919.00879300001543, 4547966.199244 ], [ 718901.718895000056364, 4548066.529104 ], [ 718887.693484000046737, 4548137.285989999771118 ], [ 718826.012292, 4548208.997309000231326 ], [ 718724.582588, 4548255.785768000409007 ], [ 718669.854340999969281, 4548254.151928000152111 ], [ 718573.099179000011645, 4548266.966438 ], [ 718485.21993499994278, 4548248.153981000185013 ], [ 718446.547030000016093, 4548273.970756 ], [ 718445.303192000021227, 4548345.864996000193059 ], [ 718449.108307000016794, 4548399.918638999573886 ], [ 718448.373573999968357, 4548454.737019999884069 ], [ 718421.498289000010118, 4548569.005749000236392 ], [ 718289.664951000013389, 4548692.725181000307202 ], [ 718280.254515000036918, 4548705.935321000404656 ], [ 718276.718714999966323, 4548733.700125000439584 ], [ 718259.005736000020988, 4548722.382039999589324 ], [ 718251.797906999941915, 4548691.596757000312209 ], [ 718160.665654000011273, 4548661.011711999773979 ], [ 718115.01148500002455, 4548618.302497999742627 ], [ 718045.047679999959655, 4548543.399376999586821 ], [ 718023.390546999988146, 4548513.095525000244379 ], [ 718009.094899000017904, 4548508.169487000443041 ], [ 717983.074481999967247, 4548533.464974000118673 ], [ 717959.252497000037692, 4548575.905828 ], [ 717958.698968000011519, 4548654.999059 ], [ 717960.244882000028156, 4548754.835094000212848 ], [ 717964.016842999961227, 4548840.346734999679029 ], [ 718016.271179000032134, 4548994.720878000371158 ], [ 718028.776118000037968, 4549029.252925000153482 ], [ 718000.617057999945246, 4549156.963951 ], [ 717989.008808000013232, 4549213.247658000327647 ], [ 717959.964079999946989, 4549249.243285000324249 ], [ 717909.895733000012115, 4549294.492398000322282 ], [ 717789.352634, 4549312.475805000402033 ], [ 717755.120863000047393, 4549279.998445999808609 ], [ 717711.017027999972925, 4549185.209138999693096 ], [ 717682.471619999967515, 4549143.900144999846816 ], [ 717616.017189000034705, 4549132.946321000345051 ], [ 717484.764526000013575, 4549147.016204000450671 ], [ 717424.995255999965593, 4549154.231452999636531 ], [ 717365.958025000058115, 4549197.428713000379503 ], [ 717352.004033999983221, 4549241.953196999616921 ], [ 717354.302682999987155, 4549286.071069999597967 ], [ 717427.262820999952964, 4549533.632806000299752 ], [ 717453.671118999947794, 4549555.986228000372648 ], [ 717483.389845, 4549557.768933 ], [ 717531.186293, 4549619.418137 ], [ 717594.655538000050001, 4549669.832023000344634 ], [ 717629.918355999980122, 4549667.290675000287592 ], [ 717638.59588200005237, 4549648.668514999561012 ], [ 717643.998733000014909, 4549648.829103000462055 ], [ 717668.252060999977402, 4549713.368917999789119 ], [ 717715.280918000033125, 4549739.936846000142395 ], [ 717731.586306000011973, 4549737.721353 ], [ 717739.409718999988399, 4549717.284792999736965 ], [ 717737.647179999970831, 4549685.772969 ], [ 717743.050005999975838, 4549685.933631000109017 ], [ 717752.243888000026345, 4549710.476680000312626 ], [ 717781.16927900002338, 4549739.195917 ], [ 717796.52213399996981, 4549738.752457999624312 ], [ 717811.501568999956362, 4549720.329040000215173 ], [ 717826.018129999982193, 4549687.50121400039643 ], [ 717824.461231000022963, 4549648.805688999593258 ], [ 717829.979502000031061, 4549645.369403 ], [ 717859.270428000018001, 4549661.520488999783993 ], [ 717904.137530999956653, 4549639.485976000316441 ], [ 717907.88525299995672, 4549604.548712999559939 ], [ 717911.339264999958687, 4549579.481712999753654 ], [ 717930.564541000057943, 4549570.163746000267565 ], [ 717932.869050999986939, 4549583.722896000370383 ], [ 717939.943776999949478, 4549618.982258000411093 ], [ 717970.347512, 4549627.977132 ], [ 718014.573563999962062, 4549627.493539 ], [ 718032.6855659999419, 4549625.343593000434339 ], [ 718042.386745000025257, 4549632.822251000441611 ], [ 718032.097441000049002, 4549645.095223000273108 ], [ 717980.234379000030458, 4549659.730925000272691 ], [ 717948.5124, 4549694.74669099971652 ], [ 717908.896426000050269, 4549722.32675 ], [ 717887.383986999979243, 4549747.756472 ], [ 717904.801107999985106, 4549768.944013999775052 ], [ 717951.678330000024289, 4549770.3392240004614 ], [ 718000.86017, 4549785.282815 ], [ 718045.679910999955609, 4549825.266676999628544 ], [ 718083.859873999957927, 4549846.184033 ], [ 718116.229751999955624, 4549849.837471 ], [ 718116.914482000051066, 4549857.058779000304639 ], [ 718105.849429000052623, 4549895.378491000272334 ], [ 718118.547941999975592, 4549923.615852000191808 ], [ 718151.805504000047222, 4549957.866463 ], [ 718205.685012000030838, 4549966.661825999617577 ], [ 718205.390849999967031, 4549976.532096000388265 ], [ 718181.199277000036091, 4550000.981027999892831 ], [ 718188.646771, 4550023.672493999823928 ], [ 718201.335972000029869, 4550051.920877000316978 ], [ 718192.079607, 4550059.734935999847949 ], [ 718196.821515999967232, 4550082.345787 ], [ 718222.880347999976948, 4550085.811688999645412 ], [ 718227.178154999972321, 4550093.129600999876857 ], [ 718223.305937999975868, 4550102.004220999777317 ], [ 718198.617030999972485, 4550112.958754000253975 ], [ 718203.546161000034772, 4550129.285504000261426 ], [ 718204.297922999947332, 4550194.91629400011152 ], [ 718181.746934999944642, 4550315.58192600030452 ], [ 718167.655668, 4550364.590517999604344 ], [ 718177.700873999972828, 4550390.959888 ], [ 718175.413055000011809, 4550407.060440000146627 ], [ 718159.098025999963284, 4550439.834032 ], [ 718126.958786000031978, 4550489.204970000311732 ], [ 718137.999225000035949, 4550542.562951000407338 ], [ 718165.11328000004869, 4550571.230097999796271 ], [ 718192.390329999965616, 4550563.953157999552786 ], [ 718265.060201999964193, 4550577.798848999664187 ], [ 718363.751256000017747, 4550596.021919 ], [ 718374.78669900004752, 4550589.161293 ], [ 718390.822555999970064, 4550595.929397 ], [ 718397.709412000025623, 4550606.925158999860287 ], [ 718446.012654999969527, 4550620.945872999727726 ], [ 718521.928803000017069, 4550646.581483 ], [ 718559.942296999972314, 4550672.886366000398993 ], [ 718584.469231000053696, 4550667.317893999628723 ], [ 718598.389330000034533, 4550654.254014000296593 ], [ 718612.752513000043109, 4550656.483192999847233 ], [ 718615.158492999966256, 4550696.993743999861181 ], [ 718635.987272999947891, 4550724.586086999624968 ], [ 718657.263846999965608, 4550736.900953999720514 ], [ 718669.234140999964438, 4550789.387706000357866 ], [ 718726.979652, 4550849.53194999974221 ], [ 718743.774404000025243, 4550891.372715 ], [ 718746.734472000040114, 4550913.030739 ], [ 718769.816553000011481, 4550925.399946000427008 ], [ 718792.831662000040524, 4550909.907920000143349 ], [ 718804.29658099997323, 4550888.681063000112772 ], [ 718848.722512, 4550820.810991999693215 ], [ 718894.923241000040434, 4550784.442919 ], [ 718905.319910999969579, 4550768.584977 ], [ 718916.946724000037648, 4550741.962372000329196 ], [ 718922.685106000048108, 4550700.795055000111461 ], [ 718926.987636000034399, 4550677.553899999707937 ], [ 718973.189285999978893, 4550641.197379999794066 ], [ 718991.747899999958463, 4550623.772339999675751 ], [ 718997.830096, 4550601.484574999660254 ], [ 718993.574721000040881, 4550562.707568 ], [ 718984.278624000027776, 4550541.759997 ], [ 718939.232072000042535, 4550479.304320000112057 ], [ 718936.138115999987349, 4550462.131699999794364 ], [ 718940.548006, 4550435.304387000389397 ], [ 718926.10944999998901, 4550405.213018000125885 ], [ 718916.490868999972008, 4550395.035155000165105 ], [ 718887.070950999972411, 4550383.365102999843657 ], [ 718883.418305999948643, 4550354.496465999633074 ], [ 718887.184584000031464, 4550289.000249000266194 ], [ 718904.68441999994684, 4550216.724812 ], [ 718895.701470999978483, 4550184.996438999660313 ], [ 718880.215929000056349, 4550129.703875999897718 ], [ 718883.410075000021607, 4550083.059770000167191 ], [ 718892.842010000022128, 4550039.302519000135362 ], [ 718908.235213999985717, 4550007.402853 ], [ 718914.786949999979697, 4549999.50877199973911 ], [ 718924.325434, 4550012.384557000361383 ], [ 718914.504502000054345, 4550039.05007900018245 ], [ 718915.330341, 4550101.99433400016278 ], [ 718918.07566199998837, 4550130.835842999629676 ], [ 718935.743199000018649, 4550173.614284999668598 ], [ 718952.746440000017174, 4550299.050749000161886 ], [ 718955.706311000045389, 4550320.708855000324547 ], [ 718971.862241000053473, 4550353.552008000202477 ], [ 719003.270887000020593, 4550389.54074 ], [ 719033.771828999975696, 4550425.502472000196576 ], [ 719097.020879999967292, 4550512.784622999839485 ], [ 719125.099338000058196, 4550509.124438 ], [ 719158.525913, 4550507.435827 ], [ 719242.534296000027098, 4550474.001938000321388 ], [ 719301.881047999951988, 4550450.609404000453651 ], [ 719324.737456999951974, 4550440.503762000240386 ], [ 719358.738087999983691, 4550419.952832000330091 ], [ 719413.078254999942146, 4550382.942579000256956 ], [ 719437.506956, 4550350.414580999873579 ], [ 719451.095684999949299, 4550318.461828 ], [ 719449.197676999960095, 4550291.44560999982059 ], [ 719474.803160000010394, 4550249.973949000239372 ], [ 719509.354228000040166, 4550241.119551000185311 ], [ 719533.775644000037573, 4550239.151447 ], [ 719576.586019000038505, 4550195.49565 ], [ 719600.835598999983631, 4550169.26362800039351 ], [ 719645.542723000049591, 4550092.404821 ], [ 719681.307059000013396, 4550043.148511 ], [ 719777.386685000034049, 4549998.391886999830604 ], [ 719834.087603, 4549973.123613 ], [ 719867.651244999957271, 4549937.281724999658763 ], [ 719894.905706000048667, 4549930.910288999788463 ], [ 719924.21791, 4549916.51071 ], [ 719941.144253000034951, 4549893.649119 ], [ 719962.160969999968074, 4549854.730336000211537 ], [ 719995.734474999946542, 4549848.54908400028944 ], [ 719981.963699999963865, 4549856.225394999608397 ], [ 719963.050246000057086, 4549885.317002000287175 ], [ 719955.741767999948934, 4549918.357784999534488 ], [ 719968.182105000014417, 4549954.681138999760151 ], [ 719922.932247000047937, 4549989.271436000242829 ], [ 719889.853696999954991, 4550008.958661000244319 ], [ 719862.770400000037625, 4550039.605376999825239 ], [ 719809.189398000016809, 4550081.136044999584556 ], [ 719772.219173999968916, 4550110.586101000197232 ], [ 719723.807572999969125, 4550160.362544000148773 ], [ 719721.003829000052065, 4550193.538680999539793 ], [ 719710.173134000040591, 4550223.773538 ], [ 719653.366964000044391, 4550252.628855999559164 ], [ 719615.194382000016049, 4550291.933818999677896 ], [ 719620.903138999943621, 4550342.434414000250399 ], [ 719625.820564999943599, 4550358.762004000134766 ], [ 719585.598395999986678, 4550376.424766999669373 ], [ 719562.778584999963641, 4550415.290343999862671 ], [ 719580.199511999962851, 4550466.14219 ], [ 719623.94626, 4550511.494087000377476 ], [ 719669.327474000048824, 4550532.625211999751627 ], [ 719676.185580000048503, 4550544.52156599983573 ], [ 719643.109009, 4550534.538881000131369 ], [ 719591.122012999956496, 4550523.088941000401974 ], [ 719560.822774, 4550510.500684999860823 ], [ 719542.701614000019617, 4550482.997844000346959 ], [ 719529.183286000043154, 4550482.592439999803901 ], [ 719483.327580000041053, 4550507.276664 ], [ 719466.511807000031695, 4550526.54194900020957 ], [ 719454.441365999984555, 4550537.870613000355661 ], [ 719450.524834000039846, 4550578.192207000218332 ], [ 719431.154715999960899, 4550562.331627000123262 ], [ 719398.869129, 4550555.974273 ], [ 719382.844852, 4550578.863954000174999 ], [ 719381.902863999945112, 4550610.295672999694943 ], [ 719385.491363, 4550640.95193300023675 ], [ 719399.550503000034951, 4550683.62366 ], [ 719388.334187999949791, 4550696.767151 ], [ 719331.206691000028513, 4550676.174789999611676 ], [ 719312.024891, 4550654.030399999581277 ], [ 719276.034892000025138, 4550620.60328400041908 ], [ 719225.720126, 4550613.695527999661863 ], [ 719194.975250000017695, 4550646.034985999576747 ], [ 719139.565787, 4550658.755756 ], [ 719106.75505100004375, 4550700.012710999697447 ], [ 719085.468107, 4550747.904442000202835 ], [ 719059.370478000026196, 4550775.882873999886215 ], [ 719027.897914999979548, 4550802.800427 ], [ 719011.015570000046864, 4550854.424621 ], [ 719060.442231999943033, 4550890.952941000461578 ], [ 719091.209106000023894, 4550917.944055000320077 ], [ 719108.700602, 4550936.436784000135958 ], [ 719070.952663999982178, 4550931.706394 ], [ 719044.566369, 4550939.006697 ], [ 719026.47734500002116, 4550970.825367 ], [ 719006.884168999968097, 4550962.149084 ], [ 718978.39222699997481, 4550949.617243999615312 ], [ 718938.939706000033766, 4550971.795763 ], [ 718908.353036000044085, 4551029.299960999749601 ], [ 718881.598688, 4551109.377473000437021 ], [ 718898.678644999978133, 4551141.348121999762952 ], [ 718924.419435000047088, 4551155.597652000375092 ], [ 718946.198670999961905, 4551181.408141000196338 ], [ 718957.380445000017062, 4551199.722892999649048 ], [ 718968.293760000029579, 4551227.008643000386655 ], [ 718943.956599000026472, 4551226.280543999746442 ], [ 718928.057111999951303, 4551215.014557999558747 ], [ 718907.511830999981612, 4551208.110266 ], [ 718892.027659000013955, 4551213.036767999641597 ], [ 718867.878387999953702, 4551206.024801 ], [ 718821.541317000053823, 4551217.229837000370026 ], [ 718790.224337000050582, 4551238.752161 ], [ 718773.881396000040695, 4551272.412673999555409 ], [ 718750.255462000030093, 4551277.996206999756396 ], [ 718721.160534000024199, 4551315.776284 ], [ 718712.8528, 4551352.366301000118256 ], [ 718707.652272999985144, 4551375.580699999816716 ], [ 718679.658024, 4551376.544398000463843 ], [ 718607.01913999998942, 4551392.343321000225842 ], [ 718583.890362999984063, 4551411.421784999780357 ], [ 718568.576094000018202, 4551410.964393000118434 ], [ 718525.420162, 4551406.086260000243783 ], [ 718497.26533099997323, 4551412.435453999787569 ], [ 718457.243569000042044, 4551393.260502999648452 ], [ 718407.296538, 4551404.349162999540567 ], [ 718373.996072, 4551432.11476599983871 ], [ 718367.648227000026964, 4551463.385049999691546 ], [ 718370.341305, 4551494.013880000449717 ], [ 718358.622633000020869, 4551493.66420799959451 ], [ 718349.111892999964766, 4551479.900879999622703 ], [ 718335.491839000023901, 4551452.535416999831796 ], [ 718307.295686000026762, 4551430.124757000245154 ], [ 718271.329054999980144, 4551426.362702 ], [ 718236.81247100001201, 4551434.312257000245154 ], [ 718179.658497, 4551445.187509000301361 ], [ 718135.30120500002522, 4551450.154914 ], [ 718095.302659000037238, 4551460.653177999891341 ], [ 718056.393170000053942, 4551434.323800000362098 ], [ 718015.899352999986149, 4551400.768751 ], [ 717991.589683, 4551399.144480000250041 ], [ 717943.824023999972269, 4551397.721835999749601 ], [ 717931.047631999943405, 4551372.182597000151873 ], [ 717924.321284999954514, 4551355.80246 ], [ 717889.102594000054523, 4551326.905838999897242 ], [ 717867.925381000037305, 4551310.995658 ], [ 717824.368162999977358, 4551319.578142000362277 ], [ 717802.806968000018969, 4551346.795508 ], [ 717780.74783100001514, 4551360.518633999861777 ], [ 717749.140771999955177, 4551391.926653999835253 ], [ 717749.166328000021167, 4551421.58670200034976 ], [ 717742.598171000019647, 4551490.588871999643743 ], [ 717745.506323999958113, 4551544.593306000344455 ], [ 717749.047237999970093, 4551577.04719000030309 ], [ 717785.857089000055566, 4551613.191463000141084 ], [ 717807.53183800005354, 4551642.584645999595523 ], [ 717816.784346999949776, 4551665.329564999789 ], [ 717817.362608000054024, 4551676.125923000276089 ], [ 717785.953174000023864, 4551670.701603 ], [ 717766.155341999954544, 4551669.212301 ], [ 717743.93695999996271, 4551688.320303999818861 ], [ 717758.154987000045367, 4551725.592493999749422 ], [ 717771.482767999987118, 4551762.827116999775171 ], [ 717791.313107999972999, 4551854.173271000385284 ], [ 717777.706366, 4551917.565282000228763 ], [ 717783.416888999985531, 4551968.063865999691188 ], [ 717813.071212999988347, 4552002.184128999710083 ], [ 717863.74121, 4552027.06232799962163 ], [ 717934.430362000013702, 4552046.236343 ], [ 717958.764663, 4552046.96119000017643 ], [ 717967.713644, 4552079.576395000331104 ], [ 717966.226460000034422, 4552099.30131 ], [ 717991.555637000012212, 4552127.014960999600589 ], [ 718026.165158999967389, 4552146.015196000225842 ], [ 718066.906289999955334, 4552140.939640999771655 ], [ 718104.755450999946333, 4552142.06781 ], [ 718150.611825000029057, 4552147.024271000176668 ], [ 718209.741911, 4552160.477951000444591 ], [ 718235.739613999961875, 4552165.742836000397801 ], [ 718257.583139, 4552159.20457199960947 ], [ 718273.707761000026949, 4552132.726479000411928 ], [ 718284.392931999987923, 4552046.789413999766111 ], [ 718308.891731000039726, 4552011.571134 ], [ 718331.286377000040375, 4552016.728822999633849 ], [ 718368.773245000047609, 4551999.878449000418186 ], [ 718372.630133999977261, 4551961.355095 ], [ 718378.923768999986351, 4551931.894547999836504 ], [ 718393.255417000036687, 4551874.814654000103474 ], [ 718400.66272200003732, 4551838.186401999555528 ], [ 718410.051157, 4551825.887176999822259 ], [ 718440.533979999949224, 4551832.186706 ], [ 718484.90777499997057, 4551826.321659999899566 ], [ 718505.160704000038095, 4551812.557822999544442 ], [ 718573.378128999960609, 4551763.366089000366628 ], [ 718621.874083, 4551740.556001000106335 ], [ 718635.470299000036903, 4551738.27296799980104 ], [ 718690.664377999957651, 4551732.732416000217199 ], [ 718740.998830000055023, 4551738.726366999559104 ], [ 718762.871028000023216, 4551731.290229000151157 ], [ 718781.050509999971837, 4551726.444114999845624 ], [ 718806.105307, 4551733.482992 ], [ 718826.962800999986939, 4551729.61718999966979 ], [ 718840.970621000044048, 4551713.856107999570668 ], [ 718930.350790000054985, 4551711.140032 ], [ 718972.182153000030667, 4551699.81216000020504 ], [ 719007.633030000026338, 4551690.982815999537706 ], [ 719059.526117000030354, 4551644.918375000357628 ], [ 719101.292642000014894, 4551605.729833000339568 ], [ 719131.125901, 4551573.374047 ], [ 719135.69782799994573, 4551541.150894000194967 ], [ 719162.530593, 4551518.595630999654531 ], [ 719232.607974000042304, 4551498.224840000271797 ], [ 719311.314187000039965, 4551490.703935000114143 ], [ 719358.296160000027157, 4551457.962787000462413 ], [ 719431.646833, 4551402.498061000369489 ], [ 719504.806839999975637, 4551379.499564000405371 ], [ 719526.917196, 4551394.464803 ], [ 719519.080643999972381, 4551405.12017699982971 ], [ 719476.365442999987863, 4551416.107439000159502 ], [ 719425.084542999975383, 4551439.084288000129163 ], [ 719387.511346000013873, 4551483.5864920001477 ], [ 719353.105455999961123, 4551513.881778 ], [ 719251.030786999966949, 4551566.675171 ], [ 719151.977097, 4551678.112967999652028 ], [ 719075.728692000033334, 4551758.919181000441313 ], [ 719031.765970999957062, 4551788.929697000421584 ], [ 718893.374548999941908, 4551821.560278999619186 ], [ 718792.182788999984041, 4551845.093085000291467 ], [ 718757.92609199997969, 4551847.48044400010258 ], [ 718665.614109999965876, 4551871.280419000424445 ], [ 718602.597749999957159, 4551921.148953 ], [ 718582.099349000025541, 4551943.695255000144243 ], [ 718530.823287999955937, 4551989.825624000281096 ], [ 718510.639962999965064, 4552024.638709999620914 ], [ 718493.46940399997402, 4552073.154741999693215 ], [ 718492.351749000023119, 4552110.581945000216365 ], [ 718490.159712999942712, 4552160.901022000238299 ], [ 718481.18726300005801, 4552209.673000000417233 ], [ 718487.721453999984078, 4552242.550289999693632 ], [ 718504.755188000039198, 4552267.573393000289798 ], [ 718553.915958, 4552292.189333000220358 ], [ 718597.362948999973014, 4552302.344079 ], [ 718609.832031999947503, 4552319.741175999864936 ], [ 718661.34378800005652, 4552357.374342000111938 ], [ 718760.880454999976791, 4552388.942742000333965 ], [ 718901.361414000042714, 4552468.732935000211 ], [ 718954.638779000029899, 4552492.797058000229299 ], [ 718961.565702000050806, 4552512.751570999622345 ], [ 718938.940138999954797, 4552514.808133999817073 ], [ 718860.48807099997066, 4552509.727008 ], [ 718836.156124999979511, 4552523.301102000288665 ], [ 718825.803974000038579, 4552549.550667 ], [ 718837.742990000057034, 4552584.634816000238061 ], [ 718825.100433000014164, 4552595.836016999557614 ], [ 718807.385292000020854, 4552593.939283000305295 ], [ 718793.254278999986127, 4552563.556957 ], [ 718723.531927000032738, 4552517.888311999849975 ], [ 718661.658843999961391, 4552529.662797000259161 ], [ 718638.120414, 4552516.702061999589205 ], [ 718635.726952000055462, 4552482.581450999714434 ], [ 718600.58268, 4552446.126431999728084 ], [ 718531.231251999968663, 4552433.842039000242949 ], [ 718491.266498000011779, 4552398.599348999559879 ], [ 718427.467851000023074, 4552337.4419139996171 ], [ 718376.156138999969698, 4552316.163079 ], [ 718331.277198, 4552331.170277000404894 ], [ 718318.978606999968179, 4552353.961902 ], [ 718327.085539, 4552380.073932000435889 ], [ 718329.845973000046797, 4552401.948099000379443 ], [ 718321.910462000058033, 4552416.013189 ], [ 718315.142695000045933, 4552413.766513000242412 ], [ 718293.876081999973394, 4552393.384863999672234 ], [ 718244.463439999963157, 4552376.930909000337124 ], [ 718215.392421000055037, 4552412.157406999729574 ], [ 718205.785031000035815, 4552482.002333000302315 ], [ 718216.529543000040576, 4552557.232721 ], [ 718229.771451, 4552594.388148999772966 ], [ 718225.173639000044204, 4552611.275471 ], [ 718192.71741399995517, 4552645.034174 ], [ 718182.094397000037134, 4552703.280636000446975 ], [ 718186.071286999969743, 4552707.488679000176489 ], [ 718193.101656000013463, 4552724.033866000361741 ], [ 718185.482834000024013, 4552727.218186000362039 ], [ 718168.183358, 4552757.339614000171423 ], [ 718177.132804999942891, 4552778.031453999690711 ], [ 718171.389342, 4552787.39475 ], [ 718141.753017000039108, 4552749.739392000250518 ], [ 718117.605208000051789, 4552688.422465999610722 ], [ 718118.659909000038169, 4552653.04925400018692 ], [ 718133.421982, 4552593.559305000118911 ], [ 718119.135260000010021, 4552545.471501000225544 ], [ 718108.796785000013188, 4552502.268744999542832 ], [ 718121.853330999962054, 4552454.307225000113249 ], [ 718106.52177400002256, 4552395.286902000196278 ], [ 718095.400624, 4552378.608780999667943 ], [ 718042.009522999986075, 4552381.106781999580562 ], [ 718003.451768000028096, 4552344.553136000409722 ], [ 717986.416299000033177, 4552342.678694999776781 ], [ 717959.254604000016116, 4552359.571747999638319 ], [ 717924.592577000032179, 4552329.9466049997136 ], [ 717909.270820999983698, 4552293.396691 ], [ 717868.885370000032708, 4552272.446968000382185 ], [ 717843.428927000029944, 4552277.811963000334799 ], [ 717832.19716600002721, 4552310.848491 ], [ 717823.711015, 4552412.05329000018537 ], [ 717814.569394, 4552420.637807000428438 ], [ 717787.857805000036024, 4552491.34063300024718 ], [ 717794.11924899998121, 4552510.59614900033921 ], [ 717799.498020999948494, 4552536.626267000101507 ], [ 717780.778064999962226, 4552545.603524000383914 ], [ 717731.928588, 4552602.034657999873161 ], [ 717727.741255, 4552650.927411000244319 ], [ 717701.277437999960966, 4552621.547280999831855 ], [ 717705.286192000028677, 4552486.838273 ], [ 717675.601942999986932, 4552291.030237000435591 ], [ 717680.438066, 4552279.939367 ], [ 717658.774208000046201, 4552219.998444000259042 ], [ 717661.465926000033505, 4552205.254424000158906 ], [ 717626.603253999957815, 4552164.223423999734223 ], [ 717592.691159000038169, 4552167.259758000262082 ], [ 717537.915035999962129, 4552189.445023999549448 ], [ 717495.382020000019111, 4552194.025705000385642 ], [ 717439.921284000040032, 4552193.721856 ], [ 717376.613056999980472, 4552184.206379 ], [ 717302.881151000037789, 4552161.346928000450134 ], [ 717283.383099999977276, 4552164.812799000181258 ], [ 717273.570156999980099, 4552176.200596 ], [ 717263.365966000012122, 4552216.335872 ], [ 717260.061579999979585, 4552236.451341000385582 ], [ 717263.071414, 4552302.126554000191391 ], [ 717292.112677, 4552341.627120000310242 ], [ 717323.092730000033043, 4552376.69597200024873 ], [ 717328.574176999973133, 4552404.706690000370145 ], [ 717319.241393, 4552415.219678999856114 ], [ 717301.461773999966681, 4552436.705389999784529 ], [ 717270.640965000027791, 4552518.000133999623358 ], [ 717237.075783999986015, 4552585.289539 ], [ 717223.134655999951065, 4552583.975456999614835 ], [ 717220.629900999949314, 4552577.166921 ], [ 717226.211809, 4552556.218956000171602 ], [ 717234.964563000015914, 4552504.361335 ], [ 717216.574061000021175, 4552485.846393000334501 ], [ 717214.696217000018805, 4552473.211315000429749 ], [ 717210.720852000056766, 4552409.752178000286222 ], [ 717202.854421, 4552370.88056099973619 ], [ 717186.720013999962248, 4552367.256742999888957 ], [ 717177.801422000047751, 4552379.115693000145257 ], [ 717155.92027300002519, 4552402.280198000371456 ], [ 717115.721318, 4552434.780097000300884 ], [ 717060.536041000043042, 4552470.880470000207424 ], [ 717036.636576000018977, 4552501.175167 ], [ 717033.859711, 4552549.154167000204325 ], [ 717036.391557, 4552630.994757000356913 ], [ 717021.439314999966882, 4552679.068161999806762 ], [ 717011.32042999996338, 4552685.502125999890268 ], [ 717003.846908999956213, 4552678.990774 ], [ 717003.693531000055373, 4552653.838732000440359 ], [ 717000.249350000056438, 4552633.067394999787211 ], [ 716986.9606859999476, 4552609.759339 ], [ 716975.876864, 4552573.048414999619126 ], [ 716929.629334999946877, 4552535.728117999620736 ], [ 716888.659073999966495, 4552533.624355999752879 ], [ 716837.303997999988496, 4552546.925996 ], [ 716824.556867999956012, 4552566.3060919996351 ], [ 716821.373212, 4552582.391440999694169 ], [ 716828.866645999951288, 4552603.271560999564826 ], [ 716844.242057000054047, 4552632.486293000169098 ], [ 716846.186944999964908, 4552642.878514000214636 ], [ 716838.799346999963745, 4552648.493563000112772 ], [ 716826.850385, 4552640.949640000239015 ], [ 716814.353298999951221, 4552621.265824999660254 ], [ 716798.24815, 4552601.919606000185013 ], [ 716781.748919000034221, 4552595.585523 ], [ 716747.198106999974698, 4552589.627837000414729 ], [ 716728.914547999971546, 4552582.796513999812305 ], [ 716712.221981000038795, 4552598.026084999553859 ], [ 716705.822804, 4552616.24981 ], [ 716704.329426000011154, 4552712.350286000408232 ], [ 716717.641442999942228, 4552780.574919000267982 ], [ 716717.358215000014752, 4552835.817533999681473 ], [ 716702.71268, 4552858.297483 ], [ 716690.763955999980681, 4552850.753771999850869 ], [ 716660.360956000047736, 4552811.226413999684155 ], [ 716627.567661999957636, 4552761.282757 ], [ 716608.648074000026099, 4552714.906004000455141 ], [ 716571.072991000022739, 4552674.255513000302017 ], [ 716547.236243000021204, 4552687.473713000304997 ], [ 716533.155772999976762, 4552705.925788999535143 ], [ 716511.275959, 4552713.812502999790013 ], [ 716461.199826000025496, 4552699.306820999830961 ], [ 716423.687861999962479, 4552702.241839 ], [ 716396.640271999989636, 4552717.16572 ], [ 716390.000921000028029, 4552728.192839000374079 ], [ 716360.696475, 4552819.425562 ], [ 716361.805866, 4552858.085059000179172 ], [ 716368.666898999945261, 4552869.967127 ], [ 716395.793290999950841, 4552913.452282000333071 ], [ 716395.594246999942698, 4552920.180507999844849 ], [ 716397.486435999977402, 4552932.371227 ], [ 716405.914258999982849, 4552952.378407999873161 ], [ 716425.163963999948464, 4552972.272409000433981 ], [ 716421.13801, 4553001.801183000206947 ], [ 716444.758583000046201, 4553041.582434999756515 ], [ 716480.86546, 4553055.6747190002352 ], [ 716529.073442999972031, 4553057.101657999679446 ], [ 716541.824737000046298, 4553083.526653000153601 ], [ 716548.59222, 4553098.550974000245333 ], [ 716519.82151200005319, 4553126.002569999545813 ], [ 716507.084439, 4553175.486944999545813 ], [ 716493.764036, 4553183.626993999816477 ], [ 716465.312584000057541, 4553200.309181000106037 ], [ 716455.45307699998375, 4553244.033653999678791 ], [ 716442.475645, 4553286.321263999678195 ], [ 716424.561032, 4553297.470278000459075 ], [ 716405.050724999979138, 4553347.209963999688625 ], [ 716399.066556000034325, 4553366.790765999816358 ], [ 716387.445801, 4553378.5816890001297 ], [ 716364.010476000024937, 4553469.521261 ], [ 716351.45158899994567, 4553482.62907600030303 ], [ 716334.007361999945715, 4553477.612525999546051 ], [ 716314.692225, 4553459.972554 ], [ 716296.603506000014022, 4553461.682264000177383 ], [ 716285.14231100003235, 4553468.088534999638796 ], [ 716255.101659000036307, 4553492.803151999600232 ], [ 716240.42142899997998, 4553531.895870000123978 ], [ 716245.2989209999796, 4553550.008835 ], [ 716272.32612500002142, 4553566.076484999619424 ], [ 716285.935772, 4553593.882154 ], [ 716281.160750000039116, 4553602.719755999743938 ], [ 716265.384306999971159, 4553602.708805999718606 ], [ 716244.870538000017405, 4553594.912479000166059 ], [ 716208.693827999988571, 4553598.332260999828577 ], [ 716203.174458, 4553602.213999000377953 ], [ 716182.513460000045598, 4553645.174905000254512 ], [ 716176.552991, 4553694.404407000169158 ], [ 716169.709653, 4553727.439282 ], [ 716172.675602999981493, 4553749.085 ], [ 716195.837418999988586, 4553743.491213000379503 ], [ 716225.824057, 4553720.563923999667168 ], [ 716245.967405, 4553695.112079000100493 ], [ 716280.577178, 4553683.556339000351727 ], [ 716304.186985000036657, 4553693.23345800023526 ], [ 716316.041663000010885, 4553703.918646999634802 ], [ 716370.96136800001841, 4553737.435999999754131 ], [ 716418.239646999980323, 4553739.735116000287235 ], [ 716418.47214199998416, 4553746.931730999611318 ], [ 716357.699261000030674, 4553774.325762 ], [ 716321.804062000010163, 4553783.598387000150979 ], [ 716271.070080999983475, 4553837.337545 ], [ 716239.639119999948889, 4553863.355618 ], [ 716220.330502999946475, 4553906.356394999660552 ], [ 716219.64282299997285, 4553944.962771000340581 ], [ 716223.52616200002376, 4553950.922721999697387 ], [ 716240.306438999949023, 4553947.374012 ], [ 716261.560284, 4553914.76535 ], [ 716290.448614, 4553898.551102999597788 ], [ 716286.554091, 4553908.314841999672353 ], [ 716274.056240999954753, 4553934.448285999707878 ], [ 716284.162764, 4553973.818439000286162 ], [ 716290.73690500005614, 4553980.302516000345349 ], [ 716311.763118, 4554001.137961000204086 ], [ 716358.068478, 4554020.92119500041008 ], [ 716360.009241000050679, 4554061.850096999667585 ], [ 716336.982746999943629, 4554078.237468999810517 ], [ 716322.272038999944925, 4554087.692299 ], [ 716308.707676999969408, 4554150.165064999833703 ], [ 716328.853005000040866, 4554170.074436999857426 ], [ 716348.67906800005585, 4554170.661038000136614 ], [ 716429.52161299996078, 4554226.948797999881208 ], [ 716428.428698000032455, 4554233.206082000397146 ], [ 716410.635895999963395, 4554240.313671000301838 ], [ 716399.928344000014476, 4554251.675920000299811 ], [ 716397.040407, 4554273.148556999862194 ], [ 716399.925460999947973, 4554297.49237500037998 ], [ 716407.871276000048965, 4554318.385556999593973 ], [ 716396.192266999976709, 4554317.139782000333071 ], [ 716367.794751, 4554301.475391999818385 ], [ 716335.03102300001774, 4554296.460981000214815 ], [ 716290.041477, 4554293.340866999700665 ], [ 716278.581845000036992, 4554299.736003000289202 ], [ 716276.926665000035428, 4554325.290048999711871 ], [ 716274.619021, 4554357.558919999748468 ], [ 716247.571390999946743, 4554387.751414 ], [ 716227.595072999945842, 4554392.550122999586165 ], [ 716204.122824999969453, 4554393.645084000192583 ], [ 716192.514975999947637, 4554389.712527999654412 ], [ 716191.627591999946162, 4554373.962231 ], [ 716194.850163000053726, 4554310.739019 ], [ 716155.97693700005766, 4554283.531093000434339 ], [ 716130.698648000019602, 4554284.584032 ], [ 716099.163994999951683, 4554314.188803000375628 ], [ 716086.751960000023246, 4554368.172697000205517 ], [ 716085.622225999948569, 4554391.04196 ], [ 716078.172872000024654, 4554414.180057999677956 ], [ 716083.609711, 4554428.709072000347078 ], [ 716088.998095000046305, 4554444.592372000217438 ], [ 716081.687489000032656, 4554447.965609 ], [ 716056.701473, 4554439.14848200045526 ], [ 716032.630010999972001, 4554445.171288000419736 ], [ 715991.672734000021592, 4554473.153439000248909 ], [ 715978.877652999944985, 4554494.333482 ], [ 715938.877988000051118, 4554505.275565000250936 ], [ 715890.393828999949619, 4554544.270544 ], [ 715845.941630000015721, 4554568.549825999885798 ], [ 715821.086011999985203, 4554585.784745999611914 ], [ 715811.347653000033461, 4554610.200078000314534 ], [ 715797.585530000040308, 4554618.3281429996714 ], [ 715762.91507999994792, 4554632.117625 ], [ 715755.23390999995172, 4554648.059430999681354 ], [ 715758.508041, 4554674.659060000441968 ], [ 715599.2677749999566, 4554742.513729999773204 ], [ 715505.789833000046201, 4554782.462251000106335 ], [ 715449.905015000025742, 4554787.849132999777794 ], [ 715442.102144, 4554759.47161899972707 ], [ 715433.959091000026092, 4554729.517253999598324 ], [ 715399.827262999955565, 4554675.727920999750495 ], [ 715366.295218999963254, 4554655.19343 ], [ 715304.578728999942541, 4554618.582902999594808 ], [ 715283.839237999985926, 4554603.114978999830782 ], [ 715285.008267999975942, 4554483.503073000349104 ], [ 715276.662727999966592, 4554407.015735999681056 ], [ 715272.549921000027098, 4554386.570216 ], [ 715218.272312000044622, 4554337.267148000188172 ], [ 715088.446187000023201, 4554347.981645000167191 ], [ 715014.489547000033781, 4554348.506636000238359 ], [ 714948.984841000055894, 4554276.517644999548793 ], [ 714908.362796999979764, 4554247.476175 ], [ 714927.809340000036173, 4554230.079237 ], [ 714966.730309, 4554224.933876999653876 ], [ 715002.57653299998492, 4554201.740857000462711 ], [ 715022.472041000030003, 4554169.089072000235319 ], [ 715034.027855, 4554174.818366999737918 ], [ 715048.419489, 4554176.141721 ], [ 715083.421647000010125, 4554181.660621999762952 ], [ 715101.063383999979123, 4554164.211016000248492 ], [ 715104.585823999950662, 4554136.467237000353634 ], [ 715081.209209, 4554103.442812000401318 ], [ 715097.158559, 4554051.817566 ], [ 715116.870301999966614, 4554025.43902700021863 ], [ 715173.046909000026062, 4554016.312978999689221 ], [ 715195.22450100001879, 4553967.560348000377417 ], [ 715187.481691000051796, 4553924.216779000125825 ], [ 715167.917799000046216, 4553853.578077999874949 ], [ 715156.413932000054047, 4553815.502254 ], [ 715081.44666200003121, 4553789.049914999864995 ], [ 715048.715091999969445, 4553767.418449000455439 ], [ 715049.718097000033595, 4553733.311028 ], [ 715054.931728999945335, 4553709.217357000336051 ], [ 715022.302498999983072, 4553622.915622999891639 ], [ 714990.253050999948755, 4553516.862420000135899 ], [ 714979.327855000039563, 4553459.046400000341237 ], [ 714819.807007999974303, 4553363.627531999722123 ], [ 714792.799694000044838, 4553361.934224000200629 ], [ 714734.689920000033453, 4553375.496067999862134 ], [ 714710.178541, 4553411.613497000187635 ], [ 714689.884776000049897, 4553427.186045999638736 ], [ 714639.97910600004252, 4553376.316261 ], [ 714599.684606999973767, 4553335.607636 ], [ 714561.974244000040926, 4553330.000788999721408 ], [ 714537.065268, 4553349.038716999813914 ], [ 714517.61759100004565, 4553366.436726000159979 ], [ 714504.390991, 4553325.622554999776185 ], [ 714519.362656999961473, 4553214.661732000298798 ], [ 714466.987013999954797, 4553155.631192999891937 ], [ 714445.094017000054009, 4553133.431602000258863 ], [ 714362.468952000024728, 4553152.567246000282466 ], [ 714303.771461999975145, 4553185.883918000385165 ], [ 714255.68112199997995, 4553226.701325999572873 ], [ 714246.564690000028349, 4553230.023511 ], [ 714215.962417999980971, 4553228.227064000442624 ], [ 714162.38047600002028, 4553241.037080000154674 ], [ 714068.914268000051379, 4553260.758552 ], [ 713997.173423000029288, 4553246.980259999632835 ], [ 713956.390442, 4553253.86565 ], [ 713940.132525000022724, 4553223.753956000320613 ], [ 713963.097587, 4553178.599212000146508 ], [ 713946.755050000036135, 4553120.626876999624074 ], [ 713919.944641, 4553050.669578 ], [ 713904.56711499998346, 4553021.472736 ], [ 713875.918717000051402, 4553014.345522999763489 ], [ 713842.766590000013821, 4553037.63402699958533 ], [ 713791.390300999977626, 4553067.568409999832511 ], [ 713766.307418999960646, 4553092.893255 ], [ 713751.97282400005497, 4553120.32132999971509 ], [ 713721.770105, 4553135.618003999814391 ], [ 713693.952797999954782, 4553099.768698000349104 ], [ 713671.998185000033118, 4553048.811613 ], [ 713643.255367, 4553013.835589 ], [ 713614.842805000022054, 4552998.626683999784291 ], [ 713619.536347000044771, 4552992.474299999885261 ], [ 713656.158260999945924, 4553004.333797000348568 ], [ 713697.463381999987178, 4553041.465934 ], [ 713730.910200000042096, 4553038.853973999619484 ], [ 713774.30483399995137, 4553004.18548099976033 ], [ 713824.730560999945737, 4552976.012222999706864 ], [ 713863.020571999950334, 4552961.863564999774098 ], [ 713945.147573999944143, 4552959.764823 ], [ 713989.418074000044726, 4552988.017911000177264 ], [ 714012.330434, 4553037.20392999984324 ], [ 714078.906621000031009, 4553073.288750000298023 ], [ 714145.177705000038259, 4553027.613045999780297 ], [ 714152.115620999946259, 4553006.25856 ], [ 714199.804375999956392, 4553040.891452999785542 ], [ 714277.354713, 4553071.910114999860525 ], [ 714371.104899000027217, 4553042.320688 ], [ 714435.058821000042371, 4553045.084304999560118 ], [ 714456.338793999981135, 4553026.850789000280201 ], [ 714478.238665999961086, 4552956.519271000288427 ], [ 714497.529330000048503, 4552944.505917999893427 ], [ 714522.748245000024326, 4553007.229386 ], [ 714623.660071, 4553133.268615 ], [ 714665.673739, 4553176.728016999550164 ], [ 714700.335348000051454, 4553163.377287000417709 ], [ 714713.766843999968842, 4553135.913205999881029 ], [ 714733.61322099994868, 4553135.606858000159264 ], [ 714746.504810999962501, 4553188.090614000335336 ], [ 714790.180660999962129, 4553205.541404999792576 ], [ 714834.702108000055887, 4553224.81749099958688 ], [ 714917.364574, 4553235.335726999677718 ], [ 714969.549940999946557, 4553270.106119000352919 ], [ 715019.081809, 4553272.462214999832213 ], [ 715057.823116000043228, 4553273.60126 ], [ 715058.414619000046514, 4553314.945182999596 ], [ 715136.86864300002344, 4553437.631821 ], [ 715159.483082000049762, 4553557.776366 ], [ 715194.233553000027314, 4553633.362288 ], [ 715252.703948999987915, 4553699.756639 ], [ 715307.130576999974437, 4553749.875184999778867 ], [ 715342.32814, 4553749.111379000358284 ], [ 715377.305780000053346, 4553724.994299000129104 ], [ 715428.658235999988392, 4553726.506903000175953 ], [ 715457.733689000015147, 4553749.821488999761641 ], [ 715442.573870999971405, 4553805.069791999645531 ], [ 715438.158969999989495, 4553893.871620000340044 ], [ 715446.190781999961473, 4553957.881873000413179 ], [ 715392.79568099998869, 4554025.483045999892056 ], [ 715353.03555300005246, 4554120.422368000261486 ], [ 715348.42816699994728, 4554184.971467999741435 ], [ 715379.748036999953911, 4554223.620303999632597 ], [ 715440.670271, 4554237.094189999625087 ], [ 715503.25710699998308, 4554255.107043 ], [ 715539.639634000021033, 4554305.584932000376284 ], [ 715540.809094000025652, 4554357.714057999663055 ], [ 715558.589855000027455, 4554396.864763 ], [ 715579.075703999958932, 4554405.547449000179768 ], [ 715690.354018999962136, 4554331.587431999854743 ], [ 715737.680197000037879, 4554286.267358000390232 ], [ 715740.465441999956965, 4554253.112472999840975 ], [ 715784.022349999984726, 4554213.082042999565601 ], [ 715812.059774999972433, 4554179.772350000217557 ], [ 715841.230372000019997, 4554077.332827 ], [ 715856.073256999952719, 4553941.233338000252843 ], [ 715876.658520999946631, 4553824.161074999719858 ], [ 715885.800392, 4553728.309004000388086 ], [ 715851.326287999982014, 4553704.833284 ], [ 715904.9050190000562, 4553630.950865999795496 ], [ 715916.327581000048667, 4553549.534443000331521 ], [ 715888.768876999965869, 4553505.604899999685585 ], [ 715897.301604000036605, 4553430.392755 ], [ 715886.670837000012398, 4553301.608989999629557 ], [ 715859.296349999960512, 4553251.395500999875367 ], [ 715780.404851999948733, 4553235.588309000246227 ], [ 715698.067489000037313, 4553244.838692000135779 ], [ 715666.740773000055924, 4553297.820817999541759 ], [ 715623.03984500002116, 4553311.800661000423133 ], [ 715582.844315, 4553329.484470999799669 ], [ 715570.963603000040166, 4553273.428209999576211 ], [ 715587.525398000027053, 4553231.700656999833882 ], [ 715575.254991000052541, 4553219.659935999661684 ], [ 715515.680436, 4553221.493545999750495 ], [ 715478.894651000038721, 4553215.020236999727786 ], [ 715479.820328, 4553183.599667999893427 ], [ 715466.333937000017613, 4553151.765638999640942 ], [ 715436.25202699995134, 4553101.463108999654651 ], [ 715391.85467399994377, 4553108.245315999723971 ], [ 715304.451101999962702, 4553044.57660000026226 ], [ 715244.019900999963284, 4552983.502884999848902 ], [ 715229.968683999963105, 4552939.962658000178635 ], [ 715259.160494999960065, 4552806.06302999984473 ], [ 715270.021745000034571, 4552743.487145000137389 ], [ 715221.964602999971248, 4552660.308964 ], [ 715159.221904000034556, 4552616.236688000150025 ], [ 715093.650467999977991, 4552576.571184 ], [ 715046.816539000021294, 4552543.757740999571979 ], [ 714973.156704999972135, 4552502.955556999891996 ], [ 714961.095097000012174, 4552483.732544999569654 ], [ 714976.0620920000365, 4552465.303751000203192 ], [ 715026.770540000055917, 4552458.704291 ], [ 715088.303846, 4552390.439268000423908 ], [ 715128.315954, 4552317.930351000279188 ], [ 715138.32181, 4552253.540129000321031 ], [ 715124.743469999986701, 4552193.834762999787927 ], [ 715138.821067000040784, 4552175.380091999657452 ], [ 715156.22839499998372, 4552135.46558399964124 ], [ 715159.989283, 4552099.628033 ], [ 715089.125476000015624, 4552024.770376999862492 ], [ 715051.510757999960333, 4551954.468797000125051 ], [ 715008.186658, 4551893.900701999664307 ], [ 715027.243708999943919, 4551889.960249999538064 ], [ 715103.033861999982037, 4551950.593845999799669 ], [ 715179.968491, 4552033.73095600027591 ], [ 715234.920050999964587, 4552097.342551000416279 ], [ 715227.767599000013433, 4552156.438296999782324 ], [ 715202.281815, 4552225.762554000131786 ], [ 715203.419948, 4552278.812637999653816 ], [ 715193.519010000047274, 4552339.61663500033319 ], [ 715158.916564999963157, 4552442.831938000395894 ], [ 715194.967990000033751, 4552504.987543 ], [ 715307.883408, 4552590.963022000156343 ], [ 715347.535947000025772, 4552653.225519999861717 ], [ 715384.271810999955051, 4552722.592059000395238 ], [ 715373.021768999984488, 4552798.624490999616683 ], [ 715350.416896000038832, 4552861.754637000150979 ], [ 715382.465121999965049, 4552906.714007999747992 ], [ 715514.471637999988161, 4552925.881543999537826 ], [ 715546.280406999983825, 4552978.924433000385761 ], [ 715565.386093999957666, 4553034.293405000120401 ], [ 715612.407893999945372, 4553060.837635999545455 ], [ 715662.356473000021651, 4553048.830926000140607 ], [ 715728.903509999974631, 4552994.187109 ], [ 715807.483327999943867, 4552959.678794000297785 ], [ 715827.891587, 4553001.60773800034076 ], [ 715910.282737000030465, 4553021.107861000113189 ], [ 715937.476855000015348, 4553016.521137 ], [ 715948.797762, 4552999.786781 ], [ 715938.881345, 4552968.946162999607623 ], [ 715924.831821999978274, 4552955.952232000418007 ], [ 715895.76490399998147, 4552902.088348999619484 ], [ 715915.800243000034243, 4552864.942180000245571 ], [ 715945.770598000031896, 4552857.737095000222325 ], [ 715971.507577999960631, 4552902.524082999676466 ], [ 716035.459986999980174, 4552935.860565000213683 ], [ 716057.192947000032291, 4552932.902060999535024 ], [ 716020.691761999973096, 4552886.007740999571979 ], [ 716009.985283000045456, 4552821.006527000106871 ], [ 716012.376908999984153, 4552770.760397000238299 ], [ 716025.277798000024632, 4552730.714609 ], [ 716017.440640000044368, 4552690.945410000160336 ], [ 715966.946864000055939, 4552659.806771 ], [ 715965.196522000012919, 4552627.407046999782324 ], [ 715939.837432999978773, 4552570.063264000229537 ], [ 715938.802325999946333, 4552513.426426 ], [ 715953.00330700003542, 4552521.035300999879837 ], [ 716014.896972000016831, 4552563.289355999790132 ], [ 716049.476513999979943, 4552552.631418 ], [ 716077.783347000018694, 4552540.888260000385344 ], [ 716101.644306999980472, 4552496.665791000239551 ], [ 716102.837440000032075, 4552456.274268000386655 ], [ 716132.308809999958612, 4552435.575789 ], [ 716135.570344, 4552416.803353000432253 ], [ 716126.157457, 4552368.908804999664426 ], [ 716147.497235000017099, 4552348.870249999687076 ], [ 716225.629989000037313, 4552299.07313400041312 ], [ 716226.585180000052787, 4552266.753256999887526 ], [ 716212.299344000057317, 4552231.282658999785781 ], [ 716183.040375999989919, 4552153.142686 ], [ 716134.543258000048809, 4552115.772531 ], [ 716135.22708900005091, 4552061.88669400010258 ], [ 716120.465910000028089, 4552012.022919000126421 ], [ 716106.732767999987118, 4551988.259128999896348 ], [ 715993.583858, 4551940.891038999892771 ], [ 715960.291530000045896, 4551907.560340999625623 ], [ 715983.588568, 4551882.189550000242889 ], [ 716067.74763, 4551872.99512100033462 ], [ 716067.458631000015885, 4551852.317626999691129 ], [ 716047.710683000041172, 4551787.938573 ], [ 715992.657648999942467, 4551727.89578 ], [ 715933.567344999988563, 4551682.124796999618411 ], [ 715974.706253999960609, 4551663.570034 ], [ 715985.336179999983869, 4551609.066646000370383 ], [ 715981.383646999951452, 4551559.533458 ], [ 715925.298403, 4551473.413603999651968 ], [ 715883.835906, 4551441.631472 ], [ 715842.962338999961503, 4551420.657025 ], [ 715782.915553999948315, 4551407.207223 ], [ 715739.733591999975033, 4551372.686100999824703 ], [ 715697.053150999941863, 4551351.659258999861777 ], [ 715658.779274999978952, 4551273.245318000204861 ], [ 715634.593686999985948, 4551236.584423 ], [ 715591.066468999953941, 4551183.185476000420749 ], [ 715598.829636999987997, 4551164.545508 ], [ 715738.169, 4551272.884869 ], [ 715862.280537000042386, 4551346.640972999855876 ], [ 715976.719738999963738, 4551350.917450999841094 ], [ 716010.864891999983229, 4551324.966699999757111 ], [ 716029.871016000048257, 4551322.827412 ], [ 716023.347758000018075, 4551360.38344 ], [ 716053.517066000029445, 4551469.108124 ], [ 716099.163303000037558, 4551511.793790999799967 ], [ 716157.718148999963887, 4551544.971076999790967 ], [ 716190.110223999945447, 4551517.169185999780893 ], [ 716309.28842, 4551513.501248000189662 ], [ 716386.399584, 4551468.153326 ], [ 716422.901564999949187, 4551484.512241999618709 ], [ 716438.113658000016585, 4551519.110464000143111 ], [ 716381.783029000042006, 4551532.724148999899626 ], [ 716365.90339800005313, 4551551.123429999686778 ], [ 716353.070203999988735, 4551588.481608999893069 ], [ 716342.289110000012442, 4551556.714874999597669 ], [ 716284.498135, 4551558.5959 ], [ 716270.159421000047587, 4551586.030810000374913 ], [ 716245.448984000016935, 4551628.438736 ], [ 716241.82091, 4551690.32737 ], [ 716317.122760000056587, 4551797.687106000259519 ], [ 716351.737384999985807, 4551816.690290999598801 ], [ 716352.587774000014178, 4551849.063551999628544 ], [ 716316.770501, 4551870.462712000124156 ], [ 716307.049257999984547, 4551894.433632999658585 ], [ 716308.927696999977343, 4551952.895782000385225 ], [ 716335.777106, 4551990.538200999610126 ], [ 716342.480966, 4552068.900867000222206 ], [ 716368.741369999945164, 4552095.735918000340462 ], [ 716388.679123, 4552092.736244999803603 ], [ 716379.552126000053249, 4552157.162608999758959 ], [ 716391.376197000034153, 4552215.018894 ], [ 716429.592310999985784, 4552234.118016 ], [ 716457.214802999980748, 4552215.166241999715567 ], [ 716474.598879000055604, 4552206.690647999756038 ], [ 716484.275277000037022, 4552245.614752000197768 ], [ 716490.711671, 4552271.863772000186145 ], [ 716528.958415, 4552259.516265000216663 ], [ 716511.256207, 4552217.665373999625444 ], [ 716533.443037000019103, 4552199.453119999729097 ], [ 716620.035176999983378, 4552168.768046 ], [ 716670.662908000056632, 4552195.425661999732256 ], [ 716722.425385999958962, 4552183.479386 ], [ 716820.780347, 4552243.00015200022608 ], [ 716861.220831000013277, 4552278.347234999760985 ], [ 716899.210413999971934, 4552274.983958000317216 ], [ 716948.577832999988459, 4552130.885796000249684 ], [ 716981.982583999983035, 4552068.968831 ], [ 716984.880021000048146, 4552032.21700800023973 ], [ 717036.043290999950841, 4551949.268752999603748 ], [ 717161.88457, 4551873.037262000143528 ], [ 717237.379694, 4551851.908700999803841 ], [ 717309.023239, 4551838.756383 ], [ 717389.840440999949351, 4551851.047049 ], [ 717413.54339699994307, 4551842.761284000240266 ], [ 717424.620806999970227, 4551834.111541000194848 ], [ 717429.414017, 4551787.959357 ], [ 717430.88138599996455, 4551773.378929999656975 ], [ 717408.90567, 4551708.240248999558389 ], [ 717408.131238, 4551674.313064999878407 ] ] ] } },
{ "type": "Feature", "properties": { "_group_key": "__all__", "_group_by": [ ], "_feature_count": 207, "_dissolved_count": 207, "_dissolve_status": "success", "_dissolve_engine": "shapely" }, "geometry": { "type": "Polygon", "coordinates": [ [ [ 672405.884931999957189, 4556870.409629999659956 ], [ 672486.311084000044502, 4556791.172642 ], [ 672498.730395999969915, 4556782.29037700034678 ], [ 672506.173446999979205, 4556770.069179999642074 ], [ 672509.961867999983951, 4556765.037677999585867 ], [ 672515.672916000010446, 4556750.065139999613166 ], [ 672517.833303999970667, 4556722.2341 ], [ 672515.336606999975629, 4556700.302717000246048 ], [ 672508.946693000034429, 4556672.90293600037694 ], [ 672506.32820999994874, 4556646.880796999670565 ], [ 672506.637861000024714, 4556636.612850000150502 ], [ 672507.143474000040442, 4556631.203897000290453 ], [ 672512.450226000044495, 4556622.331419999711215 ], [ 672521.893312999978662, 4556615.034047000110149 ], [ 672535.388782999943942, 4556602.911376999691129 ], [ 672547.641930000041611, 4556597.524395000189543 ], [ 672560.834041, 4556593.625920999795198 ], [ 672574.81744599994272, 4556583.603222000412643 ], [ 672582.562156999949366, 4556575.688164000399411 ], [ 672593.672945, 4556556.455426 ], [ 672601.508729, 4556543.2660499997437 ], [ 672594.753292000037618, 4556539.873901999555528 ], [ 672609.810416999971494, 4556510.359181 ], [ 672631.251049999962561, 4556470.486786000430584 ], [ 672653.630875000031665, 4556429.614667000249028 ], [ 672685.390894999960437, 4556369.569056999869645 ], [ 672691.463483000057749, 4556372.367503999732435 ], [ 672712.40679000003729, 4556319.109042 ], [ 672718.013918000040576, 4556302.16798899974674 ], [ 672715.706355000031181, 4556267.632966999895871 ], [ 672696.752986000035889, 4556251.266597 ], [ 672680.517849000054412, 4556237.497240000404418 ], [ 672668.716548, 4556232.263980000279844 ], [ 672646.401416999986395, 4556230.925715000368655 ], [ 672646.426312000025064, 4556234.847565 ], [ 672628.161950999987312, 4556233.382911000400782 ], [ 672615.202868000022136, 4556233.076724999584258 ], [ 672566.066036000032909, 4556239.869574000127614 ], [ 672544.46411599998828, 4556242.469724000431597 ], [ 672520.957986, 4556242.492262000218034 ], [ 672485.465061999973841, 4556240.154606999829412 ], [ 672458.59878200001549, 4556240.220208999700844 ], [ 672437.911573000019416, 4556233.955563999712467 ], [ 672430.814651999971829, 4556235.409888999536633 ], [ 672419.019389000022784, 4556226.355902999639511 ], [ 672414.260096000041813, 4556222.700016999617219 ], [ 672408.452551999944262, 4556213.642947000451386 ], [ 672405.099325999966823, 4556208.409533999860287 ], [ 672402.435004999977536, 4556198.893439999781549 ], [ 672403.715211999951862, 4556188.770598 ], [ 672406.4646659999853, 4556175.105530999600887 ], [ 672413.338479000027291, 4556165.670105 ], [ 672415.803120999946259, 4556162.295779 ], [ 672430.457058000029065, 4556144.879316999576986 ], [ 672454.32574, 4556134.134340000338852 ], [ 672473.701271999976598, 4556127.671179000288248 ], [ 672494.114385999972001, 4556116.38931000046432 ], [ 672511.569479999947362, 4556108.036914999596775 ], [ 672516.164911000058055, 4556114.366112000308931 ], [ 672530.691569000016898, 4556107.333162999711931 ], [ 672569.527107, 4556085.866929000243545 ], [ 672599.602305999957025, 4556072.280843 ], [ 672634.179896999965422, 4556054.746693000197411 ], [ 672672.030058, 4556035.201658999547362 ], [ 672683.201486999983899, 4556029.433821000158787 ], [ 672724.180822000023909, 4556011.107163 ], [ 672736.45667800004594, 4556016.884916 ], [ 672742.13914800004568, 4556026.250335000455379 ], [ 672767.104098999989219, 4556013.577174999751151 ], [ 672767.751409000018612, 4556015.325391000136733 ], [ 672789.584178, 4556022.528927000239491 ], [ 672791.925017999950796, 4556028.66057899966836 ], [ 672805.903907999978401, 4556022.792689999565482 ], [ 672801.904344000038691, 4556015.777564999647439 ], [ 672800.955839999951422, 4556006.87952100019902 ], [ 672794.623386000050232, 4556000.497949000447989 ], [ 672792.827431999961846, 4555978.42752099968493 ], [ 672789.478024999960326, 4555973.038498999550939 ], [ 672811.213693000026979, 4555945.292770000174642 ], [ 672832.0699569999706, 4555920.292289 ], [ 672875.149265000014566, 4555892.762796999886632 ], [ 672915.533155999961309, 4555867.358112 ], [ 672914.544509000028484, 4555875.066168 ], [ 672923.428322999970987, 4555876.198401999659836 ], [ 672924.053909, 4555869.637029999867082 ], [ 672944.679488, 4555873.924255999736488 ], [ 672945.247676, 4555879.014247000217438 ], [ 672955.778763000038452, 4555879.385704999789596 ], [ 672967.154006000026129, 4555878.15533300023526 ], [ 672989.710450000013225, 4555869.347143 ], [ 672994.920190999982879, 4555855.040655000135303 ], [ 673001.033831999986432, 4555846.187585 ], [ 673028.900693999952637, 4555813.511063000187278 ], [ 673069.643109999946319, 4555765.56558100041002 ], [ 673099.212432999978773, 4555719.899443999864161 ], [ 673112.240769000025466, 4555697.824613000266254 ], [ 673118.488428000011481, 4555644.330063999630511 ], [ 673117.242680000024848, 4555628.493270999751985 ], [ 673115.272664000047371, 4555608.840242000296712 ], [ 673115.617105999961495, 4555604.227300000376999 ], [ 673116.058291999972425, 4555596.239690000191331 ], [ 673120.577930000028573, 4555587.682195000350475 ], [ 673132.325363000039943, 4555574.308260999619961 ], [ 673172.663925, 4555522.221361 ], [ 673181.186843, 4555498.906805999577045 ], [ 673199.2997360000154, 4555444.116101000458002 ], [ 673214.895136, 4555403.417891999706626 ], [ 673234.481662999955006, 4555327.933868000283837 ], [ 673245.320340999984182, 4555309.695272999815643 ], [ 673253.238680999958888, 4555300.918487000279129 ], [ 673238.027114000055008, 4555287.849854 ], [ 673238.877678000018932, 4555251.967596 ], [ 673239.000306, 4555208.880935999564826 ], [ 673222.445660999976099, 4555185.138647000305355 ], [ 673044.181471999967471, 4555064.221924000419676 ], [ 673011.711024999967776, 4555065.241672 ], [ 672965.508333, 4555075.823043 ], [ 672894.914922000025399, 4555088.515902999788523 ], [ 672846.086229, 4555095.436773999594152 ], [ 672800.265943999984302, 4555089.865512000396848 ], [ 672759.885526999947615, 4555082.634673999622464 ], [ 672730.393804, 4555072.062277999706566 ], [ 672705.494867000030354, 4555057.999417999759316 ], [ 672683.171403000014834, 4555049.3961659995839 ], [ 672671.355039000045508, 4555053.604775999672711 ], [ 672669.176976999966428, 4555069.715998999774456 ], [ 672680.497555, 4555086.135029000230134 ], [ 672715.140846999944188, 4555107.604085000231862 ], [ 672755.05430299998261, 4555134.58545000012964 ], [ 672788.875600000028498, 4555152.43633500020951 ], [ 672827.217146, 4555169.505606000311673 ], [ 672864.596773999975994, 4555189.240566000342369 ], [ 672889.325305999955162, 4555210.476001 ], [ 672890.121152000036091, 4555240.032042999751866 ], [ 672887.153857999946922, 4555264.27812 ], [ 672853.085586, 4555294.897908999584615 ], [ 672820.327434999984689, 4555308.486340000294149 ], [ 672774.436573000042699, 4555305.601726000197232 ], [ 672724.986798000056297, 4555300.844839000143111 ], [ 672699.940171999973245, 4555293.065802000463009 ], [ 672638.136479999986477, 4555277.2424649996683 ], [ 672635.043838000041433, 4555255.630277000367641 ], [ 672622.880588999949396, 4555236.492065999656916 ], [ 672568.914337, 4555193.916686999611557 ], [ 672509.231971999979578, 4555164.681258999742568 ], [ 672514.036161000025459, 4555152.231103000231087 ], [ 672514.480876000015996, 4555133.390714 ], [ 672507.282446000026539, 4555094.619257999584079 ], [ 672504.549341000034474, 4555057.752759999595582 ], [ 672512.471958999987692, 4555027.413990000262856 ], [ 672523.097696000011638, 4554997.139031000435352 ], [ 672523.627056999946944, 4554974.712644999846816 ], [ 672521.495788999949582, 4554950.423902999609709 ], [ 672513.110935, 4554924.188008000142872 ], [ 672500.315511, 4554893.360258 ], [ 672488.981997000053525, 4554915.542771000415087 ], [ 672463.129322999971919, 4554941.859358999878168 ], [ 672428.353986999951303, 4554964.377531000413001 ], [ 672394.540462999953888, 4554984.230322999879718 ], [ 672348.982654000050388, 4555005.605866 ], [ 672292.507453999947757, 4555031.200975 ], [ 672194.161797999986447, 4555074.660753999836743 ], [ 672123.961093000019901, 4555108.920381000265479 ], [ 672058.340778999961913, 4555140.589154999703169 ], [ 672041.046764999977313, 4555149.879605 ], [ 672042.226762, 4555174.32347199972719 ], [ 672038.553018999984488, 4555196.231468999758363 ], [ 672060.199407999985851, 4555214.692099999636412 ], [ 672076.640242, 4555224.51014900021255 ], [ 672051.772744999965653, 4555247.263271999545395 ], [ 672047.062221999978647, 4555256.127903999760747 ], [ 672047.993402000050992, 4555273.656542999669909 ], [ 672046.344265999970958, 4555286.625567000359297 ], [ 672042.523561, 4555295.511149000376463 ], [ 672044.580889999982901, 4555304.09077399969101 ], [ 672049.76719799998682, 4555313.188393999822438 ], [ 672068.05621800001245, 4555340.101227999664843 ], [ 672054.17896299995482, 4555432.240214000456035 ], [ 672045.373452999978326, 4555461.647706000134349 ], [ 672035.257289999979548, 4555470.385080999694765 ], [ 672015.045944000012241, 4555486.971695999614894 ], [ 672015.630221999948844, 4555488.196255999617279 ], [ 672034.793236, 4555528.270757 ], [ 672051.265528999967501, 4555574.891427 ], [ 672055.362381999962963, 4555611.345451000146568 ], [ 672061.727840999956243, 4555647.397456999868155 ], [ 672047.801798, 4555664.576294999569654 ], [ 672051.359613999957219, 4555685.754785000346601 ], [ 672048.497620000038296, 4555711.714222 ], [ 672043.631013000034727, 4555726.862487999722362 ], [ 672030.400483999983408, 4555753.033258000388741 ], [ 672015.913076000055298, 4555794.426199000328779 ], [ 672002.470901999971829, 4555791.42155299987644 ], [ 671977.267017, 4555790.372876999899745 ], [ 671938.433061999967322, 4555793.94675900042057 ], [ 671905.890035000047646, 4555798.568617000244558 ], [ 671891.033252, 4555798.21911200042814 ], [ 671882.577222, 4555793.532436000183225 ], [ 671841.945320999948308, 4555778.213720999658108 ], [ 671794.800735000055283, 4555771.273306 ], [ 671751.286502999952063, 4555763.518755 ], [ 671725.882098000030965, 4555751.702289000153542 ], [ 671649.571443, 4555720.73891399987042 ], [ 671631.305475999950431, 4555711.77869 ], [ 671609.14098499994725, 4555696.45077 ], [ 671586.120499999960884, 4555679.303279999643564 ], [ 671572.378203999949619, 4555698.00911 ], [ 671560.518412000034004, 4555714.159819999709725 ], [ 671562.061254999949597, 4555721.06096800044179 ], [ 671571.532927999971434, 4555763.339352999813855 ], [ 671556.825918999966234, 4555756.251314000226557 ], [ 671536.413428999949247, 4555743.20862300042063 ], [ 671528.97936200001277, 4555733.61428099963814 ], [ 671517.280800999957137, 4555732.884239000268281 ], [ 671504.578576999949291, 4555736.629516 ], [ 671487.209021999966353, 4555747.441231999546289 ], [ 671517.08127099997364, 4555760.705821 ], [ 671531.653770999982953, 4555773.16703400015831 ], [ 671540.386262999963947, 4555785.046845999546349 ], [ 671519.814904000028037, 4555873.585788000375032 ], [ 671491.345994999981485, 4555881.059948000125587 ], [ 671448.954915, 4555894.894719 ], [ 671428.948296000016853, 4555901.79009999986738 ], [ 671385.076971999951638, 4555919.667239 ], [ 671337.832983999978751, 4555938.842969000339508 ], [ 671284.442514, 4555960.140990000218153 ], [ 671259.789544000057504, 4555970.371461000293493 ], [ 671226.705490999971516, 4555982.015127999708056 ], [ 671180.90626900002826, 4555999.78161200042814 ], [ 671124.214292000047863, 4556020.092528999783099 ], [ 671101.982409000047483, 4556026.292374 ], [ 670995.171957000042312, 4556049.474177000112832 ], [ 670891.528122000047006, 4556069.432419000193477 ], [ 670816.451690000016242, 4556084.483589 ], [ 670779.890574999968521, 4556094.403903 ], [ 670698.849427000037394, 4556124.312943999655545 ], [ 670638.759973000036553, 4556157.522533000446856 ], [ 670583.853399000014178, 4556193.930572999641299 ], [ 670554.477194000035524, 4556215.19459499977529 ], [ 670479.459127999958582, 4556265.996702999807894 ], [ 670423.901207000017166, 4556306.278537999838591 ], [ 670397.07027999998536, 4556319.626828 ], [ 670372.073223000043072, 4556324.920094000175595 ], [ 670357.681277, 4556327.017184000462294 ], [ 670361.749492999981157, 4556352.783113 ], [ 670362.519244999974035, 4556362.987288 ], [ 670355.180299, 4556456.958208000287414 ], [ 670392.37080200004857, 4556484.751841999590397 ], [ 670425.598252000054345, 4556489.114869000390172 ], [ 670445.476378, 4556486.89043700043112 ], [ 670455.319582000025548, 4556517.778776999562979 ], [ 670464.779167999979109, 4556547.469606 ], [ 670468.210583999985829, 4556556.958337999880314 ], [ 670495.253386000054888, 4556631.647946 ], [ 670517.697232999955304, 4556673.461074000224471 ], [ 670512.235544000053778, 4556714.622859000228345 ], [ 670513.445350999943912, 4556739.777905999682844 ], [ 670530.348308000015095, 4556749.14793 ], [ 670547.473263000021689, 4556748.647963999770582 ], [ 670587.701821999973617, 4556723.560711000114679 ], [ 670606.173259999952279, 4556704.241650000214577 ], [ 670629.831442, 4556694.030342999845743 ], [ 670666.771451, 4556693.993516 ], [ 670726.597671999945305, 4556678.34033599961549 ], [ 670776.122466000029817, 4556679.497957999818027 ], [ 670810.632744999951683, 4556667.74139 ], [ 670835.260858000023291, 4556654.854101000353694 ], [ 670849.557729, 4556659.676194 ], [ 670860.845821999944746, 4556677.891144 ], [ 670843.234186999965459, 4556737.60820799972862 ], [ 670868.608985000057146, 4556769.615853999741375 ], [ 670901.763806, 4556738.97731 ], [ 670932.040017000050284, 4556715.458587000146508 ], [ 670951.137633000034839, 4556707.818674 ], [ 670971.007014999981038, 4556705.59548700042069 ], [ 670983.071465000044554, 4556690.626217000186443 ], [ 670997.189137, 4556626.328793000429869 ], [ 671030.050893999985419, 4556608.25846999976784 ], [ 671056.223759999964386, 4556606.171972 ], [ 671082.560059000039473, 4556751.285101000219584 ], [ 671115.909325000015087, 4556827.458104000426829 ], [ 671213.173756, 4556828.837456 ], [ 671269.035950000048615, 4556866.948781999759376 ], [ 671233.390215000021271, 4556927.142025999724865 ], [ 671206.251675999956205, 4556970.472484 ], [ 671215.797010999987833, 4556985.959011999890208 ], [ 671213.085440000053495, 4557005.634881 ], [ 671205.466379, 4557022.962953999638557 ], [ 671195.859038, 4557029.469394000247121 ], [ 671238.26219499995932, 4557084.305253 ], [ 671260.434387000044808, 4557118.48322799988091 ], [ 671275.384169999975711, 4557134.085469 ], [ 671305.187624000012875, 4557150.047213000245392 ], [ 671330.725390000035986, 4557175.317754000425339 ], [ 671353.657319, 4557196.050613 ], [ 671362.124670000048354, 4557199.83725200034678 ], [ 671290.086980000021867, 4557237.193128 ], [ 671414.06498200003989, 4557385.931676000356674 ], [ 671273.699402999947779, 4557551.795804999768734 ], [ 671272.43561399995815, 4557567.017868 ], [ 671255.870757000055164, 4557563.041418000124395 ], [ 671245.687856000033207, 4557593.761473 ], [ 671235.779332999954931, 4557632.119377000257373 ], [ 671225.677669, 4557640.402587999589741 ], [ 671225.035281999967992, 4557648.463262000121176 ], [ 671232.710391000029631, 4557667.038569999858737 ], [ 671228.604717000038363, 4557669.186180000193417 ], [ 671207.659821999957785, 4557659.730711 ], [ 671192.827949000056833, 4557658.483230999670923 ], [ 671183.223689, 4557664.534280999563634 ], [ 671182.178501000045799, 4557670.797078000381589 ], [ 671187.445984, 4557676.752411000430584 ], [ 671195.979153000051156, 4557696.69189800042659 ], [ 671203.640009999973699, 4557768.520042000338435 ], [ 671255.9330080000218, 4557754.438969000242651 ], [ 671282.484256000025198, 4557746.075065 ], [ 671294.049981000018306, 4557741.591993999667466 ], [ 671308.502013999968767, 4557723.591184999793768 ], [ 671318.131335000041872, 4557710.031668 ], [ 671341.657470999984071, 4557676.736596000380814 ], [ 671364.184016000013798, 4557642.396169000305235 ], [ 671382.389516000053845, 4557615.807973000220954 ], [ 671392.097809999948367, 4557602.472559999674559 ], [ 671406.108813000028022, 4557581.462325000204146 ], [ 671419.055672000045888, 4557563.581896999850869 ], [ 671445.683090999955311, 4557526.260943000204861 ], [ 671460.932767000049353, 4557502.213982 ], [ 671467.699588999967091, 4557492.941892 ], [ 671483.84246199997142, 4557469.83793400041759 ], [ 671498.035175999975763, 4557450.764965999871492 ], [ 671529.507086000056006, 4557419.923111 ], [ 671562.646531000034884, 4557388.520700000226498 ], [ 671566.648923999979161, 4557390.780844000168145 ], [ 671568.770782000035979, 4557389.097791000269353 ], [ 671566.451402000035159, 4557386.321766000241041 ], [ 671628.803160000010394, 4557339.887643000110984 ], [ 671630.843164999969304, 4557344.190073000267148 ], [ 671633.992076999973506, 4557343.108806 ], [ 671643.092101000016555, 4557354.975304 ], [ 671628.236532, 4557366.500993000343442 ], [ 671595.051898999954574, 4557394.091908000409603 ], [ 671586.842677999986336, 4557398.631182 ], [ 671567.575797999976203, 4557395.64584800042212 ], [ 671566.721673000021838, 4557397.691932000219822 ], [ 671590.926502999966033, 4557402.070736000314355 ], [ 671647.590746999951079, 4557355.769747000187635 ], [ 671635.16391, 4557335.404946999624372 ], [ 671676.593512000050396, 4557308.207945000380278 ], [ 671678.31737099995371, 4557309.170457 ], [ 671728.331069999956526, 4557295.438868000172079 ], [ 671726.462666, 4557289.196484999731183 ], [ 671790.842149000032805, 4557276.580683999694884 ], [ 671887.554429000010714, 4557253.740143000148237 ], [ 671890.683611999964342, 4557263.133692 ], [ 671915.704073, 4557257.846269000321627 ], [ 671942.110009000054561, 4557252.202754000201821 ], [ 671974.24942300003022, 4557244.839235999621451 ], [ 671973.729674999951385, 4557234.818369000218809 ], [ 671983.638421999989077, 4557233.363217 ], [ 672062.200061999959871, 4557215.085203000344336 ], [ 672066.733699999982491, 4557212.614868000149727 ], [ 672090.600661, 4557191.082639999687672 ], [ 672094.263614000054076, 4557179.238563000224531 ], [ 672097.544391999952495, 4557170.429174000397325 ], [ 672158.981680999975652, 4557132.386792000383139 ], [ 672174.758257, 4557135.635739999823272 ], [ 672231.067999999970198, 4557101.061065999791026 ], [ 672245.951251000049524, 4557081.305871999822557 ], [ 672287.384300000034273, 4557035.616771999746561 ], [ 672347.479513, 4556963.086012000218034 ], [ 672405.884931999957189, 4556870.409629999659956 ] ] ] } },
{ "type": "Feature", "properties": { "_group_key": "__all__", "_group_by": [ ], "_feature_count": 207, "_dissolved_count": 207, "_dissolve_status": "success", "_dissolve_engine": "shapely" }, "geometry": { "type": "Polygon", "coordinates": [ [ [ 674940.337286000023596, 4562950.837624000385404 ], [ 674928.994272000039928, 4562935.768648999743164 ], [ 674891.58383799996227, 4562900.345263999886811 ], [ 674861.420660999952815, 4562882.136660999618471 ], [ 674841.815763000049628, 4562873.590455999597907 ], [ 674825.633753999951296, 4562872.758061000145972 ], [ 674805.347977000055835, 4562874.060157 ], [ 674773.149211999960244, 4562884.052550000138581 ], [ 674742.721250999951735, 4562895.431673999875784 ], [ 674711.082986, 4562900.949853000231087 ], [ 674686.73617499996908, 4562902.610414000228047 ], [ 674656.512707000016235, 4562905.463313000276685 ], [ 674626.245924000046216, 4562910.126013999804854 ], [ 674594.650908999959938, 4562913.846118999645114 ], [ 674558.563249, 4562917.025552 ], [ 674540.252282000030391, 4562911.19945100042969 ], [ 674523.864167999941856, 4562900.053934999741614 ], [ 674515.027474, 4562893.110550000332296 ], [ 674501.189311999944039, 4562888.302528999745846 ], [ 674478.645716, 4562889.995833000168204 ], [ 674466.189756999956444, 4562883.876807999797165 ], [ 674457.923768999986351, 4562872.014903999865055 ], [ 674448.998625, 4562849.828394000418484 ], [ 674434.378687000018544, 4562821.229248999617994 ], [ 674418.928003999986686, 4562808.762269999831915 ], [ 674398.012872, 4562798.841803999617696 ], [ 674374.105301999952644, 4562782.12909 ], [ 674344.363647000049241, 4562764.821498 ], [ 674315.920575, 4562749.344685000367463 ], [ 674296.202327999984846, 4562726.900363000109792 ], [ 674275.615754000027664, 4562684.262035000137985 ], [ 674253.72950400004629, 4562583.294529000297189 ], [ 674230.256759000010788, 4562529.378777000121772 ], [ 674146.324509999947622, 4562443.970063 ], [ 674083.891844999976456, 4562381.948340999893844 ], [ 674044.601690000039525, 4562330.777239000424743 ], [ 674018.850670999963768, 4562296.981203 ], [ 673988.831190000055358, 4562253.218972999602556 ], [ 673968.416336999973282, 4562222.238753999583423 ], [ 673949.74249500001315, 4562193.544073999859393 ], [ 673936.815233999979682, 4562169.474395000375807 ], [ 673919.698487999965437, 4562151.125738999806345 ], [ 673866.26645, 4562145.363736 ], [ 673835.165255, 4562168.739068999886513 ], [ 673830.978637999971397, 4562171.882981999777257 ], [ 673816.953088999958709, 4562193.52148300036788 ], [ 673816.60060100001283, 4562208.309742 ], [ 673811.375049000023864, 4562257.507395000196993 ], [ 673807.613018000032753, 4562289.310532 ], [ 673797.05912, 4562329.361006 ], [ 673788.727158, 4562357.867062999866903 ], [ 673772.809174000052735, 4562383.937293999828398 ], [ 673711.784483999945223, 4562413.420719999819994 ], [ 673684.399079, 4562448.193691000342369 ], [ 673641.504164000041783, 4562491.573141999542713 ], [ 673570.269175000023097, 4562515.426869999617338 ], [ 673525.34696300001815, 4562530.509553999640048 ], [ 673463.72031300002709, 4562566.701303999871016 ], [ 673371.949678999953903, 4562621.472321 ], [ 673347.751937999972142, 4562654.966988 ], [ 673328.114974000025541, 4562685.448633999563754 ], [ 673308.199165, 4562728.02093300037086 ], [ 673279.594700000016019, 4562757.378637 ], [ 673161.32256400003098, 4562847.836199999786913 ], [ 673142.211357000051066, 4562848.459851000458002 ], [ 673133.209811000037007, 4562894.690980000421405 ], [ 673133.748541999957524, 4562947.613853000104427 ], [ 673127.220408000051975, 4562994.981257 ], [ 673102.918172999983653, 4563032.973113999702036 ], [ 673086.566517999977805, 4563039.305556000210345 ], [ 673073.322766000055708, 4563066.340409000404179 ], [ 673055.918073000037111, 4563117.037716000340879 ], [ 673035.751672000042163, 4563169.924541000276804 ], [ 673016.142896999954246, 4563218.770022000186145 ], [ 673006.105457999976352, 4563243.648252000100911 ], [ 672973.430666, 4563292.639201999641955 ], [ 672919.728021000046283, 4563355.928031999617815 ], [ 672875.731498999986798, 4563427.067861 ], [ 672882.874979999964125, 4563467.583536 ], [ 672895.664723000023514, 4563497.480069000273943 ], [ 672922.12404400005471, 4563520.524775000289083 ], [ 672951.393787999986671, 4563519.875063000246882 ], [ 672968.599027000018395, 4563515.351111000403762 ], [ 672987.82584099995438, 4563520.73957599978894 ], [ 673000.434292000019923, 4563558.252495000138879 ], [ 672999.094378, 4563614.707739000208676 ], [ 673006.676604000036605, 4563674.518478999845684 ], [ 672995.538440000033006, 4563726.708762000314891 ], [ 672990.325660999980755, 4563737.793583 ], [ 672968.512227999977767, 4563746.684851 ], [ 672956.88573500001803, 4563762.549693999812007 ], [ 672949.562135000014678, 4563786.581470999866724 ], [ 672943.50312699994538, 4563814.242433999665082 ], [ 672942.535783999948762, 4563855.01012699957937 ], [ 672952.658439000020735, 4563921.601789000444114 ], [ 672960.740338, 4563960.351413999684155 ], [ 672969.404835000052117, 4563993.282885000109673 ], [ 672972.195807000040077, 4564008.590080000460148 ], [ 672983.761751999962144, 4564033.081274 ], [ 672991.845903999987058, 4564052.990872000344098 ], [ 672971.827336000045761, 4564061.935797000303864 ], [ 672939.485632000025362, 4564078.653161999769509 ], [ 672905.753975, 4564096.681822 ], [ 672890.582456000032835, 4564129.047725000418723 ], [ 672883.605952000012621, 4564157.564537 ], [ 672892.682647999958135, 4564173.476268 ], [ 672878.865359000046737, 4564186.600955000147223 ], [ 672854.838317999965511, 4564194.095840999856591 ], [ 672827.68838099995628, 4564200.62805899977684 ], [ 672797.452218999969773, 4564203.943474999628961 ], [ 672768.655133, 4564222.989520999602973 ], [ 672720.712706999969669, 4564271.163967000320554 ], [ 672712.744110999978147, 4564303.700906000100076 ], [ 672715.799282999942079, 4564326.634719000197947 ], [ 672539.736547, 4564407.188875 ], [ 672409.714124000049196, 4564444.457658000290394 ], [ 672351.323106999974698, 4564420.659377000294626 ], [ 672218.682191999978386, 4564397.350377 ], [ 672157.680917000048794, 4564408.01726199965924 ], [ 671991.024621000047773, 4564471.766022999770939 ], [ 671772.610380999976769, 4564479.16678399965167 ], [ 671764.278033999959007, 4564508.107915 ], [ 671665.398646999965422, 4564483.816398999653757 ], [ 671583.410644000046887, 4564602.467790000140667 ], [ 671587.787250000052154, 4564626.776197999715805 ], [ 671561.400342999957502, 4564639.151785000227392 ], [ 671529.835941000026651, 4564641.996712000109255 ], [ 671517.982617, 4564648.449416999705136 ], [ 671535.890703000011854, 4564671.276745 ], [ 671562.422381000011228, 4564710.458873 ], [ 671579.508052999968641, 4564748.963228000327945 ], [ 671590.022247000015341, 4564780.136803000234067 ], [ 671602.718554000020958, 4564833.334351000376046 ], [ 671611.091438999981619, 4564859.969718 ], [ 671627.130658, 4564885.897002000361681 ], [ 671661.83523199998308, 4564921.68406100012362 ], [ 671673.39357099996414, 4564946.606107999570668 ], [ 671678.253924999968149, 4564969.581884999759495 ], [ 671678.570410000043921, 4564994.239062 ], [ 671673.2219, 4565030.426660999655724 ], [ 671666.98925500002224, 4565065.693643 ], [ 671663.656611999962479, 4565092.508754 ], [ 671663.759917999967001, 4565126.569795000366867 ], [ 671666.479823000030592, 4565163.847303000278771 ], [ 671671.835911000031047, 4565203.864079000428319 ], [ 671681.927895999979228, 4565233.683793 ], [ 671733.868865999975242, 4565320.965486000292003 ], [ 671749.781924, 4565351.822336999699473 ], [ 671758.542855, 4565381.155363 ], [ 671760.113258, 4565409.885634999722242 ], [ 671757.601096999947913, 4565440.308117999695241 ], [ 671750.482889999984764, 4565493.916523999534547 ], [ 671740.252751, 4565546.118548000231385 ], [ 671737.128797000041232, 4565564.429460999555886 ], [ 671741.916925000026822, 4565590.080783000215888 ], [ 671750.277494000038132, 4565617.171578000299633 ], [ 671770.553867000038736, 4565653.952263999730349 ], [ 671804.186340000014752, 4565716.153245000168681 ], [ 671810.343930999981239, 4565722.130447000265121 ], [ 671858.684549, 4565846.964092000387609 ], [ 671822.918145, 4565856.428987000137568 ], [ 671767.033007, 4565841.669599000364542 ], [ 671688.491037999978289, 4565814.268307999707758 ], [ 671573.884621000033803, 4565809.32391900010407 ], [ 671501.582077999948524, 4565822.862019999884069 ], [ 671431.453019, 4565820.322468999773264 ], [ 671378.129716999945231, 4565792.174052 ], [ 671371.759845, 4565757.065824000164866 ], [ 671346.516539999982342, 4565759.160218000411987 ], [ 671328.308357, 4565806.242836999706924 ], [ 671295.451968000037596, 4565826.087395000271499 ], [ 671229.740130000049248, 4565827.230589999817312 ], [ 671125.774479000014253, 4565848.092836 ], [ 670921.608146999962628, 4565844.187703999690711 ], [ 670792.233008999959566, 4565874.322708999738097 ], [ 670810.64901099994313, 4565933.018260999582708 ], [ 670831.602159, 4565960.403180000372231 ], [ 670884.850578999961726, 4565992.122723000124097 ], [ 670906.524954000022262, 4566065.236029 ], [ 670869.232935999985784, 4566082.290066 ], [ 670830.645040999981575, 4566116.343116999603808 ], [ 670877.716632000054233, 4566181.087595 ], [ 670898.787928999983706, 4566241.634239999577403 ], [ 670927.822019999963231, 4566499.565006 ], [ 670939.583357000024989, 4566573.334582 ], [ 670947.987665000022389, 4566598.625861999578774 ], [ 670968.328520999988541, 4566651.979638 ], [ 670974.981029000016861, 4566675.441371999680996 ], [ 671032.577592000016011, 4566801.330900999717414 ], [ 671068.098063000012189, 4566875.969956000335515 ], [ 671132.752943000057712, 4566853.028366000391543 ], [ 671140.895219000056386, 4566889.066778000444174 ], [ 671119.777596, 4566907.388217000290751 ], [ 671139.698851999943145, 4567054.843763999640942 ], [ 671121.713892000028864, 4567054.421052999794483 ], [ 671119.954000000027008, 4567091.126528999768198 ], [ 671149.482419, 4567098.096868 ], [ 671146.754380000056699, 4567137.456733000464737 ], [ 671229.184185000020079, 4567151.947418999858201 ], [ 671323.928701000055298, 4567139.835155 ], [ 671417.914255999960005, 4567159.976435 ], [ 671424.596998999943025, 4567220.175235000438988 ], [ 671318.288934999960475, 4567226.637526 ], [ 671286.283936999971047, 4567286.825690999627113 ], [ 671271.535446999943815, 4567340.254937999881804 ], [ 671235.74733699997887, 4567369.883698999881744 ], [ 671226.787651999969967, 4567444.94410500023514 ], [ 671228.517040999955498, 4567486.208394999615848 ], [ 671241.031381999957375, 4567527.737475999630988 ], [ 671260.353573999949731, 4567547.898476 ], [ 671284.738199000013992, 4567620.166421 ], [ 671272.688558000023477, 4567673.659160999581218 ], [ 671263.603282000054605, 4567715.557733000256121 ], [ 671264.099508999963291, 4567732.598739 ], [ 671243.58535499998834, 4567763.486534000374377 ], [ 671254.492255000048317, 4567758.910922000184655 ], [ 671265.184695999952964, 4567763.094887999817729 ], [ 671290.685497, 4567787.889219 ], [ 671392.388965000049211, 4567861.977457 ], [ 671410.034432000014931, 4567876.734043999575078 ], [ 671273.48372100002598, 4567983.738407 ], [ 671229.696613, 4568009.590800000354648 ], [ 671191.622214999981225, 4568022.136510999873281 ], [ 671208.804113000049256, 4568056.599302000366151 ], [ 671123.66480699996464, 4568081.479732000268996 ], [ 671122.590969000011683, 4568127.154838000424206 ], [ 671132.027255999972112, 4568223.254142999649048 ], [ 671145.858754000044428, 4568246.873894000425935 ], [ 671224.28098499996122, 4568278.289227000437677 ], [ 671264.347121000057086, 4568333.896901000291109 ], [ 671307.944043, 4568392.276200000196695 ], [ 671379.048916999949142, 4568505.057660999707878 ], [ 671392.940203999984078, 4568564.526588999666274 ], [ 671439.705146000022069, 4568679.423895999789238 ], [ 671475.181257999967784, 4568777.026200000196695 ], [ 671498.652182, 4568811.638085000216961 ], [ 671453.476508999941871, 4568896.586968 ], [ 671381.415426000021398, 4568901.165769999846816 ], [ 671322.646073000039905, 4568914.111886000260711 ], [ 671307.692104000016116, 4568930.778091000393033 ], [ 671310.824455, 4568945.859454000368714 ], [ 671314.253883, 4568945.829106999561191 ], [ 671317.996254, 4568953.870919999666512 ], [ 671325.195236, 4568961.083220000378788 ], [ 671319.873030000017025, 4568993.794726000167429 ], [ 671346.016579000046477, 4569020.282067 ], [ 671360.268229000037536, 4569034.503343 ], [ 671417.270596000016667, 4569048.842954000458121 ], [ 671439.063574000028893, 4569071.740090999752283 ], [ 671463.526538999984041, 4569083.069571999832988 ], [ 671509.499612999963574, 4569078.776509 ], [ 671539.463862000033259, 4569085.748071 ], [ 671558.615342000033706, 4569107.594658999703825 ], [ 671542.518993000034243, 4569146.750493000261486 ], [ 671529.500483999960124, 4569184.079351999796927 ], [ 671532.79925399995409, 4569196.698672000318766 ], [ 671524.725670999963768, 4569214.870778 ], [ 671530.773392, 4569244.584312000311911 ], [ 671557.40506500005722, 4569259.542232999578118 ], [ 671581.656969, 4569241.75165699981153 ], [ 671636.607158, 4569276.195635000243783 ], [ 671665.957529, 4569309.147327999584377 ], [ 671688.607346000033431, 4569302.061284 ], [ 671700.88474100001622, 4569315.348027000203729 ], [ 671716.104930000030436, 4569299.133236999623477 ], [ 671727.581208999967203, 4569308.357601 ], [ 671749.5036769999424, 4569294.089548000134528 ], [ 671740.968354000011459, 4569274.625815000385046 ], [ 671767.535831999965012, 4569292.282402000389993 ], [ 671784.82411599997431, 4569264.463674999773502 ], [ 671760.753258000011556, 4569236.568319999612868 ], [ 671748.002171, 4569224.170091999694705 ], [ 671746.589750000042841, 4569208.007109999656677 ], [ 671761.852445999975316, 4569190.004924999549985 ], [ 671795.663596999947913, 4569184.204664000310004 ], [ 671811.672923999954946, 4569191.747704000212252 ], [ 671842.723052000044845, 4569190.692478000186384 ], [ 671871.980249000014737, 4569189.595030999742448 ], [ 671884.035892999963835, 4569193.456774 ], [ 671930.303783999988809, 4569177.031670999713242 ], [ 671931.096122000017203, 4569164.431043 ], [ 671896.138951999950223, 4569140.31042299978435 ], [ 671909.325926000019535, 4569133.901275999844074 ], [ 671930.022147999959998, 4569152.763871000148356 ], [ 671951.808009000029415, 4569144.314054000191391 ], [ 671962.336905000032857, 4569155.315991000272334 ], [ 671999.698487999965437, 4569153.955136000178754 ], [ 672024.40100099996198, 4569174.256858999840915 ], [ 672065.620741000049748, 4569180.608058 ], [ 672099.739606000017375, 4569163.941151999868453 ], [ 672098.193248, 4569134.333492999896407 ], [ 672090.058004, 4569117.122715 ], [ 672102.880130999954417, 4569085.744261999614537 ], [ 672117.435469000018202, 4569078.912390000186861 ], [ 672129.38721399998758, 4569086.815607000142336 ], [ 672146.152917, 4569100.653639 ], [ 672158.333442999981344, 4569091.443966999650002 ], [ 672177.825701999943703, 4569092.438391 ], [ 672217.602601, 4569083.970735999755561 ], [ 672244.797377999988385, 4569074.761098000220954 ], [ 672261.132691, 4569068.882545 ], [ 672279.648859999957494, 4569084.550822 ], [ 672346.313497000024654, 4569079.853147 ], [ 672400.305223, 4569097.706237999722362 ], [ 672436.666668000048958, 4569100.367445000447333 ], [ 672457.040750000043772, 4569094.57393 ], [ 672477.542239999980666, 4569083.406914000399411 ], [ 672493.04710199998226, 4569074.376554000191391 ], [ 672511.987363000051118, 4569072.137283000163734 ], [ 672557.284432000014931, 4569091.451719 ], [ 672571.531064999988303, 4569105.786468000151217 ], [ 672585.780274000018835, 4569120.010223000310361 ], [ 672610.774005000013858, 4569135.399795000441372 ], [ 672620.165353000047617, 4569137.422186000272632 ], [ 672642.784751, 4569120.029489999637008 ], [ 672646.111616999958642, 4569086.515894999727607 ], [ 672643.040219999966212, 4569064.036892999894917 ], [ 672647.713686999981292, 4569037.720323000103235 ], [ 672668.387807999970391, 4569000.574804999865592 ], [ 672705.077042000018992, 4569008.166237000375986 ], [ 672717.578776999958791, 4568993.233016000129282 ], [ 672717.940071000019088, 4568978.011640000157058 ], [ 672732.717098, 4568980.59523900039494 ], [ 672747.840072000049986, 4568987.674975000321865 ], [ 672766.341249000048265, 4568966.163529000245035 ], [ 672765.315885000047274, 4568933.435324000194669 ], [ 672755.638088, 4568886.615895999595523 ], [ 672756.254589000018314, 4568860.647409000433981 ], [ 672767.545989, 4568843.741511999629438 ], [ 672759.989038, 4568826.232614000327885 ], [ 672761.111917000031099, 4568817.072421999648213 ], [ 672762.279399, 4568805.68045200034976 ], [ 672754.845161000033841, 4568796.772567000240088 ], [ 672764.044776999973692, 4568770.163591000251472 ], [ 672769.774117000051774, 4568764.723071999847889 ], [ 672770.349418999976479, 4568757.793827 ], [ 672770.638205999974161, 4568751.279908999800682 ], [ 672773.366165000014007, 4568745.490419999696314 ], [ 672777.582808000035584, 4568740.558314999565482 ], [ 672782.384561000042595, 4568739.583673999644816 ], [ 672791.305610000039451, 4568731.775050000287592 ], [ 672800.540488000027835, 4568728.05076 ], [ 672814.130989999976009, 4568724.840935000218451 ], [ 672829.573868999956176, 4568724.119029000401497 ], [ 672832.211760999984108, 4568728.125249000266194 ], [ 672836.236023999983445, 4568730.942444000393152 ], [ 672840.897403000039048, 4568730.231115000322461 ], [ 672843.429924000054598, 4568727.025321999564767 ], [ 672854.895320000010543, 4568727.164345 ], [ 672866.729057000018656, 4568723.090847999788821 ], [ 672875.092672999948263, 4568715.813403000123799 ], [ 672881.851707000052556, 4568707.264786000363529 ], [ 672879.316958999959752, 4568698.917515000328422 ], [ 672877.783305000048131, 4568694.659794 ], [ 672879.656419, 4568690.627415999770164 ], [ 672884.1896420000121, 4568680.137454000301659 ], [ 672892.318758000037633, 4568671.088178000412881 ], [ 672915.010121, 4568658.16361500043422 ], [ 672943.395802999963053, 4568645.518850999884307 ], [ 672978.376081999973394, 4568640.073827999643981 ], [ 673010.022697999957018, 4568642.614605000242591 ], [ 673018.999961000052281, 4568642.683619 ], [ 673025.917574999970384, 4568645.45862300042063 ], [ 673044.597755, 4568654.567541000433266 ], [ 673045.807060000021011, 4568658.006656999699771 ], [ 673043.828820999944583, 4568660.814543999731541 ], [ 673046.321016, 4568664.950685 ], [ 673047.743222999968566, 4568668.250451999716461 ], [ 673044.284435000037774, 4568670.212201000191271 ], [ 673045.315611999947578, 4568672.680626999586821 ], [ 673053.002712000044994, 4568676.9403 ], [ 673061.998206999967806, 4568677.298628999851644 ], [ 673069.743257, 4568673.128219 ], [ 673075.067022999981418, 4568673.121527000330389 ], [ 673085.960348000051454, 4568680.045808999799192 ], [ 673097.001020999974571, 4568692.405754 ], [ 673097.028395000030287, 4568696.894307999871671 ], [ 673100.958831000025384, 4568703.65300100017339 ], [ 673102.862969, 4568709.952476000413299 ], [ 673108.214075000025332, 4568714.434363 ], [ 673111.175232999958098, 4568722.114241999574006 ], [ 673109.038521999958903, 4568731.583546999841928 ], [ 673103.428523999988101, 4568731.994424000382423 ], [ 673099.612437000032514, 4568737.346900999546051 ], [ 673109.991745, 4568777.151781000196934 ], [ 673128.837903999956325, 4568796.884782999753952 ], [ 673135.315173999988474, 4568824.855011999607086 ], [ 673126.851443000021391, 4568859.590432999655604 ], [ 673136.819936000043526, 4568875.068707999773324 ], [ 673149.367090999963693, 4568895.973849000409245 ], [ 673166.974861999973655, 4568912.067188000306487 ], [ 673181.474475000053644, 4568926.309212000109255 ], [ 673189.088876000023447, 4568946.641583999618888 ], [ 673212.274423000053503, 4568965.422798999585211 ], [ 673232.432663999963552, 4568939.164059 ], [ 673238.23629799997434, 4568889.413111999630928 ], [ 673223.290912, 4568869.950388999655843 ], [ 673215.474073000019416, 4568858.122415999881923 ], [ 673210.342386999982409, 4568847.247061000205576 ], [ 673216.185472000041045, 4568821.191869 ], [ 673237.954039999982342, 4568815.344786000438035 ], [ 673259.759021, 4568830.505160000175238 ], [ 673276.252253000042401, 4568836.718822999857366 ], [ 673293.919063, 4568831.318564999848604 ], [ 673308.172814000048675, 4568818.216501000337303 ], [ 673309.916297000017948, 4568801.683857999742031 ], [ 673322.255037000053562, 4568796.478923999704421 ], [ 673374.91924099996686, 4568795.467274 ], [ 673406.777138, 4568789.816633 ], [ 673445.601991, 4568853.450523000210524 ], [ 673460.289853999973275, 4568870.330373999662697 ], [ 673488.731876999954693, 4568878.895587 ], [ 673493.835481000016443, 4568858.932721000164747 ], [ 673504.527126000029966, 4568844.401944999583066 ], [ 673510.339424, 4568827.066532 ], [ 673532.06356100004632, 4568813.954161000438035 ], [ 673546.97308999998495, 4568807.122380999848247 ], [ 673576.093683999963105, 4568790.409568999893963 ], [ 673614.228626, 4568765.535950000397861 ], [ 673619.916604000027291, 4568752.019041 ], [ 673616.963952000020072, 4568736.27419999986887 ], [ 673620.282162999967113, 4568728.96607 ], [ 673618.08403799997177, 4568720.24883 ], [ 673611.037596, 4568712.693427000194788 ], [ 673613.995253999950364, 4568705.387801 ], [ 673613.131691999966279, 4568694.847246999852359 ], [ 673605.765020000049844, 4568677.519653 ], [ 673601.970427999971434, 4568658.055537999607623 ], [ 673585.239428999950178, 4568637.549673999659717 ], [ 673569.50424399995245, 4568629.420489000156522 ], [ 673568.420422, 4568620.729847 ], [ 673550.605809999979101, 4568598.898511 ], [ 673541.566567, 4568597.205496000126004 ], [ 673540.101602999959141, 4568580.940743999555707 ], [ 673535.647937000030652, 4568573.636102999560535 ], [ 673529.605544000049122, 4568570.725956000387669 ], [ 673523.352602, 4568568.910555000416934 ], [ 673523.339536000043154, 4568561.722912999801338 ], [ 673525.459732000017539, 4568550.509239999577403 ], [ 673528.764418, 4568543.767292000353336 ], [ 673534.302442000014707, 4568536.889751000329852 ], [ 673550.740939000039361, 4568531.005322 ], [ 673549.156900999951176, 4568527.468306000344455 ], [ 673540.13494899997022, 4568525.398013999685645 ], [ 673535.198556000017561, 4568522.514238 ], [ 673531.832791000022553, 4568516.346413999795914 ], [ 673527.010312999947928, 4568516.420275 ], [ 673526.690245999954641, 4568506.636985000222921 ], [ 673531.395101999980398, 4568495.67378900013864 ], [ 673535.502739000017755, 4568486.551509000360966 ], [ 673536.815183000057004, 4568478.273493999615312 ], [ 673530.799708000035025, 4568466.14376899972558 ], [ 673527.60121, 4568452.9592380002141 ], [ 673525.280720000038855, 4568433.541442999616265 ], [ 673527.141152000054717, 4568407.202635999768972 ], [ 673546.22803, 4568386.251276000402868 ], [ 673569.794620999949984, 4568368.006229000166059 ], [ 673589.855406000046059, 4568356.498379999771714 ], [ 673612.313103000051342, 4568348.547000999562442 ], [ 673638.320873999968171, 4568347.123435 ], [ 673652.834586999961175, 4568351.302217000164092 ], [ 673658.602405000012368, 4568356.238800000399351 ], [ 673664.719338999944739, 4568363.760940000414848 ], [ 673673.868273, 4568375.976661000400782 ], [ 673676.733006000053138, 4568388.031322999857366 ], [ 673683.085450000013225, 4568416.599004999734461 ], [ 673691.869735999964178, 4568428.983792999759316 ], [ 673698.969755999976769, 4568433.952207 ], [ 673707.126604, 4568449.088112000375986 ], [ 673713.892789999954402, 4568452.937703000381589 ], [ 673710.54400400002487, 4568461.167093000374734 ], [ 673717.773578000022098, 4568491.966391 ], [ 673723.964687000028789, 4568504.100480999797583 ], [ 673736.943664000020362, 4568508.987099999561906 ], [ 673758.403532000025734, 4568505.244788999669254 ], [ 673758.979356999974698, 4568518.70009099971503 ], [ 673740.734774000011384, 4568523.318984 ], [ 673745.825256000040099, 4568537.304196 ], [ 673750.29459099995438, 4568549.563838999718428 ], [ 673755.480916999978945, 4568557.074962999671698 ], [ 673776.043412000057288, 4568564.575531999580562 ], [ 673789.514347000047565, 4568574.484036000445485 ], [ 673806.448006000020541, 4568578.765378000214696 ], [ 673822.928801, 4568586.91289099957794 ], [ 673846.248910999973305, 4568571.973244000226259 ], [ 673877.832505000056699, 4568563.829680999740958 ], [ 673871.98292500001844, 4568556.713641 ], [ 673867.103591999970376, 4568551.798096000216901 ], [ 673874.845609999960288, 4568548.483811000362039 ], [ 673880.505615000030957, 4568548.796779000200331 ], [ 673886.630256999982521, 4568552.120211999863386 ], [ 673890.771667000022717, 4568568.971136 ], [ 673899.564540000050329, 4568580.623235000297427 ], [ 673902.960367999970913, 4568585.869942000135779 ], [ 673907.038367999950424, 4568612.739445 ], [ 673886.880202000029385, 4568607.625420999713242 ], [ 673880.951186000020243, 4568615.415393999777734 ], [ 673869.383266999968328, 4568619.204807999543846 ], [ 673870.979582000058144, 4568629.940657 ], [ 673866.321466000052169, 4568654.368560999631882 ], [ 673880.57405099994503, 4568654.709087000228465 ], [ 673885.900728999986313, 4568664.056610999628901 ], [ 673905.501322000054643, 4568673.200898 ], [ 673914.295753999962471, 4568669.345262999646366 ], [ 673923.637448000023142, 4568673.812053999863565 ], [ 673916.338266000035219, 4568692.278076999820769 ], [ 673921.684175999951549, 4568710.990759000182152 ], [ 673924.314139000023715, 4568723.373205999843776 ], [ 673934.175871000043117, 4568734.139991999603808 ], [ 673934.501362, 4568748.933507 ], [ 673956.960948999971151, 4568792.427868000231683 ], [ 673946.041271000052802, 4568802.075842999853194 ], [ 673944.586786999949254, 4568815.927005999721587 ], [ 673947.453500999952666, 4568827.870778 ], [ 673943.386782999965362, 4568838.071375000290573 ], [ 673940.481276000034995, 4568858.264274000190198 ], [ 673946.232067, 4568869.499373000115156 ], [ 673962.343216, 4568882.204109 ], [ 673971.84465900005307, 4568898.561158999800682 ], [ 673969.472115000011399, 4568913.290180999785662 ], [ 673968.800157999969088, 4568922.461051000282168 ], [ 673984.410806, 4568943.118853 ], [ 673999.361149, 4568951.419082 ], [ 674002.151797999977134, 4568964.08313599973917 ], [ 674023.490364999976009, 4568980.789982000365853 ], [ 674039.305905999965034, 4568977.4468 ], [ 674053.466236999956891, 4568991.782525000162423 ], [ 674070.990845000022091, 4569002.85502399969846 ], [ 674081.937232999945991, 4569015.214329999871552 ], [ 674095.187997999950312, 4569025.16264299955219 ], [ 674108.354773, 4569029.510157000273466 ], [ 674114.711331999977119, 4569026.973934000357985 ], [ 674128.82030699995812, 4569010.515100000426173 ], [ 674124.961036000051536, 4569002.579962000250816 ], [ 674128.904931999975815, 4568997.519872000440955 ], [ 674141.27275899995584, 4568987.962369999848306 ], [ 674135.164328000042588, 4568971.019739000126719 ], [ 674131.03073, 4568965.088720999658108 ], [ 674140.0463639999507, 4568950.229879000224173 ], [ 674158.988411, 4568933.953408 ], [ 674155.382185, 4568924.902327000163496 ], [ 674155.467745000030845, 4568921.327352999709547 ], [ 674177.673311, 4568904.606919 ], [ 674189.978161999955773, 4568907.145428 ], [ 674211.184374999953434, 4568904.509302999824286 ], [ 674205.812887000036426, 4568884.451581000350416 ], [ 674194.277834999957122, 4568878.121167999692261 ], [ 674192.830149000044912, 4568863.300746999680996 ], [ 674190.416036, 4568851.378797999583185 ], [ 674188.702383000054397, 4568838.562698000110686 ], [ 674205.846789999981411, 4568826.653481000103056 ], [ 674223.445881000021473, 4568833.573439000174403 ], [ 674259.730216, 4568830.409750999882817 ], [ 674251.401223000022583, 4568821.47881199978292 ], [ 674243.306272999965586, 4568811.875853000208735 ], [ 674241.275289000011981, 4568802.862447000108659 ], [ 674240.091381, 4568786.481993 ], [ 674262.01211799995508, 4568791.483721000142395 ], [ 674286.172811000025831, 4568786.619029000401497 ], [ 674277.086004000040703, 4568753.319488000124693 ], [ 674270.368879999965429, 4568733.44056100025773 ], [ 674260.921278, 4568714.851528 ], [ 674254.162325000041164, 4568706.169257 ], [ 674251.216132999979891, 4568695.811993 ], [ 674236.284837999963202, 4568658.340102000162005 ], [ 674216.433350999956019, 4568656.887272000312805 ], [ 674207.025491000036709, 4568655.540075999684632 ], [ 674201.103966000024229, 4568649.344053000211716 ], [ 674195.897067000041716, 4568638.510571000166237 ], [ 674192.846181, 4568609.054871999658644 ], [ 674203.79989799996838, 4568564.737607000395656 ], [ 674208.505545999971218, 4568555.885477 ], [ 674207.344038999988697, 4568537.16163 ], [ 674235.510601000045426, 4568489.323947000317276 ], [ 674250.95390199997928, 4568465.509909999556839 ], [ 674270.33722999994643, 4568458.875523 ], [ 674284.319979000021704, 4568460.698931000195444 ], [ 674302.222425000043586, 4568473.89164 ], [ 674342.465592999942601, 4568514.836029999889433 ], [ 674374.46959, 4568508.781987000256777 ], [ 674388.027539000031538, 4568515.383304 ], [ 674414.504625999950804, 4568517.806304999627173 ], [ 674435.911127, 4568506.866201999597251 ], [ 674457.497624999959953, 4568519.547741999849677 ], [ 674467.307815999956802, 4568531.747069999575615 ], [ 674475.428992999950424, 4568534.663413999602199 ], [ 674482.962614999967627, 4568550.896220999769866 ], [ 674476.765828000032343, 4568558.634890999644995 ], [ 674471.141767999972217, 4568565.565246 ], [ 674476.945543, 4568573.869342000223696 ], [ 674483.592139999964274, 4568581.638210999779403 ], [ 674495.280319000012241, 4568592.782842 ], [ 674528.293274000054225, 4568596.040624000132084 ], [ 674537.200231999973767, 4568588.911324 ], [ 674549.451423999969848, 4568590.560425000265241 ], [ 674550.33831999998074, 4568599.024377999827266 ], [ 674583.898334000026807, 4568600.095994999632239 ], [ 674610.265139000024647, 4568597.318164999596775 ], [ 674621.554973999969661, 4568595.356181999668479 ], [ 674628.895296999951825, 4568598.664994000457227 ], [ 674637.175062999944203, 4568600.20784099958837 ], [ 674649.165186999947764, 4568597.362893000245094 ], [ 674649.756707999971695, 4568582.146925999782979 ], [ 674623.601080000051297, 4568549.914758999831975 ], [ 674577.929457, 4568552.895964000374079 ], [ 674545.341668999986723, 4568538.195001999847591 ], [ 674532.966517, 4568538.564740000292659 ], [ 674537.588929999968968, 4568524.111974 ], [ 674547.222459999960847, 4568516.055859999731183 ], [ 674570.877581999986432, 4568505.403357 ], [ 674592.935489999945275, 4568496.678867000155151 ], [ 674589.059678000048734, 4568487.343372999690473 ], [ 674588.22473799996078, 4568476.714448000304401 ], [ 674581.861580000026152, 4568468.663455000147223 ], [ 674590.001502000028268, 4568459.616206999868155 ], [ 674605.973370000021532, 4568454.011737000197172 ], [ 674603.659843, 4568447.701983000151813 ], [ 674610.395112000056542, 4568440.242940000258386 ], [ 674617.462917999946512, 4568428.359472 ], [ 674615.195086000021547, 4568419.795726000331342 ], [ 674610.57175, 4568398.633643000386655 ], [ 674629.000849999953061, 4568378.680065000429749 ], [ 674631.069054999970831, 4568363.766145999543369 ], [ 674633.529908000025898, 4568352.405353000387549 ], [ 674641.348207999952137, 4568345.238931000232697 ], [ 674651.368355000042357, 4568325.627960000187159 ], [ 674660.441434000036679, 4568323.124033999629319 ], [ 674678.082736999960616, 4568327.624335000291467 ], [ 674686.879242999944836, 4568320.225933000445366 ], [ 674684.913392000016756, 4568304.670870999805629 ], [ 674674.580610999953933, 4568303.067607999779284 ], [ 674678.405668, 4568291.461848 ], [ 674686.335532000055537, 4568290.830117999576032 ], [ 674691.114685000036843, 4568285.234903000295162 ], [ 674683.840590000036173, 4568281.249998999759555 ], [ 674674.031000999966636, 4568280.203626999631524 ], [ 674660.539330000057817, 4568273.625598000362515 ], [ 674667.917251999955624, 4568262.105093000456691 ], [ 674659.283935999963433, 4568257.809876999817789 ], [ 674659.235741000040434, 4568248.288486000150442 ], [ 674661.662173000047915, 4568238.015536 ], [ 674669.212208000011742, 4568230.853807999752462 ], [ 674661.162682999973185, 4568224.939609999768436 ], [ 674654.827583999955095, 4568227.242630999535322 ], [ 674653.879866000032052, 4568220.96564 ], [ 674642.50344799994491, 4568217.426675000227988 ], [ 674639.289931999985129, 4568203.19697 ], [ 674637.359003999968991, 4568192.81946500018239 ], [ 674642.018291000043973, 4568180.689372999593616 ], [ 674643.76642, 4568153.259281000122428 ], [ 674650.907056999974884, 4568140.100071 ], [ 674661.836037999950349, 4568128.398152999579906 ], [ 674678.773487000027671, 4568116.829335000365973 ], [ 674699.342628999962471, 4568113.246070000343025 ], [ 674704.627997, 4568120.449230000376701 ], [ 674714.843510000035167, 4568126.948684999719262 ], [ 674716.312640000018291, 4568119.885428999550641 ], [ 674718.230482000042684, 4568111.244388000108302 ], [ 674732.974613000056706, 4568111.065100000239909 ], [ 674736.69149799994193, 4568115.497867999598384 ], [ 674754.905974, 4568131.765196999534965 ], [ 674765.313756000017747, 4568151.555466 ], [ 674770.891091999947093, 4568169.641207000240684 ], [ 674785.578906, 4568183.324463999830186 ], [ 674797.961848999955691, 4568190.687036000192165 ], [ 674792.35001299995929, 4568197.084242000244558 ], [ 674808.765244, 4568222.273323000408709 ], [ 674822.777500999975018, 4568226.375759 ], [ 674831.887995, 4568221.973329000174999 ], [ 674833.410661999951117, 4568215.477926 ], [ 674857.215089999954216, 4568213.328106 ], [ 674869.677781000034884, 4568217.715562 ], [ 674907.830894000013359, 4568216.832689999602735 ], [ 674922.658581999945454, 4568217.35566100012511 ], [ 674960.701582, 4568259.07273400016129 ], [ 674957.458240999956615, 4568268.781639000400901 ], [ 674967.537851999979466, 4568281.265859000384808 ], [ 674984.259700000053272, 4568289.832848999649286 ], [ 675002.269133999943733, 4568301.685723000206053 ], [ 674997.983910999959335, 4568320.900929999537766 ], [ 675006.277286999975331, 4568328.165552999824286 ], [ 675024.85535800002981, 4568327.523627 ], [ 675028.375444, 4568340.127925000153482 ], [ 675027.863633999950252, 4568359.667148999869823 ], [ 675041.162556000053883, 4568380.516092999838293 ], [ 675059.535333, 4568383.524129999801517 ], [ 675099.70745500002522, 4568377.447502999566495 ], [ 675114.749060999951325, 4568369.06674600020051 ], [ 675132.429538000025786, 4568363.215676999650896 ], [ 675147.96110299997963, 4568353.291536999866366 ], [ 675148.604624000028707, 4568341.531658000312746 ], [ 675143.946192999952473, 4568335.476327000185847 ], [ 675152.121365000028163, 4568333.362424000166357 ], [ 675159.160456000012346, 4568336.997782000340521 ], [ 675185.943386, 4568333.010014000348747 ], [ 675195.362318000057712, 4568327.293505 ], [ 675200.730617000022903, 4568331.721849 ], [ 675204.461824, 4568330.667457999661565 ], [ 675217.59053699998185, 4568319.563621999695897 ], [ 675226.694677000050433, 4568315.083762999624014 ], [ 675230.224905999959446, 4568308.447906999848783 ], [ 675245.241295999963768, 4568297.645068 ], [ 675245.695123999961652, 4568288.546744000166655 ], [ 675250.747376000043005, 4568278.592673 ], [ 675257.342417999985628, 4568266.198482000268996 ], [ 675247.455213999957778, 4568256.88448700029403 ], [ 675247.147869999986142, 4568240.747049000114202 ], [ 675256.027262000017799, 4568231.329482999630272 ], [ 675259.021615999983624, 4568223.969767999835312 ], [ 675257.286943000042811, 4568220.450930999591947 ], [ 675261.561420000041835, 4568214.943892000243068 ], [ 675279.199140000040643, 4568175.376783999614418 ], [ 675270.245832000044174, 4568159.308861000463367 ], [ 675268.39344799995888, 4568152.321228999644518 ], [ 675270.287144999951124, 4568129.738118000328541 ], [ 675271.778323999955319, 4568114.121667999774218 ], [ 675269.037660000030883, 4568103.979953999631107 ], [ 675269.663683000020683, 4568098.87385299988091 ], [ 675276.462454000022262, 4568091.605754000134766 ], [ 675273.003004999947734, 4568070.226800999604166 ], [ 675267.557675000047311, 4568053.321331 ], [ 675296.605403000023216, 4568051.776846 ], [ 675300.224088000017218, 4568050.875308999791741 ], [ 675302.967270000022836, 4568049.075089000165462 ], [ 675304.85572, 4568046.210054 ], [ 675306.302096000057645, 4568042.901127000339329 ], [ 675306.587973000016063, 4568039.386509000323713 ], [ 675305.626700000022538, 4568036.130684000439942 ], [ 675303.459823000011966, 4568033.845618999563158 ], [ 675300.152772999950685, 4568032.599545000120997 ], [ 675293.658758, 4568031.387810000218451 ], [ 675279.476967000053264, 4568028.746760999783874 ], [ 675250.670568999950774, 4568023.398540999740362 ], [ 675232.803177000023425, 4568007.371572 ], [ 675231.31624199997168, 4567996.693511 ], [ 675243.266409000032581, 4567998.347592 ], [ 675244.704115999978967, 4567988.084313999861479 ], [ 675237.64272899995558, 4567987.103365999646485 ], [ 675251.579589999979362, 4567956.389703 ], [ 675256.978945999988355, 4567956.752986 ], [ 675257.267019000020809, 4567952.449693 ], [ 675242.768168000038713, 4567951.478524999693036 ], [ 675237.043320000055246, 4567944.086632999591529 ], [ 675236.515568000031635, 4567937.797435999847949 ], [ 675237.614664, 4567931.847342000342906 ], [ 675240.264407000038773, 4567927.3120750002563 ], [ 675243.946036000037566, 4567923.101588999852538 ], [ 675253.96500800002832, 4567915.12226300034672 ], [ 675265.066631000023335, 4567909.190825000405312 ], [ 675276.058470000047237, 4567906.078404 ], [ 675286.879521999973804, 4567904.139424 ], [ 675309.314172000042163, 4567901.124869000166655 ], [ 675313.776841999962926, 4567909.397346000187099 ], [ 675314.064271999988705, 4567913.825586999766529 ], [ 675313.861585999955423, 4567922.241206999868155 ], [ 675315.713403000030667, 4567935.172063999809325 ], [ 675322.47043600003235, 4567950.531705000437796 ], [ 675334.472476999973878, 4567968.483856 ], [ 675341.420388999977149, 4567975.916403000243008 ], [ 675348.053324999986216, 4567989.462342999875546 ], [ 675371.937772999983281, 4568013.266351000405848 ], [ 675384.976723999949172, 4568014.969116999767721 ], [ 675384.543676999979652, 4568024.590055 ], [ 675351.924523000023328, 4568027.503418000414968 ], [ 675349.490388000034727, 4568029.699875 ], [ 675348.339775, 4568033.260313999839127 ], [ 675366.95502899994608, 4568093.752105999737978 ], [ 675401.016369999968447, 4568098.827518000267446 ], [ 675448.862223000032827, 4568101.102648000232875 ], [ 675496.97253999998793, 4568092.408916000276804 ], [ 675514.113230000017211, 4568081.169017000123858 ], [ 675525.92406300001312, 4568076.077134000137448 ], [ 675559.105422000051476, 4568071.056324999779463 ], [ 675576.17047300003469, 4568062.958549000322819 ], [ 675595.277637999970466, 4568044.589937999844551 ], [ 675613.073989000055008, 4568024.256803999654949 ], [ 675669.006952999974601, 4567954.109771000221372 ], [ 675640.210286000045016, 4567891.016349 ], [ 675658.450057000038214, 4567896.455470999702811 ], [ 675663.776236, 4567899.505634999834001 ], [ 675684.765447000041604, 4567924.429484999738634 ], [ 675692.429576999973506, 4567923.714646999724209 ], [ 675702.988920000032522, 4567914.560304 ], [ 675734.950971000012942, 4567913.543339 ], [ 675741.410666999989189, 4567882.838832999579608 ], [ 675783.371502000023611, 4567852.491639999672771 ], [ 675786.008214000030421, 4567833.581346999853849 ], [ 675761.858949000015855, 4567820.422967 ], [ 675736.671414999989793, 4567818.315155000425875 ], [ 675741.626679999986663, 4567807.9035710003227 ], [ 675786.38250499998685, 4567820.85960999969393 ], [ 675807.26196799997706, 4567814.909589 ], [ 675841.241557999979705, 4567774.127554000355303 ], [ 675849.479276000056416, 4567749.675935000181198 ], [ 675840.987812999985181, 4567740.894756999798119 ], [ 675852.205565999960527, 4567723.247107 ], [ 675839.566540000028908, 4567706.356239000335336 ], [ 675810.301013999967836, 4567689.074942000210285 ], [ 675801.576736000017263, 4567665.624477 ], [ 675783.887842, 4567665.13066800031811 ], [ 675761.403106000041589, 4567646.213685999624431 ], [ 675775.554648000048473, 4567619.227540000341833 ], [ 675761.522611, 4567604.102831999771297 ], [ 675760.688052000012249, 4567589.352318 ], [ 675766.270096000051126, 4567563.05908100027591 ], [ 675776.364424000028521, 4567554.782297999598086 ], [ 675784.751714000012726, 4567542.887251 ], [ 675810.006589, 4567533.565770000219345 ], [ 675831.449641000013798, 4567531.395294000394642 ], [ 675849.236278000054881, 4567529.592024000361562 ], [ 675859.551217, 4567537.528532999567688 ], [ 675874.997854999965057, 4567568.373347000218928 ], [ 675870.349211000022478, 4567586.557369999587536 ], [ 675886.093856, 4567611.655016000382602 ], [ 675910.900219999952242, 4567627.484679000452161 ], [ 675899.136699000024237, 4567642.37516999989748 ], [ 675938.201802999945357, 4567663.926180999726057 ], [ 675977.740680000046268, 4567684.600155999884009 ], [ 675988.077203999971971, 4567710.011680999770761 ], [ 676001.234351000050083, 4567753.665574000217021 ], [ 676052.338592999964021, 4567756.178852000273764 ], [ 676061.37034699996002, 4567729.435983999632299 ], [ 676049.456858000019565, 4567671.814829999580979 ], [ 676054.651858999975957, 4567659.487390000373125 ], [ 676073.411491999984719, 4567684.702839000150561 ], [ 676088.894632000010461, 4567726.813492000102997 ], [ 676094.489887999952771, 4567720.472349000163376 ], [ 676085.665778000024147, 4567683.85502600017935 ], [ 676071.685768999974243, 4567656.555582 ], [ 676091.540157999959774, 4567652.803325000219047 ], [ 676145.803562000044622, 4567672.756858999840915 ], [ 676217.859527, 4567679.210916999727488 ], [ 676250.483876000042073, 4567669.247287999838591 ], [ 676253.8152570000384, 4567652.520155999809504 ], [ 676232.956730999983847, 4567640.595207000151277 ], [ 676190.382477, 4567629.288932000286877 ], [ 676194.773588999989443, 4567604.455706999637187 ], [ 676246.623309000045992, 4567577.260881000198424 ], [ 676308.553776000044309, 4567566.285159000195563 ], [ 676330.373857000027783, 4567579.366716999560595 ], [ 676361.370627, 4567576.040593000128865 ], [ 676382.24951700004749, 4567577.435141 ], [ 676394.53191300004255, 4567581.320918999612331 ], [ 676414.859422, 4567583.668677999638021 ], [ 676432.129404, 4567551.982397999614477 ], [ 676428.544678000034764, 4567527.244811000302434 ], [ 676428.22907, 4567514.317479999735951 ], [ 676407.232091999961995, 4567505.676928999833763 ], [ 676385.751354999956675, 4567480.661275999620557 ], [ 676393.011566999950446, 4567456.841907000169158 ], [ 676382.963723000022583, 4567445.51175899989903 ], [ 676389.913902999949642, 4567433.104848000220954 ], [ 676416.823933999985456, 4567428.202424 ], [ 676400.034885999979451, 4567402.656116000376642 ], [ 676404.895402999944054, 4567396.897265000268817 ], [ 676418.407893000054173, 4567403.323487999849021 ], [ 676431.980862000025809, 4567418.67167 ], [ 676463.610053000040352, 4567470.583754999563098 ], [ 676488.717653000028804, 4567480.534989000298083 ], [ 676500.286982, 4567473.716857999563217 ], [ 676522.341867999988608, 4567504.434565000236034 ], [ 676550.395765000022948, 4567515.635010999627411 ], [ 676565.532993, 4567503.460129000246525 ], [ 676566.010942999972031, 4567483.753354 ], [ 676562.741561, 4567470.232246999628842 ], [ 676561.789268999942578, 4567454.523331999778748 ], [ 676556.712683000019751, 4567441.180580000393093 ], [ 676555.569676000042818, 4567432.643415000289679 ], [ 676555.031332000042312, 4567417.84436499979347 ], [ 676548.896872999961488, 4567401.787604999728501 ], [ 676545.265448000049219, 4567393.856634999625385 ], [ 676545.94064599997364, 4567384.685918999835849 ], [ 676538.313269000034779, 4567362.760778999887407 ], [ 676501.932432999950834, 4567340.127411000430584 ], [ 676480.573875, 4567314.559011000208557 ], [ 676465.513086, 4567315.960273000411689 ], [ 676460.834405999979936, 4567304.871253999881446 ], [ 676445.097277999971993, 4567295.08058699965477 ], [ 676445.951546999975108, 4567278.515665999613702 ], [ 676472.425858999951743, 4567266.359834999777377 ], [ 676482.900847999961115, 4567266.647067000158131 ], [ 676487.783912000013515, 4567250.624161999672651 ], [ 676484.347715000039898, 4567234.632884000428021 ], [ 676480.54931899998337, 4567224.242838 ], [ 676483.247179999947548, 4567215.343329000286758 ], [ 676489.115707000019029, 4567214.363579999655485 ], [ 676508.629924, 4567216.402998000383377 ], [ 676520.804408999974839, 4567224.763237999752164 ], [ 676523.675563000026159, 4567236.041760000400245 ], [ 676531.668193000019528, 4567240.490268000401556 ], [ 676546.84316199994646, 4567240.958203 ], [ 676573.216924999956973, 4567236.765389 ], [ 676582.60007000004407, 4567248.535140000283718 ], [ 676576.051804000046104, 4567265.095272 ], [ 676587.62682, 4567279.495465000160038 ], [ 676622.875229, 4567289.70420700032264 ], [ 676649.078151999972761, 4567287.01834600046277 ], [ 676650.353021000046283, 4567301.86860700044781 ], [ 676665.998563, 4567312.312936999835074 ], [ 676677.855952000012621, 4567315.066856999881566 ], [ 676684.10985, 4567326.194261999800801 ], [ 676704.610655999975279, 4567333.8681849995628 ], [ 676746.71482, 4567359.752045 ], [ 676795.869120000046678, 4567373.276464000344276 ], [ 676850.710006, 4567357.400631999596953 ], [ 676881.821103999973275, 4567354.601553999818861 ], [ 676903.576985000050627, 4567365.139331 ], [ 676918.061035000020638, 4567366.424439 ], [ 676934.79223300004378, 4567358.054948999546468 ], [ 676955.922153000021353, 4567349.148087999783456 ], [ 676974.023301, 4567335.479674999602139 ], [ 677003.042653999989852, 4567303.869130999781191 ], [ 677008.221069999970496, 4567282.643584 ], [ 676996.871309999958612, 4567276.946476999670267 ], [ 676988.062201999942772, 4567277.46552 ], [ 676981.35367999994196, 4567271.947920000180602 ], [ 676977.576323000015691, 4567256.236887999810278 ], [ 676933.294054999947548, 4567229.232296000234783 ], [ 676914.791181999957189, 4567214.563199000433087 ], [ 676902.633844999945723, 4567195.849142 ], [ 676858.313781999982893, 4567175.898312999866903 ], [ 676842.834890000056475, 4567168.257077000103891 ], [ 676819.592965999967419, 4567169.158982999622822 ], [ 676819.604181000031531, 4567158.683512000367045 ], [ 676824.637934, 4567148.574412999674678 ], [ 676803.054396, 4567135.397172000259161 ], [ 676782.793102000025101, 4567134.416403999552131 ], [ 676778.901303000049666, 4567113.381542 ], [ 676775.46270499995444, 4567094.057356 ], [ 676782.259255000040866, 4567085.946204000152647 ], [ 676760.129771, 4567074.86655000038445 ], [ 676748.077213000040501, 4567066.664397000335157 ], [ 676742.15321799996309, 4567055.067273000255227 ], [ 676745.029236000031233, 4567041.262013000436127 ], [ 676757.431369, 4567030.920703999698162 ], [ 676774.507401, 4567020.803976999595761 ], [ 676788.826813000021502, 4567012.320024999789894 ], [ 676810.36190500005614, 4567014.731449999846518 ], [ 676863.944048000033945, 4567008.667542999610305 ], [ 676866.102846, 4566995.744722000323236 ], [ 676870.700820000027306, 4566997.022850000299513 ], [ 676908.201904000015929, 4566999.122548 ], [ 676904.834923999966122, 4566989.287079 ], [ 676923.973249000031501, 4566984.04207899980247 ], [ 676961.645265999948606, 4566980.49174000043422 ], [ 676967.306262, 4566993.237997000105679 ], [ 676961.095536999986507, 4567006.906600999645889 ], [ 676976.409785000025295, 4567015.121736999601126 ], [ 677004.558211000054143, 4567024.215447999536991 ], [ 677010.377743000048213, 4567029.056014999747276 ], [ 677029.052858000039123, 4567028.721304000355303 ], [ 677054.78784500004258, 4567024.981220000423491 ], [ 677074.135718, 4567010.77676699962467 ], [ 677089.991762000019662, 4566996.020859000273049 ], [ 677112.679148999974132, 4566980.020305000245571 ], [ 677099.037271999986842, 4566968.212919999845326 ], [ 677091.422809000010602, 4566979.936543 ], [ 677080.262787000043318, 4566977.798817999660969 ], [ 677075.726550000021234, 4566970.534322000108659 ], [ 677094.654941000044346, 4566953.931283 ], [ 677107.011227000039071, 4566943.089515999890864 ], [ 677140.644601, 4566933.209718000143766 ], [ 677167.47514, 4566925.819590999744833 ], [ 677194.652048000018112, 4566917.293763999827206 ], [ 677232.593233000021428, 4566903.053395999595523 ], [ 677238.152067000046372, 4566904.477342999540269 ], [ 677256.918669000035152, 4566905.911752999760211 ], [ 677273.120099000050686, 4566904.55094899982214 ], [ 677276.860809999983758, 4566913.484774 ], [ 677282.814635999966413, 4566918.31772300042212 ], [ 677295.995878000045195, 4566912.87309299968183 ], [ 677308.389593000058085, 4566911.186367000453174 ], [ 677317.316525000031106, 4566901.716707999818027 ], [ 677331.596841000020504, 4566891.777544000186026 ], [ 677342.287864999962039, 4566895.959390999749303 ], [ 677352.868901, 4566888.818511 ], [ 677355.189980000024661, 4566878.910276999697089 ], [ 677348.340745000052266, 4566872.27802100032568 ], [ 677333.110629, 4566869.218720999546349 ], [ 677330.188878000015393, 4566858.68289600033313 ], [ 677290.46124500001315, 4566743.748417000286281 ], [ 677251.39194, 4566630.307765999808908 ], [ 677249.518931000027806, 4566615.953809999860823 ], [ 677254.510168, 4566566.973609000444412 ], [ 677263.568513000034727, 4566482.521459000185132 ], [ 677282.156170999980532, 4566402.122775999829173 ], [ 677284.26251599995885, 4566332.820701999589801 ], [ 677264.278154999949038, 4566322.780535999685526 ], [ 677250.379924, 4566309.055952999740839 ], [ 677243.296233, 4566307.894856000319123 ], [ 677233.460132000036538, 4566309.899495 ], [ 677228.088281000033021, 4566312.490466999821365 ], [ 677222.313654999947175, 4566319.570775999687612 ], [ 677219.762012999970466, 4566329.651176 ], [ 677223.425517000025138, 4566337.294425000436604 ], [ 677227.62993599998299, 4566339.251937 ], [ 677232.481954999966547, 4566359.399491 ], [ 677232.837976000038907, 4566371.305866000242531 ], [ 677216.088456999976188, 4566506.116693999618292 ], [ 677212.255398, 4566506.478887000121176 ], [ 677202.065081999986432, 4566619.89795000012964 ], [ 677167.59646100003738, 4566633.023261999711394 ], [ 677161.880867999978364, 4566643.204444999806583 ], [ 677161.501406, 4566648.805245 ], [ 677165.543763000052422, 4566653.280524999834597 ], [ 677172.092358, 4566655.395027999766171 ], [ 677211.36933300003875, 4566640.420463000424206 ], [ 677276.852507999981754, 4566829.089596999809146 ], [ 677172.408506999956444, 4566865.406802999787033 ], [ 677174.259499000036158, 4566871.361817000433803 ], [ 677109.546913999947719, 4566895.382605000399053 ], [ 677088.135480000055395, 4566837.184066999703646 ], [ 677115.647267999942414, 4566827.3107829997316 ], [ 677103.85195499996189, 4566789.564439999870956 ], [ 677083.893541999976151, 4566795.74443 ], [ 677057.70762600004673, 4566712.456957999616861 ], [ 677060.159953000023961, 4566708.517358000390232 ], [ 677064.664203000022098, 4566700.550661999732256 ], [ 677082.703517999965698, 4566693.979559999890625 ], [ 677079.613237999961711, 4566685.872628999873996 ], [ 677088.530034000054002, 4566682.334636 ], [ 677091.663315000012517, 4566691.086938000284135 ], [ 677102.136597999953665, 4566687.342416999861598 ], [ 677100.783540999982506, 4566682.632634 ], [ 677108.82837100001052, 4566677.362677999772131 ], [ 677111.710397999966517, 4566675.066563 ], [ 677114.713796, 4566671.91801100037992 ], [ 677116.030915000010282, 4566668.45072 ], [ 677116.266860999981873, 4566665.645890000276268 ], [ 677115.660351000027731, 4566662.998312000185251 ], [ 677114.053217999986373, 4566660.459706 ], [ 677111.325703999958932, 4566658.471516000106931 ], [ 677109.062736000050791, 4566658.416477999649942 ], [ 677104.283168000052683, 4566657.355972000397742 ], [ 677049.359835000010207, 4566676.72752199973911 ], [ 677043.867964999983087, 4566671.506094000302255 ], [ 677043.802274000016041, 4566664.894663999788463 ], [ 677031.549418000038713, 4566648.355476999655366 ], [ 677021.809394999989308, 4566621.5905 ], [ 677013.704645000048913, 4566592.410210999660194 ], [ 677015.305614999961108, 4566588.994241000153124 ], [ 677024.111884000012651, 4566547.571925999596715 ], [ 677077.106768999947235, 4566559.258345999754965 ], [ 677079.516198999946937, 4566548.80785399954766 ], [ 677026.240855999989435, 4566536.925750999711454 ], [ 677037.601480999961495, 4566483.923353999853134 ], [ 677104.87977600004524, 4566479.371511000208557 ], [ 677115.500670999987051, 4566432.327836999669671 ], [ 677109.651604000013322, 4566430.752531000413001 ], [ 677118.688119000056759, 4566407.132461999543011 ], [ 677135.90321799996309, 4566407.58449099957943 ], [ 677166.792015000013635, 4566418.233954999595881 ], [ 677171.005523000028916, 4566417.403306 ], [ 677173.568599, 4566414.088534000329673 ], [ 677174.355814, 4566409.308609999716282 ], [ 677173.568081, 4566404.112667 ], [ 677171.512345999944955, 4566401.396502000279725 ], [ 677136.221224999986589, 4566391.062084999866784 ], [ 677133.620133999967948, 4566388.699263 ], [ 677135.480999000021257, 4566384.256501999683678 ], [ 677122.728887, 4566373.403939999639988 ], [ 677116.840056000044569, 4566364.495748000219464 ], [ 677121.910198000026867, 4566357.064961000345647 ], [ 677123.664233000017703, 4566334.945236999541521 ], [ 677121.752274999977089, 4566323.212108000181615 ], [ 677088.947094999952242, 4566305.128805999644101 ], [ 677091.071743999957107, 4566298.115170000120997 ], [ 677111.09265, 4566309.077776 ], [ 677118.811788000050001, 4566303.422186000272632 ], [ 677114.499848, 4566289.675516 ], [ 677103.508886000025086, 4566289.163836999796331 ], [ 677091.936650000046939, 4566282.55033 ], [ 677083.114069, 4566273.570837000384927 ], [ 677083.149316000053659, 4566262.118357 ], [ 677072.252789000049233, 4566257.720888 ], [ 677054.599811999942176, 4566249.737621 ], [ 677044.476478999946266, 4566243.892610999755561 ], [ 677051.74789600004442, 4566226.29504800029099 ], [ 677033.726875999942422, 4566213.437168000265956 ], [ 677019.457456000032835, 4566197.015675 ], [ 677005.265372999943793, 4566187.416988999582827 ], [ 676995.135460000019521, 4566171.829346000216901 ], [ 676981.239790000021458, 4566160.038343999534845 ], [ 676972.594430999946781, 4566143.753622000105679 ], [ 676964.826088999980129, 4566121.402518999762833 ], [ 676966.7960599999642, 4566110.74136000033468 ], [ 676964.359823000035249, 4566100.206430999562144 ], [ 676943.00780699995812, 4566093.599969999864697 ], [ 676923.98183499998413, 4566081.695566000416875 ], [ 676903.532923000049777, 4566068.290275 ], [ 676891.974830999970436, 4566050.712938000448048 ], [ 676889.595905, 4566034.013973000459373 ], [ 676877.220469000050798, 4566030.058589999563992 ], [ 676868.415103, 4566020.346621000207961 ], [ 676852.458420000039041, 4566002.918053000234067 ], [ 676860.711256999988109, 4565995.319972 ], [ 676859.61676, 4565980.985088 ], [ 676861.622107999981381, 4565967.825259 ], [ 676872.278611000045203, 4565961.75193400029093 ], [ 676878.548109999974258, 4565945.340757999569178 ], [ 676866.752318999962881, 4565927.524419999681413 ], [ 676844.426625999971293, 4565910.90771 ], [ 676831.286394000053406, 4565908.38912000041455 ], [ 676826.630009999964386, 4565898.777942 ], [ 676808.7266140000429, 4565891.044765000231564 ], [ 676796.213431000011042, 4565872.711241000331938 ], [ 676774.807258000015281, 4565868.303573000244796 ], [ 676752.0349269999424, 4565859.708080999553204 ], [ 676731.542045, 4565857.755559000186622 ], [ 676709.317881, 4565816.535503 ], [ 676717.386385999969207, 4565806.511043 ], [ 676717.134311, 4565797.195653 ], [ 676706.666459999978542, 4565794.797681 ], [ 676696.15746300003957, 4565794.787143999710679 ], [ 676693.321881999960169, 4565770.612010000273585 ], [ 676723.26560599997174, 4565765.728423000313342 ], [ 676733.661396999959834, 4565760.381752000190318 ], [ 676746.511689999955706, 4565764.837174000218511 ], [ 676760.355567, 4565761.873754000291228 ], [ 676785.248302, 4565743.937060999684036 ], [ 676821.044986999942921, 4565701.803272999823093 ], [ 676816.807577, 4565689.091784000396729 ], [ 676824.370207999949344, 4565679.532832999713719 ], [ 676830.583674, 4565664.74216 ], [ 676839.426309, 4565653.592392000369728 ], [ 676836.610482000047341, 4565648.658324999734759 ], [ 676773.450931999948807, 4565662.222357000224292 ], [ 676756.622197999968193, 4565650.616194999776781 ], [ 676728.527503, 4565649.445736000314355 ], [ 676711.810983999981545, 4565633.209987999871373 ], [ 676691.768836, 4565612.994386999867857 ], [ 676665.610789000056684, 4565602.861828999593854 ], [ 676645.754965999978594, 4565574.608036999590695 ], [ 676636.70773000002373, 4565554.425947000272572 ], [ 676620.57366, 4565554.279143 ], [ 676608.927902000024915, 4565540.599453999660909 ], [ 676603.548824000055902, 4565532.059605999849737 ], [ 676590.682686000014655, 4565511.629479000344872 ], [ 676573.505015, 4565479.097259 ], [ 676561.312614999944344, 4565443.319919000379741 ], [ 676560.762594999978319, 4565425.176866999827325 ], [ 676560.418886999948882, 4565413.748588999733329 ], [ 676561.109819, 4565400.467984000220895 ], [ 676562.012248000013642, 4565382.960016 ], [ 676543.947612000047229, 4565334.398482999764383 ], [ 676545.615008000051603, 4565308.166353999637067 ], [ 676551.179222999955527, 4565280.695593000389636 ], [ 676556.133264999953099, 4565269.75119199976325 ], [ 676565.222642999957316, 4565261.917527000419796 ], [ 676568.594863999984227, 4565258.44441 ], [ 676568.298189, 4565253.727048000320792 ], [ 676551.157864999957383, 4565241.080759 ], [ 676542.923648, 4565223.662433999590576 ], [ 676541.642069999943487, 4565149.512852 ], [ 676548.803258000058122, 4565113.949079999700189 ], [ 676557.749030999955721, 4565093.703285999596119 ], [ 676569.603437999961898, 4565074.9277109997347 ], [ 676581.802807, 4565086.221176999621093 ], [ 676595.347167000058107, 4565097.047365999780595 ], [ 676608.281567999976687, 4565102.237696000374854 ], [ 676604.790981999947689, 4565093.288185000419617 ], [ 676605.357200999977067, 4565088.269581000320613 ], [ 676596.44795099995099, 4565082.432524999603629 ], [ 676593.612713000038639, 4565076.898226999677718 ], [ 676595.034779999987222, 4565067.023562000133097 ], [ 676607.020457, 4565068.79156900011003 ], [ 676616.996361, 4565061.423798999749124 ], [ 676635.92359000002034, 4565044.31948 ], [ 676617.277132999966852, 4565029.425878000445664 ], [ 676601.929982000030577, 4565020.644427999854088 ], [ 676602.837703000055626, 4565012.956857999786735 ], [ 676607.023999999975786, 4565004.626681 ], [ 676602.106311999959871, 4565000.219447 ], [ 676604.784654999966733, 4564995.963007999584079 ], [ 676605.641533000045456, 4564992.795525999739766 ], [ 676609.220023000030778, 4564985.317110000178218 ], [ 676609.554637999972329, 4564981.548197000287473 ], [ 676616.831291, 4564983.801949 ], [ 676623.261688000056893, 4564985.324222999624908 ], [ 676623.250902, 4564980.924840000458062 ], [ 676620.460039000026882, 4564980.479483 ], [ 676621.541390000027604, 4564977.395205999724567 ], [ 676619.950628999969922, 4564974.157282000407577 ], [ 676618.319564, 4564970.851727999746799 ], [ 676629.102444999967702, 4564964.803271000273526 ], [ 676633.222576000029221, 4564956.782550999894738 ], [ 676638.918791000032797, 4564953.643520999699831 ], [ 676643.723658, 4564955.093077999539673 ], [ 676655.786348000052385, 4564959.573593 ], [ 676667.472811999963596, 4564966.077935 ], [ 676677.638949000043795, 4564975.433744000270963 ], [ 676684.203196999966167, 4564979.392167000100017 ], [ 676696.415970999980345, 4564974.222757999785244 ], [ 676712.372267000027932, 4564976.564909 ], [ 676722.543259000056423, 4564973.267861000262201 ], [ 676719.293605000013486, 4564966.145997 ], [ 676701.787536000018008, 4564956.800966000184417 ], [ 676693.420507999951951, 4564946.933307999745011 ], [ 676685.503279000055045, 4564945.497115000151098 ], [ 676684.689949000021443, 4564944.09988799970597 ], [ 676682.557215000037104, 4564940.382233999669552 ], [ 676685.70670700003393, 4564936.070593000389636 ], [ 676687.084738999954425, 4564932.860210999846458 ], [ 676697.704523999942467, 4564928.007655000314116 ], [ 676698.349444000050426, 4564917.325425 ], [ 676675.198115000035614, 4564906.588258 ], [ 676689.229447999969125, 4564904.606746000237763 ], [ 676684.813667000038549, 4564897.834324999712408 ], [ 676689.561524000018835, 4564891.950654 ], [ 676691.325730000040494, 4564871.08648999966681 ], [ 676696.018487000023015, 4564850.526631000451744 ], [ 676696.156242999946699, 4564848.996944 ], [ 676711.586095000035129, 4564849.537777000106871 ], [ 676725.129742000019178, 4564855.909502999857068 ], [ 676736.720440999954008, 4564863.600278000347316 ], [ 676743.49087600002531, 4564865.286426999606192 ], [ 676746.294891000026837, 4564858.966826000250876 ], [ 676747.630132999969646, 4564854.755614999681711 ], [ 676751.720739000011235, 4564855.221439000219107 ], [ 676758.280077000032179, 4564855.236143999733031 ], [ 676766.360956000047736, 4564856.154263 ], [ 676780.318035, 4564859.658917999826372 ], [ 676773.185199999948964, 4564852.165094999596477 ], [ 676784.488510000053793, 4564855.449849000200629 ], [ 676794.674887, 4564861.207023999653757 ], [ 676811.668122999952175, 4564859.197630000300705 ], [ 676837.46219, 4564849.525649 ], [ 676841.501987, 4564850.356883999891579 ], [ 676851.821129000047222, 4564843.730926999822259 ], [ 676852.569356999942102, 4564836.750474000349641 ], [ 676855.043646999984048, 4564831.578232999891043 ], [ 676852.094858999946155, 4564828.651669999584556 ], [ 676851.837609000038356, 4564824.735089000314474 ], [ 676844.441689, 4564823.589104999788105 ], [ 676841.511158999986947, 4564822.329326 ], [ 676836.580009000026621, 4564824.698043 ], [ 676829.320617, 4564823.111030999571085 ], [ 676828.217194000026211, 4564819.496074999682605 ], [ 676830.019261999987066, 4564812.296799999661744 ], [ 676836.779839999973774, 4564809.205964 ], [ 676841.518301, 4564808.210075000301003 ], [ 676838.143735000048764, 4564804.162293000146747 ], [ 676833.923100000014529, 4564804.55976099986583 ], [ 676826.504847, 4564801.913553000427783 ], [ 676832.624693, 4564797.918449000455439 ], [ 676831.899746999959461, 4564780.782026999630034 ], [ 676826.905288, 4564786.104185 ], [ 676821.352632, 4564788.157890000380576 ], [ 676817.667312999954447, 4564790.001407000236213 ], [ 676821.14974100003019, 4564778.543761 ], [ 676844.541580999968573, 4564760.026348000392318 ], [ 676848.87281199998688, 4564756.110043999738991 ], [ 676853.441752000013366, 4564755.187808999791741 ], [ 676872.776627999963239, 4564742.770784 ], [ 676876.542413000017405, 4564738.996294000186026 ], [ 676879.71187, 4564741.472756999544799 ], [ 676895.681988999946043, 4564734.972923000343144 ], [ 676912.387496000039391, 4564732.390205999836326 ], [ 676912.496561, 4564729.971110999584198 ], [ 676916.561973999952897, 4564729.058907000347972 ], [ 676916.055238, 4564726.436007999815047 ], [ 676917.339030000031926, 4564723.312246999703348 ], [ 676927.374609000049531, 4564722.156193999573588 ], [ 676933.376807000022382, 4564716.44754 ], [ 676949.719159999978729, 4564706.36867699958384 ], [ 676984.916864000027999, 4564700.869211999699473 ], [ 676989.071913999971002, 4564693.504942 ], [ 676992.315679, 4564687.396063 ], [ 677010.041757000028156, 4564681.48345800023526 ], [ 677005.496682, 4564668.297848000191152 ], [ 676998.856764000025578, 4564651.21767000015825 ], [ 676992.83872799994424, 4564644.450574999675155 ], [ 676984.129563000053167, 4564642.1061239996925 ], [ 676970.991409, 4564640.098473999649286 ], [ 676959.737184999976307, 4564642.380204999819398 ], [ 676948.673185999970883, 4564642.35591800045222 ], [ 676941.636002999963239, 4564638.174714 ], [ 676934.953539, 4564636.312784999608994 ], [ 676921.141409000032581, 4564634.077790999785066 ], [ 676919.236019999952987, 4564632.398519 ], [ 676912.834823000011966, 4564634.153835999779403 ], [ 676909.221419999958016, 4564630.266859999857843 ], [ 676906.644737, 4564627.904759 ], [ 676902.125506000011228, 4564622.629398999735713 ], [ 676896.165918000042439, 4564617.596799000166357 ], [ 676888.203595999977551, 4564614.548518000170588 ], [ 676878.351126000052318, 4564614.376007 ], [ 676876.32753699994646, 4564615.837698999792337 ], [ 676871.477984, 4564615.87550999969244 ], [ 676868.389786000014283, 4564618.688867 ], [ 676866.839187999954447, 4564626.238614999689162 ], [ 676864.908274000044912, 4564626.647211999632418 ], [ 676859.960819000029005, 4564626.571565000340343 ], [ 676855.300952999969013, 4564624.669929999858141 ], [ 676852.320787, 4564622.686867999844253 ], [ 676846.906438000034541, 4564618.345187 ], [ 676840.550900000031106, 4564616.491281 ], [ 676836.884179000044242, 4564603.738142999820411 ], [ 676840.942507000057958, 4564589.639449999667704 ], [ 676843.136527, 4564579.772443000227213 ], [ 676844.90453499997966, 4564569.139693000353873 ], [ 676845.1886190000223, 4564567.45803300011903 ], [ 676857.082731000031345, 4564558.515199 ], [ 676875.141575000016019, 4564561.364151 ], [ 676906.733650999958627, 4564554.099312 ], [ 676925.598655999987386, 4564556.568040000274777 ], [ 676957.470446, 4564549.188009000383317 ], [ 676973.633520000032149, 4564534.072487000375986 ], [ 676955.346774999983609, 4564525.752173 ], [ 676934.474674999946728, 4564522.679192 ], [ 676917.240475, 4564524.904672999866307 ], [ 676926.690476999967359, 4564499.161476000212133 ], [ 676927.6740249999566, 4564478.000663000158966 ], [ 676903.58898, 4564453.498448999598622 ], [ 676922.819451999966986, 4564447.144444 ], [ 676891.28660300001502, 4564399.76596499979496 ], [ 676868.644580999971367, 4564387.685345999896526 ], [ 676859.834143999963999, 4564378.784353000111878 ], [ 676871.310540999984369, 4564358.722485999576747 ], [ 676863.262114000041038, 4564330.86598000023514 ], [ 676842.411444999976084, 4564305.798193999566138 ], [ 676852.680980999954045, 4564292.950012999586761 ], [ 676835.588905000011437, 4564264.751888999715447 ], [ 676819.164357000030577, 4564238.425195000134408 ], [ 676801.976503000012599, 4564217.967743 ], [ 676783.696006000041962, 4564216.957721999846399 ], [ 676758.073301000054926, 4564207.026966 ], [ 676734.69035199994687, 4564191.218473000451922 ], [ 676752.150949000031687, 4564185.220990000292659 ], [ 676735.724973, 4564165.159892999567091 ], [ 676706.237351999967359, 4564152.002902000211179 ], [ 676676.866170999943279, 4564134.038711999543011 ], [ 676667.901701000053436, 4564121.779368000105023 ], [ 676675.170930000022054, 4564104.303573000244796 ], [ 676643.719164, 4564089.099643000401556 ], [ 676603.137432000017725, 4564068.453441999852657 ], [ 676594.17001799994614, 4564039.341968 ], [ 676574.286369999987073, 4564012.376655000261962 ], [ 676527.140983000048436, 4563963.088762000203133 ], [ 676499.776873999973759, 4563928.710633999668062 ], [ 676507.52726, 4563897.937923000194132 ], [ 676526.802932000020519, 4563880.752768999896944 ], [ 676580.624962999951094, 4563856.361722 ], [ 676611.245093, 4563759.478868000209332 ], [ 676629.791604000027291, 4563725.324152000248432 ], [ 676598.894861, 4563670.864124 ], [ 676552.663748000049964, 4563684.185693999752402 ], [ 676489.651453000027686, 4563717.341536999680102 ], [ 676415.526429999968968, 4563676.199524000287056 ], [ 676402.042744999984279, 4563673.140412 ], [ 676382.510378999984823, 4563681.510373 ], [ 676366.91602, 4563675.878542000427842 ], [ 676350.742835000040941, 4563662.267699000425637 ], [ 676324.457372999982908, 4563666.453030000440776 ], [ 676314.919401000021026, 4563677.853265999816358 ], [ 676294.166749999974854, 4563703.0349439997226 ], [ 676292.692372999968939, 4563730.693626999855042 ], [ 676269.55313799995929, 4563755.006695999763906 ], [ 676237.832552999956533, 4563767.481377 ], [ 676190.300838000024669, 4563783.995287000201643 ], [ 676081.329173999954946, 4563759.688601999543607 ], [ 676012.170498, 4563704.251515000127256 ], [ 675998.452239, 4563688.667852999642491 ], [ 675990.503848999971524, 4563667.613579000346363 ], [ 675969.605962999979965, 4563665.498255000449717 ], [ 675956.435001999954693, 4563643.918027999810874 ], [ 675928.04692, 4563579.157184000127017 ], [ 675922.488518, 4563514.680817999877036 ], [ 675882.729792000027373, 4563476.406906999647617 ], [ 675892.702896, 4563446.95371999964118 ], [ 675900.463258999981917, 4563409.415482999756932 ], [ 675893.854577000020072, 4563399.224767000414431 ], [ 675866.146462999982759, 4563378.893660999834538 ], [ 675833.42466100002639, 4563366.062368 ], [ 675813.580766999977641, 4563353.952832999639213 ], [ 675799.15064100001473, 4563350.794293999671936 ], [ 675778.813790000043809, 4563359.124257000163198 ], [ 675759.437662999960594, 4563360.667748999781907 ], [ 675730.192925999988802, 4563353.941731000319123 ], [ 675705.175842000055127, 4563338.897273000329733 ], [ 675645.263220999971963, 4563300.927768000401556 ], [ 675621.417999000055715, 4563270.659502999857068 ], [ 675595.76344600005541, 4563252.800681999884546 ], [ 675604.128300999989733, 4563233.995062000118196 ], [ 675596.92222499998752, 4563232.210710000246763 ], [ 675589.199229000019841, 4563251.887172999791801 ], [ 675579.77775400003884, 4563258.481034000404179 ], [ 675570.114411000045948, 4563258.048337999731302 ], [ 675539.782222999958321, 4563246.286871000193059 ], [ 675514.346100999973714, 4563240.253340999595821 ], [ 675481.767711000051349, 4563221.417306000366807 ], [ 675455.669691000017338, 4563184.663437999784946 ], [ 675431.384072000044398, 4563172.648064999841154 ], [ 675412.471066999947652, 4563154.929951 ], [ 675392.135758999967948, 4563129.368219000287354 ], [ 675395.413959000026807, 4563119.004859000444412 ], [ 675383.315948999952525, 4563119.324784000404179 ], [ 675364.050653000012971, 4563108.219153 ], [ 675357.297643000027165, 4563095.614914 ], [ 675352.518594000022858, 4563076.637303000316024 ], [ 675341.76813600002788, 4563063.137102999724448 ], [ 675334.953622999950312, 4563036.689910000190139 ], [ 675312.672986999968998, 4563008.260032 ], [ 675304.424137, 4562991.209711999632418 ], [ 675299.876170999952592, 4562970.638047999702394 ], [ 675292.588911000057124, 4562963.842020000331104 ], [ 675282.256426000036299, 4562941.320568 ], [ 675270.761076000053436, 4562916.56054 ], [ 675250.906746999942698, 4562896.420794 ], [ 675230.999416999984533, 4562886.510981 ], [ 675216.765648999949917, 4562867.106301000341773 ], [ 675202.859671000041999, 4562842.088511999696493 ], [ 675193.231594000011683, 4562815.373932999558747 ], [ 675181.643006999976933, 4562802.853659000247717 ], [ 675165.669895000057295, 4562780.396840999834239 ], [ 675143.138503000023775, 4562753.961117999628186 ], [ 675136.965084000024945, 4562725.929924 ], [ 675135.987126, 4562691.191666999831796 ], [ 675129.703207000042312, 4562667.756844 ], [ 675127.089953999966383, 4562642.410621999762952 ], [ 675112.952012000023387, 4562627.018744999542832 ], [ 675106.144640999962576, 4562608.603629999794066 ], [ 675096.633332, 4562602.154334000311792 ], [ 675088.982840999960899, 4562593.33914399985224 ], [ 675079.965462, 4562583.091443000361323 ], [ 675077.824879999971017, 4562571.598065 ], [ 675068.587000999948941, 4562562.144914000295103 ], [ 675059.125834999955259, 4562544.865879000164568 ], [ 675043.66136699996423, 4562509.568819999694824 ], [ 675033.025303, 4562499.28232999984175 ], [ 675026.519119999953546, 4562485.084742999635637 ], [ 675011.306676, 4562464.446209000423551 ], [ 675003.772986999945715, 4562433.971944999881089 ], [ 674993.386000000056811, 4562413.649229000322521 ], [ 674980.899411999969743, 4562396.897586000151932 ], [ 674941.050074000027962, 4562353.195156999863684 ], [ 674938.305034999968484, 4562360.238869999535382 ], [ 674947.416174000012688, 4562486.90783 ], [ 674959.621302000014111, 4562672.393941000103951 ], [ 674974.21267599996645, 4562852.10535900015384 ], [ 674982.770081000053324, 4562983.238063000142574 ], [ 674980.796207000035793, 4563009.196196 ], [ 674958.595547999953851, 4562977.725611000321805 ], [ 674940.337286000023596, 4562950.837624000385404 ] ] ] } },
{ "type": "Feature", "properties": { "_group_key": "__all__", "_group_by": [ ], "_feature_count": 207, "_dissolved_count": 207, "_dissolve_status": "success", "_dissolve_engine": "shapely" }, "geometry": { "type": "Polygon", "coordinates": [ [ [ 699616.519024000037462, 4529846.664067000150681 ], [ 699649.425227000028826, 4529754.829324999824166 ], [ 699665.556670999969356, 4529712.702991000376642 ], [ 699697.055209000012837, 4529632.718255000188947 ], [ 699730.253755999961868, 4529555.66837100032717 ], [ 699765.195676999981515, 4529479.643569 ], [ 699824.442331, 4529356.159302 ], [ 699866.695579000050202, 4529271.444916999898851 ], [ 699916.486637, 4529177.435908 ], [ 699953.622817000024952, 4529113.581549 ], [ 699993.37394800002221, 4529047.842892999760807 ], [ 700023.942552000051364, 4528998.920598999597132 ], [ 700080.945622000028379, 4528911.152235999703407 ], [ 700126.03595100005623, 4528844.492532 ], [ 700154.598597, 4528804.604446000419557 ], [ 700196.70129, 4528745.852279 ], [ 700241.328113000025041, 4528687.946608999744058 ], [ 700285.076071999967098, 4528633.550367999821901 ], [ 700330.229377000010572, 4528579.281426999717951 ], [ 700414.192606, 4528479.893349000252783 ], [ 700445.925215000053868, 4528446.025325000286102 ], [ 700336.225402000010945, 4528310.563807000406086 ], [ 700244.852919999975711, 4528253.374078 ], [ 700154.962977000046521, 4528196.814670999534428 ], [ 700084.820636000018567, 4528165.434995000250638 ], [ 699999.840980999986641, 4528114.299389 ], [ 699964.053210000041872, 4528073.864911999553442 ], [ 699863.536658999975771, 4528038.352808999828994 ], [ 699815.092806000029668, 4527928.436951999552548 ], [ 699759.946036000037566, 4527913.965769000351429 ], [ 699675.074952999944799, 4527857.704258999787271 ], [ 699643.048114, 4527774.187939999625087 ], [ 699598.680779000045732, 4527716.291216 ], [ 699555.431086000055075, 4527616.76173899974674 ], [ 699528.174209999968298, 4527610.557861000299454 ], [ 699458.316682999953628, 4527632.576944 ], [ 699409.121316, 4527702.284938000142574 ], [ 699378.822491999948397, 4527681.656054999679327 ], [ 699298.685520000057295, 4527602.306954000145197 ], [ 699307.759285000036471, 4527571.121484000235796 ], [ 699074.347591000027023, 4527428.894045 ], [ 699029.994021, 4527420.863970000296831 ], [ 699010.327322999946773, 4527463.36281600035727 ], [ 698905.34587299998384, 4527465.996351 ], [ 698864.638905999949202, 4527348.086276000365615 ], [ 698866.527845000033267, 4527329.016655 ], [ 698828.223438999964856, 4527325.250629000365734 ], [ 698826.250826, 4527347.739920999854803 ], [ 698877.554129999945872, 4527479.589915 ], [ 698778.763700000010431, 4527532.254534999839962 ], [ 698707.272006000042893, 4527516.106576000340283 ], [ 698627.419076, 4527644.410194000229239 ], [ 698527.404618000029586, 4527788.725701999850571 ], [ 698451.129840999958105, 4527745.775910999625921 ], [ 698430.413397999946028, 4527685.179278000257909 ], [ 698453.970154999988154, 4527640.250714999623597 ], [ 698447.017717999988236, 4527628.16465700045228 ], [ 698434.721255999989808, 4527621.62316 ], [ 698407.913588, 4527584.916090999729931 ], [ 698290.998190999962389, 4527662.008073999546468 ], [ 698335.885523000033572, 4527702.82292400021106 ], [ 698320.270052999956533, 4527723.112112999893725 ], [ 698298.300784999970347, 4527709.055766999721527 ], [ 698274.234443999943323, 4527744.127506 ], [ 698251.695302000036463, 4527732.133561999537051 ], [ 698157.628525999956764, 4527871.347317 ], [ 698066.061084000044502, 4527811.247676 ], [ 697981.259634000016376, 4527848.65519000031054 ], [ 697965.237490999978036, 4527949.459947999566793 ], [ 697934.643991000019014, 4527917.730293000116944 ], [ 697868.851967999944463, 4527955.127202999778092 ], [ 697935.321041999966837, 4528059.290792999789119 ], [ 697930.717741, 4528075.276807 ], [ 697878.247760999947786, 4528059.991778000257909 ], [ 697809.388928, 4528164.600467000156641 ], [ 697815.492194000049494, 4528230.658033999614418 ], [ 697783.969415999948978, 4528231.389841999858618 ], [ 697761.740242999978364, 4528208.817768 ], [ 697660.884509, 4528181.01522499974817 ], [ 697594.97983700002078, 4528171.793589999899268 ], [ 697624.368922000052407, 4528192.468372000381351 ], [ 697742.176912999944761, 4528294.018193 ], [ 697770.545629999949597, 4528341.063757999800146 ], [ 697969.405788999982178, 4528539.983788000419736 ], [ 698015.063298000022769, 4528590.894514 ], [ 698044.3308, 4528642.665051000192761 ], [ 698073.533947000047192, 4528696.500482999719679 ], [ 698115.203431, 4528760.514690999872983 ], [ 698154.031611999962479, 4528813.831531999632716 ], [ 698180.817295999964699, 4528870.968867000192404 ], [ 698211.278224, 4528974.523252000100911 ], [ 698225.044673, 4529032.599465999752283 ], [ 698246.582426000037231, 4529110.816331 ], [ 698279.942793000023812, 4529222.470675 ], [ 698316.257041999953799, 4529330.838378 ], [ 698333.12851499998942, 4529379.677079999819398 ], [ 698345.945415999973193, 4529414.696792 ], [ 698357.515267999959178, 4529467.536965999752283 ], [ 698362.631241000024602, 4529518.648015 ], [ 698372.874529000022449, 4529630.458513 ], [ 698378.278993000043556, 4529661.134696999564767 ], [ 698410.634019, 4529758.586400000378489 ], [ 698417.200093999970704, 4529778.361525 ], [ 698439.906686999951489, 4529822.702600000426173 ], [ 698463.704932000022382, 4529845.597230999730527 ], [ 698494.285674000042491, 4529867.385889999568462 ], [ 698501.106945, 4529874.546842000447214 ], [ 698494.640886, 4529893.004385 ], [ 698479.462840999942273, 4529925.981533999554813 ], [ 698451.614810999948531, 4529957.050894999876618 ], [ 698332.184463000041433, 4530061.214586 ], [ 698184.53489799995441, 4530191.018536999821663 ], [ 698093.051805999944918, 4530270.317583999596536 ], [ 697977.409672999987379, 4530369.41098599974066 ], [ 697864.357011000043713, 4530468.564465000294149 ], [ 697831.858999000047334, 4530498.744408000260592 ], [ 697760.00589399994351, 4530563.042436 ], [ 697675.24634299997706, 4530614.85139000043273 ], [ 697529.646649, 4530717.791306000202894 ], [ 697384.817584999953397, 4530820.754510000348091 ], [ 697302.607587, 4530878.61295900028199 ], [ 697258.028115, 4530909.982541999779642 ], [ 697144.647622999968007, 4530993.094313000328839 ], [ 697127.409549999982119, 4531006.342737000435591 ], [ 697067.277651999960653, 4531040.952351000159979 ], [ 697011.546128000016324, 4531066.114377999678254 ], [ 696914.672493000049144, 4531105.175250999629498 ], [ 696866.570659999968484, 4531117.076946999877691 ], [ 696792.346532, 4531124.925684000365436 ], [ 696616.844124000053853, 4531132.659342999570072 ], [ 696600.982709, 4531123.436792000196874 ], [ 696574.284568, 4531073.051319000311196 ], [ 696563.888678999966942, 4531053.897962000221014 ], [ 696525.828971000039019, 4531000.620864000171423 ], [ 696511.85005100001581, 4530989.382301 ], [ 696470.463425999972969, 4530973.268586999736726 ], [ 696445.749499000026844, 4530965.365667999722064 ], [ 696398.013616999960504, 4530953.749231000430882 ], [ 696363.379455000045709, 4530947.393008000217378 ], [ 696327.585207000025548, 4530945.661111 ], [ 696275.832908999989741, 4530948.425834000110626 ], [ 696242.378294999944046, 4530956.322385 ], [ 696189.650290000019595, 4531054.263032999821007 ], [ 696104.543045999947935, 4531217.301617000252008 ], [ 696083.544009999954142, 4531254.771901999600232 ], [ 696073.616964000044391, 4531267.995097000151873 ], [ 696209.149933999986388, 4531327.165726000443101 ], [ 696262.617574000032619, 4531430.402323000133038 ], [ 696463.913385999971069, 4531451.034897999837995 ], [ 696631.375222999951802, 4531590.402254000306129 ], [ 696709.517585000023246, 4531821.555863999761641 ], [ 696705.957429999951273, 4531834.937226999551058 ], [ 696644.210013999952935, 4532066.687461 ], [ 696765.09965300001204, 4532418.57266699988395 ], [ 696799.873623, 4532933.553492999635637 ], [ 696904.775590999983251, 4533213.73312 ], [ 696807.91865400003735, 4533396.902956999838352 ], [ 696815.268133, 4533503.967318000271916 ], [ 696785.328324, 4533509.066138999536633 ], [ 696799.415257000015117, 4533626.343055999837816 ], [ 696725.858034000033513, 4533736.576964000239968 ], [ 697129.964132, 4533937.962863000109792 ], [ 697217.076920000021346, 4533981.38234299980104 ], [ 697563.962231999961659, 4534077.146967000328004 ], [ 697862.534407999948598, 4534077.414734999649227 ], [ 698317.65042199997697, 4534225.789629000239074 ], [ 698345.508638, 4534035.311218 ], [ 698361.542498999973759, 4534013.445201000198722 ], [ 698369.550964999943972, 4534017.360802000388503 ], [ 698378.755665999953635, 4534016.909009999595582 ], [ 698385.11046, 4534010.280874 ], [ 698383.172061000019312, 4533999.984977000392973 ], [ 698382.711579, 4533987.062470000237226 ], [ 698380.313727000029758, 4533979.431754999794066 ], [ 698376.584280999959446, 4533978.375730000436306 ], [ 698372.624652000027709, 4533976.169148 ], [ 698370.008282999973744, 4533974.143213000148535 ], [ 698369.219547000015154, 4533971.833242 ], [ 698369.059339000028558, 4533953.397048000246286 ], [ 698369.029415, 4533949.818745999597013 ], [ 698367.78836600005161, 4533947.09661400038749 ], [ 698364.789164999965578, 4533944.893708 ], [ 698355.590997, 4533940.723842999897897 ], [ 698354.21257199998945, 4533938.409089 ], [ 698352.306573000038043, 4533935.035752000287175 ], [ 698328.72786600003019, 4533861.37268599960953 ], [ 698321.21828499995172, 4533653.220234000124037 ], [ 698298.661152999964543, 4533605.071747000329196 ], [ 698384.159286999958567, 4533310.399760000407696 ], [ 698282.951180999982171, 4532909.249282999895513 ], [ 698326.932020999956876, 4532802.587375000119209 ], [ 698473.866048999945633, 4532537.602612 ], [ 698461.371801999979652, 4532238.278920999728143 ], [ 698472.806387000018731, 4532220.844158999621868 ], [ 698641.956986999954097, 4532199.463592999614775 ], [ 698709.143605, 4532198.543491000309587 ], [ 698687.378115999978036, 4531938.554561999626458 ], [ 698718.472906999988481, 4531700.457244000397623 ], [ 698686.900033000041731, 4531702.32727999985218 ], [ 698692.75568599998951, 4531535.909807999618351 ], [ 698710.043022, 4531504.97879400011152 ], [ 698858.291341, 4531496.692630000412464 ], [ 698917.890538000036031, 4531472.359861000441015 ], [ 699010.732624999945983, 4531485.789611999876797 ], [ 699274.227879000012763, 4531473.79428599961102 ], [ 699332.086626, 4531463.072195 ], [ 699361.508377, 4531388.774275000207126 ], [ 699437.955381999956444, 4531400.399003 ], [ 699565.410413000034168, 4531451.648252000100911 ], [ 699588.329519000020809, 4531465.912821000441909 ], [ 699598.029844, 4531512.605670000426471 ], [ 699632.641871000058018, 4531550.407865 ], [ 699687.93982099997811, 4531532.797417 ], [ 699701.199536000029184, 4531549.533582 ], [ 699785.445957000018097, 4531525.876097000204027 ], [ 699834.645896999980323, 4531480.792109999805689 ], [ 699935.149549999972805, 4531464.399171999655664 ], [ 700067.42083299998194, 4531388.796922000125051 ], [ 700206.141458999947645, 4531176.825970999896526 ], [ 700153.167940999963321, 4531158.998386999592185 ], [ 700117.114178000018001, 4530972.309328 ], [ 700120.37928, 4530953.277148 ], [ 700171.943237000028603, 4530921.913925999775529 ], [ 700176.172799999942072, 4530867.399318999610841 ], [ 700224.480904, 4530855.057729000225663 ], [ 700240.674047, 4530836.765885000117123 ], [ 700163.83701400004793, 4530783.45877300016582 ], [ 700089.36991200002376, 4530705.863067000173032 ], [ 700020.111343999975361, 4530642.219782000407577 ], [ 699964.998172000050545, 4530604.614923999644816 ], [ 699904.34444200003054, 4530572.970828000456095 ], [ 699697.035718000028282, 4530518.929258000105619 ], [ 699583.511319000041112, 4530489.332372999750078 ], [ 699433.667422999977134, 4530451.11007499974221 ], [ 699389.669708000030369, 4530430.620552999898791 ], [ 699415.062943, 4530378.534165999852121 ], [ 699453.12868600001093, 4530298.048686999827623 ], [ 699511.408829999971204, 4530159.737432000227273 ], [ 699529.762995, 4530112.993646999821067 ], [ 699553.488336, 4530040.075156000442803 ], [ 699576.822690999950282, 4529970.090350000187755 ], [ 699595.704007999971509, 4529907.962136999703944 ], [ 699616.519024000037462, 4529846.664067000150681 ] ] ] } }
]
}
