{
"type": "FeatureCollection",
"name": "hospitals",
"crs": { "type": "name", "properties": { "name": "urn:ogc:def:crs:EPSG::32635" } },
"features": [
{ "type": "Feature", "properties": { "osm_id": 531393598, "osm_type": "node", "amenity": "hospital", "name": "Hospital Türk" }, "geometry": { "type": "Point", "coordinates": [ 669975.687520621344447, 4543608.05394611787051 ] } },
{ "type": "Feature", "properties": { "osm_id": 806437320, "osm_type": "node", "amenity": "clinic", "name": "Zümrütevler 3 Nolu Sağlık Ocağı" }, "geometry": { "type": "Point", "coordinates": [ 681182.807776534929872, 4534938.67641197424382 ] } },
{ "type": "Feature", "properties": { "osm_id": 1035923037, "osm_type": "node", "amenity": "clinic", "name": "Fatih 7 No'lu Aile Sağlığı Merkezi" }, "geometry": { "type": "Point", "coordinates": [ 662288.49128892715089, 4542109.753449451178312 ] } },
{ "type": "Feature", "properties": { "osm_id": 1226555941, "osm_type": "node", "amenity": "hospital", "name": null }, "geometry": { "type": "Point", "coordinates": [ 665108.124569164938293, 4544350.80353479553014 ] } },
{ "type": "Feature", "properties": { "osm_id": 1240775184, "osm_type": "node", "amenity": "hospital", "name": null }, "geometry": { "type": "Point", "coordinates": [ 669781.421763312653638, 4541953.654540632851422 ] } },
{ "type": "Feature", "properties": { "osm_id": 1407272990, "osm_type": "node", "amenity": "hospital", "name": "Vera Tıp Merkezi" }, "geometry": { "type": "Point", "coordinates": [ 651107.448245842708275, 4540980.901499937288463 ] } },
{ "type": "Feature", "properties": { "osm_id": 1459164755, "osm_type": "node", "amenity": "clinic", "name": "Deniz Ambulansı" }, "geometry": { "type": "Point", "coordinates": [ 679691.74357146024704, 4527028.711486090905964 ] } },
{ "type": "Feature", "properties": { "osm_id": 1483978245, "osm_type": "node", "amenity": "hospital", "name": "Baltalimanı Hastanesi" }, "geometry": { "type": "Point", "coordinates": [ 672460.822114004287869, 4551491.461378923617303 ] } },
{ "type": "Feature", "properties": { "osm_id": 1667935994, "osm_type": "node", "amenity": "clinic", "name": "Özel Maltepe Tıp Merkezi" }, "geometry": { "type": "Point", "coordinates": [ 679390.357500793295912, 4532593.258460403420031 ] } },
{ "type": "Feature", "properties": { "osm_id": 1690847732, "osm_type": "node", "amenity": "clinic", "name": "Nazier Soyak Aile Sağlığı Merkezi" }, "geometry": { "type": "Point", "coordinates": [ 674086.557467797305435, 4540917.151771134696901 ] } },
{ "type": "Feature", "properties": { "osm_id": 1740708127, "osm_type": "node", "amenity": "hospital", "name": "Florence Nightingale" }, "geometry": { "type": "Point", "coordinates": [ 668403.198602559743449, 4547708.844334724359214 ] } },
{ "type": "Feature", "properties": { "osm_id": 1749544379, "osm_type": "node", "amenity": "hospital", "name": "Özel Küplüce Tıp Merkez" }, "geometry": { "type": "Point", "coordinates": [ 672496.313951336313039, 4545190.467785316519439 ] } },
{ "type": "Feature", "properties": { "osm_id": 1867699268, "osm_type": "node", "amenity": "clinic", "name": "KÜÇÜKÇEKMECE ZAMBAK AİLE SAĞLIĞI MERKEZİ" }, "geometry": { "type": "Point", "coordinates": [ 649868.569171713665128, 4539456.872520504519343 ] } },
{ "type": "Feature", "properties": { "osm_id": 1905650693, "osm_type": "node", "amenity": "hospital", "name": "Özel Remedy Hospital" }, "geometry": { "type": "Point", "coordinates": [ 688475.804834951413795, 4527708.793895899318159 ] } },
{ "type": "Feature", "properties": { "osm_id": 1920284174, "osm_type": "node", "amenity": "clinic", "name": "Sağlık Ocağı" }, "geometry": { "type": "Point", "coordinates": [ 674439.154671674128622, 4545963.787203695625067 ] } },
{ "type": "Feature", "properties": { "osm_id": 1923364059, "osm_type": "node", "amenity": "clinic", "name": "Göztepe Kardiyoloji Merkezi" }, "geometry": { "type": "Point", "coordinates": [ 671843.203573420527391, 4539527.072624299675226 ] } },
{ "type": "Feature", "properties": { "osm_id": 1923763514, "osm_type": "node", "amenity": "hospital", "name": "Özel Bağcılar Tekden Hastanesi" }, "geometry": { "type": "Point", "coordinates": [ 655058.031900254893117, 4545721.584099728614092 ] } },
{ "type": "Feature", "properties": { "osm_id": 1924802334, "osm_type": "node", "amenity": "clinic", "name": "Adnan Odabaş Aile Sağlık Merkezi" }, "geometry": { "type": "Point", "coordinates": [ 672980.524183676345274, 4543969.244232452474535 ] } },
{ "type": "Feature", "properties": { "osm_id": 1935274553, "osm_type": "node", "amenity": "hospital", "name": "Acıbadem Hospital" }, "geometry": { "type": "Point", "coordinates": [ 657584.306925593176857, 4537967.000954234972596 ] } },
{ "type": "Feature", "properties": { "osm_id": 2126603859, "osm_type": "node", "amenity": "clinic", "name": "Kartal 8 Nolu Aile Sağlığı Merkezi" }, "geometry": { "type": "Point", "coordinates": [ 684591.260970039060339, 4530202.782257925719023 ] } },
{ "type": "Feature", "properties": { "osm_id": 2258298193, "osm_type": "node", "amenity": "clinic", "name": "Fatih Sultan Mehmet Tıp Merkezi" }, "geometry": { "type": "Point", "coordinates": [ 684227.881223819451407, 4542535.486949099227786 ] } },
{ "type": "Feature", "properties": { "osm_id": 2260090099, "osm_type": "node", "amenity": "hospital", "name": "Çevre Hastanesi" }, "geometry": { "type": "Point", "coordinates": [ 668147.973291240748949, 4548148.973569323308766 ] } },
{ "type": "Feature", "properties": { "osm_id": 2260090104, "osm_type": "node", "amenity": "hospital", "name": "Aksoy Hastanesi" }, "geometry": { "type": "Point", "coordinates": [ 668151.248086778214201, 4548163.422329877503216 ] } },
{ "type": "Feature", "properties": { "osm_id": 2268511656, "osm_type": "node", "amenity": "clinic", "name": "Çekmeköy Tıp Merkezi" }, "geometry": { "type": "Point", "coordinates": [ 684392.529160660109483, 4543513.149378903210163 ] } },
{ "type": "Feature", "properties": { "osm_id": 2279410580, "osm_type": "node", "amenity": "hospital", "name": "Birinci Göz Hastanesi Beylikdüzü" }, "geometry": { "type": "Point", "coordinates": [ 638141.657984393998049, 4541303.25943735986948 ] } },
{ "type": "Feature", "properties": { "osm_id": 2279410859, "osm_type": "node", "amenity": "hospital", "name": "Dünya Göz Hastanesi Beykent" }, "geometry": { "type": "Point", "coordinates": [ 636837.061374933109619, 4542150.468569651246071 ] } },
{ "type": "Feature", "properties": { "osm_id": 2311684920, "osm_type": "node", "amenity": "hospital", "name": "Amerikan Hastanesi" }, "geometry": { "type": "Point", "coordinates": [ 667676.611803314299323, 4546600.757458020932972 ] } },
{ "type": "Feature", "properties": { "osm_id": 2363452816, "osm_type": "node", "amenity": "hospital", "name": "Belde Tıp Merkezi" }, "geometry": { "type": "Point", "coordinates": [ 660988.338068289682269, 4546902.667908364906907 ] } },
{ "type": "Feature", "properties": { "osm_id": 2446475203, "osm_type": "node", "amenity": "hospital", "name": "Alataş Polikliniği" }, "geometry": { "type": "Point", "coordinates": [ 641277.805775839369744, 4543971.333785961382091 ] } },
{ "type": "Feature", "properties": { "osm_id": 2489508611, "osm_type": "node", "amenity": "clinic", "name": "Ozel Gezi Yasam Tip Merkezi" }, "geometry": { "type": "Point", "coordinates": [ 688337.451132118003443, 4527691.371871193870902 ] } },
{ "type": "Feature", "properties": { "osm_id": 2658496937, "osm_type": "node", "amenity": "clinic", "name": "Zübeyde Güleser Sağlık Ocağı" }, "geometry": { "type": "Point", "coordinates": [ 664495.268915243679658, 4546763.259742190130055 ] } },
{ "type": "Feature", "properties": { "osm_id": 2928527566, "osm_type": "node", "amenity": "hospital", "name": "Özel Avcılar Anadolu Hastanesi" }, "geometry": { "type": "Point", "coordinates": [ 643478.172178000560962, 4540763.49152737762779 ] } },
{ "type": "Feature", "properties": { "osm_id": 2928533162, "osm_type": "node", "amenity": "hospital", "name": "Özel Avcılar Hospital" }, "geometry": { "type": "Point", "coordinates": [ 643793.745102805434726, 4539585.287741432897747 ] } },
{ "type": "Feature", "properties": { "osm_id": 2928533998, "osm_type": "node", "amenity": "hospital", "name": "Özel Medicana Hastanesi" }, "geometry": { "type": "Point", "coordinates": [ 644795.220660820486955, 4538104.939387613907456 ] } },
{ "type": "Feature", "properties": { "osm_id": 3127850463, "osm_type": "node", "amenity": "hospital", "name": "İstanbul Tüpbebek" }, "geometry": { "type": "Point", "coordinates": [ 667931.979612679453567, 4546838.425190689973533 ] } },
{ "type": "Feature", "properties": { "osm_id": 3282963282, "osm_type": "node", "amenity": "hospital", "name": "Kasım Paşa Asker Hastanesi" }, "geometry": { "type": "Point", "coordinates": [ 665099.41114677907899, 4544254.40485299564898 ] } },
{ "type": "Feature", "properties": { "osm_id": 3623018966, "osm_type": "node", "amenity": "clinic", "name": "Psikolog Didem Üngör" }, "geometry": { "type": "Point", "coordinates": [ 657611.061524907476269, 4538048.843627396039665 ] } },
{ "type": "Feature", "properties": { "osm_id": 3702508832, "osm_type": "node", "amenity": "clinic", "name": "Sağlık Ocağı" }, "geometry": { "type": "Point", "coordinates": [ 641057.946808325010352, 4546696.844378162175417 ] } },
{ "type": "Feature", "properties": { "osm_id": 4036600523, "osm_type": "node", "amenity": "clinic", "name": "Kuzguncuk Aile Hekimliği" }, "geometry": { "type": "Point", "coordinates": [ 670894.860386489424855, 4544265.688849236816168 ] } },
{ "type": "Feature", "properties": { "osm_id": 4052354622, "osm_type": "node", "amenity": "clinic", "name": "Mecidiyeköy KBB ve Vertigo Kliniği" }, "geometry": { "type": "Point", "coordinates": [ 667704.477294350857846, 4547918.71544190403074 ] } },
{ "type": "Feature", "properties": { "osm_id": 4053740059, "osm_type": "node", "amenity": "clinic", "name": "Nöropsikiyatri Etiler Kliniği" }, "geometry": { "type": "Point", "coordinates": [ 669713.01127690449357, 4549191.120354473590851 ] } },
{ "type": "Feature", "properties": { "osm_id": 4254745798, "osm_type": "node", "amenity": "hospital", "name": "Alibey Hastanesi" }, "geometry": { "type": "Point", "coordinates": [ 661879.654222587356344, 4549315.988353686407208 ] } },
{ "type": "Feature", "properties": { "osm_id": 4390623792, "osm_type": "node", "amenity": "clinic", "name": "Güngören Toplum Sağlığı Merkezi" }, "geometry": { "type": "Point", "coordinates": [ 657294.534290476003662, 4542842.431646690703928 ] } },
{ "type": "Feature", "properties": { "osm_id": 4450142690, "osm_type": "node", "amenity": "clinic", "name": "Müşerref - Sabri Köseoğlu Aile Sağlığı Merkezi" }, "geometry": { "type": "Point", "coordinates": [ 655514.536891346797347, 4543864.286095672287047 ] } },
{ "type": "Feature", "properties": { "osm_id": 4456392992, "osm_type": "node", "amenity": "clinic", "name": "Çırpıcı Aile Sağlık Merkezi" }, "geometry": { "type": "Point", "coordinates": [ 659479.826757205533795, 4540421.939785491675138 ] } },
{ "type": "Feature", "properties": { "osm_id": 4459098190, "osm_type": "node", "amenity": "hospital", "name": "Koç Üniversitesi Hastanesi" }, "geometry": { "type": "Point", "coordinates": [ 661138.622606054181233, 4543206.410136411897838 ] } },
{ "type": "Feature", "properties": { "osm_id": 4466904290, "osm_type": "node", "amenity": "clinic", "name": "Büyükçekmece Merkez Aile Sağlığı Merkezi" }, "geometry": { "type": "Point", "coordinates": [ 632797.991342253284529, 4542200.018600101582706 ] } },
{ "type": "Feature", "properties": { "osm_id": 4507856874, "osm_type": "node", "amenity": "clinic", "name": "Zümrütevler 2 Nolu Aile Sağlığı Merkezi" }, "geometry": { "type": "Point", "coordinates": [ 681067.505570194683969, 4533739.332742529921234 ] } },
{ "type": "Feature", "properties": { "osm_id": 4511243189, "osm_type": "node", "amenity": "clinic", "name": "Safa Sağlık Ocağı" }, "geometry": { "type": "Point", "coordinates": [ 604415.312991069862619, 4549234.863172884099185 ] } },
{ "type": "Feature", "properties": { "osm_id": 4511371082, "osm_type": "node", "amenity": "hospital", "name": "Özel Mediplus Tıp Merkezi" }, "geometry": { "type": "Point", "coordinates": [ 639649.272529101232067, 4542062.462118036113679 ] } },
{ "type": "Feature", "properties": { "osm_id": 4538375044, "osm_type": "node", "amenity": "clinic", "name": "Duydu Özyurt Aile Sağlığı Merkezi" }, "geometry": { "type": "Point", "coordinates": [ 658682.494199902983382, 4548719.444373005069792 ] } },
{ "type": "Feature", "properties": { "osm_id": 4538375080, "osm_type": "node", "amenity": "clinic", "name": "Lütfiye Nuri Burat" }, "geometry": { "type": "Point", "coordinates": [ 658540.62761910201516, 4548814.669826542027295 ] } },
{ "type": "Feature", "properties": { "osm_id": 4543865076, "osm_type": "node", "amenity": "clinic", "name": "Öztürk Göz Polikliniği" }, "geometry": { "type": "Point", "coordinates": [ 658481.386961220996454, 4548592.94441378582269 ] } },
{ "type": "Feature", "properties": { "osm_id": 4549493636, "osm_type": "node", "amenity": "clinic", "name": "Sarıgazi Yaşam Tıp Merkezi" }, "geometry": { "type": "Point", "coordinates": [ 686148.849389737821184, 4542122.008673236705363 ] } },
{ "type": "Feature", "properties": { "osm_id": 4566879134, "osm_type": "node", "amenity": "hospital", "name": "Bakırköy Dr. Sadi Konuk Eğitim ve Araştırma Hastanesi Bahçelievler Polikliniği" }, "geometry": { "type": "Point", "coordinates": [ 656108.211202642065473, 4540091.51646111253649 ] } },
{ "type": "Feature", "properties": { "osm_id": 4567346190, "osm_type": "node", "amenity": "clinic", "name": "Özel Bilge Sağlık Kabini" }, "geometry": { "type": "Point", "coordinates": [ 656405.081287713022903, 4540800.639312715269625 ] } },
{ "type": "Feature", "properties": { "osm_id": 4580148991, "osm_type": "node", "amenity": "clinic", "name": "Siyavuşpaşa Aile Sağlığı Merkezi" }, "geometry": { "type": "Point", "coordinates": [ 655764.453429411631078, 4540352.100557886064053 ] } },
{ "type": "Feature", "properties": { "osm_id": 4580148992, "osm_type": "node", "amenity": "clinic", "name": "Hekimbaşı Ömer Aile Sağlığı Merkezi" }, "geometry": { "type": "Point", "coordinates": [ 656024.788558020722121, 4541638.963154216296971 ] } },
{ "type": "Feature", "properties": { "osm_id": 4580149096, "osm_type": "node", "amenity": "clinic", "name": "Bahçelievler 9 Nolu Aile Sağlığı Merkezi" }, "geometry": { "type": "Point", "coordinates": [ 655745.127091063652188, 4540815.309193211607635 ] } },
{ "type": "Feature", "properties": { "osm_id": 4580156182, "osm_type": "node", "amenity": "clinic", "name": "Özel Alemdağ Şifa Tıp Merkezi" }, "geometry": { "type": "Point", "coordinates": [ 688249.199202224845067, 4546488.126109631732106 ] } },
{ "type": "Feature", "properties": { "osm_id": 4631487199, "osm_type": "node", "amenity": "clinic", "name": "Bahçelievler 5 Nolu Aile Sağlığı Merkezi" }, "geometry": { "type": "Point", "coordinates": [ 656005.842455948120914, 4541769.165354723110795 ] } },
{ "type": "Feature", "properties": { "osm_id": 4631565591, "osm_type": "node", "amenity": "clinic", "name": "Kazım Karabekir Aile Sağlığı Merkezi" }, "geometry": { "type": "Point", "coordinates": [ 657323.117417283123359, 4545620.493451129645109 ] } },
{ "type": "Feature", "properties": { "osm_id": 4631616290, "osm_type": "node", "amenity": "clinic", "name": "Kemer Aile Sağlığı Merkezi" }, "geometry": { "type": "Point", "coordinates": [ 657859.347087224363349, 4546332.797130011022091 ] } },
{ "type": "Feature", "properties": { "osm_id": 4695532007, "osm_type": "node", "amenity": "clinic", "name": "Kadıköy Belediyesi Özel Sağlık Plikliniği" }, "geometry": { "type": "Point", "coordinates": [ 671847.945005591027439, 4539522.640385475941002 ] } },
{ "type": "Feature", "properties": { "osm_id": 4755378136, "osm_type": "node", "amenity": "clinic", "name": null }, "geometry": { "type": "Point", "coordinates": [ 667566.379337513702922, 4548428.258892542682588 ] } },
{ "type": "Feature", "properties": { "osm_id": 4770074123, "osm_type": "node", "amenity": "clinic", "name": "Sağlık Ocağı" }, "geometry": { "type": "Point", "coordinates": [ 679470.524090932332911, 4533727.270417409949005 ] } },
{ "type": "Feature", "properties": { "osm_id": 4828479032, "osm_type": "node", "amenity": "clinic", "name": "Sağlık ocağı" }, "geometry": { "type": "Point", "coordinates": [ 638435.57252110959962, 4544704.699348998256028 ] } },
{ "type": "Feature", "properties": { "osm_id": 4842613051, "osm_type": "node", "amenity": "hospital", "name": "Beyoğlu Göz Hastanesi" }, "geometry": { "type": "Point", "coordinates": [ 665976.270405747927725, 4543362.351432453840971 ] } },
{ "type": "Feature", "properties": { "osm_id": 4865164094, "osm_type": "node", "amenity": "clinic", "name": "Kadıköy 13 Nolu ASM" }, "geometry": { "type": "Point", "coordinates": [ 673531.839937841054052, 4539044.326008672825992 ] } },
{ "type": "Feature", "properties": { "osm_id": 4924465720, "osm_type": "node", "amenity": "hospital", "name": "Özel Akgün Tem Hastanesi" }, "geometry": { "type": "Point", "coordinates": [ 651382.190119457663968, 4547138.569662032648921 ] } },
{ "type": "Feature", "properties": { "osm_id": 4926504627, "osm_type": "node", "amenity": "clinic", "name": "Özel FMC Ataşehir Diyaliz Merkezi" }, "geometry": { "type": "Point", "coordinates": [ 675921.399633938563056, 4539543.163415023125708 ] } },
{ "type": "Feature", "properties": { "osm_id": 4926916937, "osm_type": "node", "amenity": "hospital", "name": "Beyoglu" }, "geometry": { "type": "Point", "coordinates": [ 666018.65787505521439, 4544127.581100414507091 ] } },
{ "type": "Feature", "properties": { "osm_id": 4942277908, "osm_type": "node", "amenity": "clinic", "name": "Uzun Yusuf Aile Sağlığı Merkezi" }, "geometry": { "type": "Point", "coordinates": [ 662050.526748835924082, 4541467.626476683653891 ] } },
{ "type": "Feature", "properties": { "osm_id": 4961053928, "osm_type": "node", "amenity": "clinic", "name": "T.C. Sağlık Bakanlığı Bayrampaşa 3 No'lu Aile Sağlığı Merkezi" }, "geometry": { "type": "Point", "coordinates": [ 659561.5332625976298, 4544990.795928149484098 ] } },
{ "type": "Feature", "properties": { "osm_id": 4975161723, "osm_type": "node", "amenity": "hospital", "name": null }, "geometry": { "type": "Point", "coordinates": [ 638337.127992986002937, 4541320.445183370262384 ] } },
{ "type": "Feature", "properties": { "osm_id": 5057772722, "osm_type": "node", "amenity": "hospital", "name": "Güney Hastanesi" }, "geometry": { "type": "Point", "coordinates": [ 657982.9316515364917, 4545313.180001362226903 ] } },
{ "type": "Feature", "properties": { "osm_id": 5081264696, "osm_type": "node", "amenity": "hospital", "name": "Medipol Üniversitesi Fındıkzade Hastanesi" }, "geometry": { "type": "Point", "coordinates": [ 663132.705905443523079, 4541960.927885167300701 ] } },
{ "type": "Feature", "properties": { "osm_id": 5081274091, "osm_type": "node", "amenity": "hospital", "name": "Özel Fatih Hastanesi" }, "geometry": { "type": "Point", "coordinates": [ 664028.465949513134547, 4542330.233414212241769 ] } },
{ "type": "Feature", "properties": { "osm_id": 5081445098, "osm_type": "node", "amenity": "clinic", "name": "Özel Haliç Sağlık Hizmetleri Polikliniği" }, "geometry": { "type": "Point", "coordinates": [ 664081.614543687319383, 4543212.597294932231307 ] } },
{ "type": "Feature", "properties": { "osm_id": 5081610959, "osm_type": "node", "amenity": "clinic", "name": "Fatih Yedikule Aile Sağlığı Merkezi" }, "geometry": { "type": "Point", "coordinates": [ 661812.574753261171281, 4540409.378121155314147 ] } },
{ "type": "Feature", "properties": { "osm_id": 5086061084, "osm_type": "node", "amenity": "clinic", "name": "Küçük Mustafa Paşa Aile Sağlıgi Merkezi" }, "geometry": { "type": "Point", "coordinates": [ 664540.371901009581052, 4543420.119159558787942 ] } },
{ "type": "Feature", "properties": { "osm_id": 5087418123, "osm_type": "node", "amenity": "hospital", "name": "İstanbul Cerrahi Hastanesi" }, "geometry": { "type": "Point", "coordinates": [ 667898.611181567655876, 4546849.268229877576232 ] } },
{ "type": "Feature", "properties": { "osm_id": 5099065439, "osm_type": "node", "amenity": "clinic", "name": "Özel Avrupa Göz Merkezi" }, "geometry": { "type": "Point", "coordinates": [ 663951.511318173608743, 4541618.083241316489875 ] } },
{ "type": "Feature", "properties": { "osm_id": 5100823683, "osm_type": "node", "amenity": "clinic", "name": "Med Ok Hiperbarik Oksijen Tedavi Merkezi" }, "geometry": { "type": "Point", "coordinates": [ 662460.409017530735582, 4542756.337341392412782 ] } },
{ "type": "Feature", "properties": { "osm_id": 5106123748, "osm_type": "node", "amenity": "clinic", "name": "Nefisoğlu Sağlık Merkezi" }, "geometry": { "type": "Point", "coordinates": [ 662736.319218268385157, 4542942.979387713596225 ] } },
{ "type": "Feature", "properties": { "osm_id": 5106125530, "osm_type": "node", "amenity": "clinic", "name": "Hırka-i Şerif Aile Sağlığı Merkezi" }, "geometry": { "type": "Point", "coordinates": [ 663022.398351127631031, 4542943.943453198298812 ] } },
{ "type": "Feature", "properties": { "osm_id": 5106125536, "osm_type": "node", "amenity": "clinic", "name": "Fatih 12 No'lu Aile Sağlığı Merkezi" }, "geometry": { "type": "Point", "coordinates": [ 663116.059318117098883, 4542770.695383992046118 ] } },
{ "type": "Feature", "properties": { "osm_id": 5106131073, "osm_type": "node", "amenity": "clinic", "name": "Fatih Merkez Aile Sağlığı Merkezi" }, "geometry": { "type": "Point", "coordinates": [ 663292.7069965651026, 4543349.587456178851426 ] } },
{ "type": "Feature", "properties": { "osm_id": 5106132758, "osm_type": "node", "amenity": "clinic", "name": "EMAR-MED" }, "geometry": { "type": "Point", "coordinates": [ 662621.895307240774855, 4542185.743912230245769 ] } },
{ "type": "Feature", "properties": { "osm_id": 5107245369, "osm_type": "node", "amenity": "clinic", "name": "Silivrikapı Aile Sağlığı Merkezi" }, "geometry": { "type": "Point", "coordinates": [ 661808.803043929627165, 4540930.63487353362143 ] } },
{ "type": "Feature", "properties": { "osm_id": 5108838373, "osm_type": "node", "amenity": "clinic", "name": "Sirkeci Aile Sağlığı Merkezi" }, "geometry": { "type": "Point", "coordinates": [ 666280.721381202922203, 4542005.042206662707031 ] } },
{ "type": "Feature", "properties": { "osm_id": 5108843514, "osm_type": "node", "amenity": "clinic", "name": "Esthetic Hair Turkey" }, "geometry": { "type": "Point", "coordinates": [ 665965.416318582370877, 4541575.528483145870268 ] } },
{ "type": "Feature", "properties": { "osm_id": 5108843552, "osm_type": "node", "amenity": "clinic", "name": "Yerebatan Basıin Semt Polikliniği" }, "geometry": { "type": "Point", "coordinates": [ 666275.764102907618508, 4541702.070114593021572 ] } },
{ "type": "Feature", "properties": { "osm_id": 5112749736, "osm_type": "node", "amenity": "clinic", "name": "Kasım Günani Aile Sağlığı Merkezi" }, "geometry": { "type": "Point", "coordinates": [ 663390.002458628150634, 4544201.626108106225729 ] } },
{ "type": "Feature", "properties": { "osm_id": 5113465007, "osm_type": "node", "amenity": "clinic", "name": "Darüşşifa aile sağlığı merkezi" }, "geometry": { "type": "Point", "coordinates": [ 664105.60097362275701, 4542684.397070529870689 ] } },
{ "type": "Feature", "properties": { "osm_id": 5113481349, "osm_type": "node", "amenity": "clinic", "name": "Özel Laçin Polikliniği 2" }, "geometry": { "type": "Point", "coordinates": [ 663868.664788817754015, 4542922.565311981365085 ] } },
{ "type": "Feature", "properties": { "osm_id": 5113487689, "osm_type": "node", "amenity": "clinic", "name": "Neslişah Sultan Aile Sağlığı Merkezi" }, "geometry": { "type": "Point", "coordinates": [ 662730.539026035228744, 4543192.566470631398261 ] } },
{ "type": "Feature", "properties": { "osm_id": 5113487706, "osm_type": "node", "amenity": "clinic", "name": "Fatih Otizm Merkezi" }, "geometry": { "type": "Point", "coordinates": [ 662677.132157280575484, 4543294.202658811584115 ] } },
{ "type": "Feature", "properties": { "osm_id": 5113495932, "osm_type": "node", "amenity": "clinic", "name": "Özel Vefa Sağlık Kabini" }, "geometry": { "type": "Point", "coordinates": [ 662990.416572847170755, 4543532.989629375748336 ] } },
{ "type": "Feature", "properties": { "osm_id": 5113495937, "osm_type": "node", "amenity": "clinic", "name": "Fatih 1 No'lu Göçmen Sağlığı Merkezi" }, "geometry": { "type": "Point", "coordinates": [ 662940.39270668127574, 4543578.818016210570931 ] } },
{ "type": "Feature", "properties": { "osm_id": 5113598505, "osm_type": "node", "amenity": "clinic", "name": "Fatih 8 No'lu Aile Sağlığı Merkezi" }, "geometry": { "type": "Point", "coordinates": [ 663134.374906555982307, 4541752.224527320824564 ] } },
{ "type": "Feature", "properties": { "osm_id": 5113599515, "osm_type": "node", "amenity": "hospital", "name": "istanbul Eğitim ve Araştırma Hastanesi Poliklinikleri" }, "geometry": { "type": "Point", "coordinates": [ 663626.085085544502363, 4541606.944841121323407 ] } },
{ "type": "Feature", "properties": { "osm_id": 5113599726, "osm_type": "node", "amenity": "clinic", "name": "ÜRORAD Tıp Merkezi" }, "geometry": { "type": "Point", "coordinates": [ 663595.509925377322361, 4541693.356289826333523 ] } },
{ "type": "Feature", "properties": { "osm_id": 5113599727, "osm_type": "node", "amenity": "hospital", "name": "İstanbul Üniversitesi Kardiyoloji enistitusu" }, "geometry": { "type": "Point", "coordinates": [ 663411.554014808963984, 4541591.991109658963978 ] } },
{ "type": "Feature", "properties": { "osm_id": 5113609516, "osm_type": "node", "amenity": "clinic", "name": "Nur Polikliniği" }, "geometry": { "type": "Point", "coordinates": [ 663104.145304026082158, 4543475.304441011510789 ] } },
{ "type": "Feature", "properties": { "osm_id": 5113611503, "osm_type": "node", "amenity": "clinic", "name": "Derman Sağlık Kabini" }, "geometry": { "type": "Point", "coordinates": [ 663253.573958925204352, 4543884.426103154197335 ] } },
{ "type": "Feature", "properties": { "osm_id": 5172615673, "osm_type": "node", "amenity": "hospital", "name": "Surp Pırgiç Ermeni Hastanesi" }, "geometry": { "type": "Point", "coordinates": [ 661047.727600157028064, 4539849.03389110788703 ] } },
{ "type": "Feature", "properties": { "osm_id": 5208459494, "osm_type": "node", "amenity": "hospital", "name": "Bağcılar Eğitim ve Araştırma Hastanesi" }, "geometry": { "type": "Point", "coordinates": [ 657306.409939507720992, 4543788.630486031994224 ] } },
{ "type": "Feature", "properties": { "osm_id": 5255846922, "osm_type": "node", "amenity": "clinic", "name": "Simetri Diş Polikliniği" }, "geometry": { "type": "Point", "coordinates": [ 679198.913386357715353, 4533270.445676731877029 ] } },
{ "type": "Feature", "properties": { "osm_id": 5270315500, "osm_type": "node", "amenity": "clinic", "name": "Mehmet Oğuz Aile Sağlığı Merkezi" }, "geometry": { "type": "Point", "coordinates": [ 689102.245170492678881, 4528112.103465687483549 ] } },
{ "type": "Feature", "properties": { "osm_id": 5272473026, "osm_type": "node", "amenity": "clinic", "name": "Bostancı Tıp Merkezi" }, "geometry": { "type": "Point", "coordinates": [ 676317.423549531260505, 4536126.391689517535269 ] } },
{ "type": "Feature", "properties": { "osm_id": 5274052766, "osm_type": "node", "amenity": "hospital", "name": "Özel İstanbul Şafak Hastahanesi" }, "geometry": { "type": "Point", "coordinates": [ 659636.281856393557973, 4547779.467090134508908 ] } },
{ "type": "Feature", "properties": { "osm_id": 5275504494, "osm_type": "node", "amenity": "clinic", "name": "BİM;Maltepe Verem Savaş Dispanseri" }, "geometry": { "type": "Point", "coordinates": [ 680102.592887604143471, 4534696.530455835163593 ] } },
{ "type": "Feature", "properties": { "osm_id": 5280587267, "osm_type": "node", "amenity": "clinic", "name": "Cadde Tıp Merkezi" }, "geometry": { "type": "Point", "coordinates": [ 675947.899250557646155, 4535912.836704788729548 ] } },
{ "type": "Feature", "properties": { "osm_id": 5285760849, "osm_type": "node", "amenity": "clinic", "name": "Şişli Etfal Aile Sağlık Merkezi" }, "geometry": { "type": "Point", "coordinates": [ 656478.690110794268548, 4552010.378039717674255 ] } },
{ "type": "Feature", "properties": { "osm_id": 5289936080, "osm_type": "node", "amenity": "hospital", "name": "Özel gop Yaşam Diyaliz Merkezi" }, "geometry": { "type": "Point", "coordinates": [ 656565.001064938027412, 4552078.100612473674119 ] } },
{ "type": "Feature", "properties": { "osm_id": 5291970741, "osm_type": "node", "amenity": "clinic", "name": "Sultangazi Diyaliz" }, "geometry": { "type": "Point", "coordinates": [ 656523.918807171285152, 4550767.458374024368823 ] } },
{ "type": "Feature", "properties": { "osm_id": 5291970782, "osm_type": "node", "amenity": "hospital", "name": "İstanbulum Tıp Merkezi" }, "geometry": { "type": "Point", "coordinates": [ 656328.712970658089034, 4551907.60820883885026 ] } },
{ "type": "Feature", "properties": { "osm_id": 5293131285, "osm_type": "node", "amenity": "clinic", "name": "ÜSKÜDAR 16 NOLU AİLE SAĞLIK MERKEZİ" }, "geometry": { "type": "Point", "coordinates": [ 671031.872299360809848, 4541540.957658926956356 ] } },
{ "type": "Feature", "properties": { "osm_id": 5304393431, "osm_type": "node", "amenity": "hospital", "name": "Dora Hospital" }, "geometry": { "type": "Point", "coordinates": [ 668141.912463216576725, 4547233.580134259536862 ] } },
{ "type": "Feature", "properties": { "osm_id": 5329298076, "osm_type": "node", "amenity": "clinic", "name": "Sultanbeyli 9 No'lu Aile Sağlığı Merkezi" }, "geometry": { "type": "Point", "coordinates": [ 691998.496815286227502, 4535849.526644567959011 ] } },
{ "type": "Feature", "properties": { "osm_id": 5329311003, "osm_type": "node", "amenity": "clinic", "name": "Süleyman Taşpınar Aile Sağlığı Merkezi" }, "geometry": { "type": "Point", "coordinates": [ 691689.123732894891873, 4535167.756017946638167 ] } },
{ "type": "Feature", "properties": { "osm_id": 5329311641, "osm_type": "node", "amenity": "clinic", "name": "Gazi Mahallesi Aile Sağlığı Merkezi" }, "geometry": { "type": "Point", "coordinates": [ 690594.943879856029525, 4538520.908402680419385 ] } },
{ "type": "Feature", "properties": { "osm_id": 5476614247, "osm_type": "node", "amenity": "clinic", "name": "İBB Şehzadebaşı Tıp Merkezi" }, "geometry": { "type": "Point", "coordinates": [ 664514.384122900431976, 4542417.086246990598738 ] } },
{ "type": "Feature", "properties": { "osm_id": 5529094344, "osm_type": "node", "amenity": "clinic", "name": "Fatih 2 No'lu Aile Sağlığı Merkezi" }, "geometry": { "type": "Point", "coordinates": [ 664093.502530935918912, 4543081.639767658896744 ] } },
{ "type": "Feature", "properties": { "osm_id": 5529094345, "osm_type": "node", "amenity": "clinic", "name": "Fatih 13 No'lu Aile Sağlığı Merkezi" }, "geometry": { "type": "Point", "coordinates": [ 663214.132763153174892, 4542794.102568124420941 ] } },
{ "type": "Feature", "properties": { "osm_id": 5529094346, "osm_type": "node", "amenity": "clinic", "name": "Hekimoğlu Aile Sağlığı Merkezi" }, "geometry": { "type": "Point", "coordinates": [ 662443.591197874047793, 4541438.283471507020295 ] } },
{ "type": "Feature", "properties": { "osm_id": 5529094347, "osm_type": "node", "amenity": "clinic", "name": "Hüsambey Aile Sağlığı Merkezi" }, "geometry": { "type": "Point", "coordinates": [ 664518.911655400879681, 4542784.356414264068007 ] } },
{ "type": "Feature", "properties": { "osm_id": 5529094348, "osm_type": "node", "amenity": "clinic", "name": "Kocamustafa Paşa Aile Sağlığı Merkezi" }, "geometry": { "type": "Point", "coordinates": [ 662335.881505635567009, 4540839.517615729011595 ] } },
{ "type": "Feature", "properties": { "osm_id": 5529094349, "osm_type": "node", "amenity": "clinic", "name": "Kumkapı Aile Sağlığı Merkezi" }, "geometry": { "type": "Point", "coordinates": [ 665472.284387460327707, 4541139.976197320967913 ] } },
{ "type": "Feature", "properties": { "osm_id": 5529094350, "osm_type": "node", "amenity": "clinic", "name": "Marmara Aile Sağlığı Merkezi" }, "geometry": { "type": "Point", "coordinates": [ 662514.478807639330626, 4540695.575432761572301 ] } },
{ "type": "Feature", "properties": { "osm_id": 5529094352, "osm_type": "node", "amenity": "clinic", "name": "Mevlanakapı Aile Sağlığı Merkezi" }, "geometry": { "type": "Point", "coordinates": [ 661913.423842486692593, 4541710.160008423030376 ] } },
{ "type": "Feature", "properties": { "osm_id": 5529094353, "osm_type": "node", "amenity": "clinic", "name": "Seyitömer aile Sağlığı Merkezi" }, "geometry": { "type": "Point", "coordinates": [ 663511.089632226503454, 4541321.555113404989243 ] } },
{ "type": "Feature", "properties": { "osm_id": 5529094354, "osm_type": "node", "amenity": "clinic", "name": "Sofular Aile Sağlığı Merkezi" }, "geometry": { "type": "Point", "coordinates": [ 664029.307659104117192, 4542378.014181656762958 ] } },
{ "type": "Feature", "properties": { "osm_id": 5529094355, "osm_type": "node", "amenity": "clinic", "name": "Topkapı Aile Sağlığı Merkezi" }, "geometry": { "type": "Point", "coordinates": [ 662280.074483658303507, 4542738.728999963030219 ] } },
{ "type": "Feature", "properties": { "osm_id": 5540115570, "osm_type": "node", "amenity": "clinic", "name": "Orhangazi Aile Sağlığı Merkezi" }, "geometry": { "type": "Point", "coordinates": [ 692521.354964647907764, 4534664.691495887003839 ] } },
{ "type": "Feature", "properties": { "osm_id": 5540115573, "osm_type": "node", "amenity": "clinic", "name": "Ali Mehmet Ceylan Aile Sağlığı Merkezi" }, "geometry": { "type": "Point", "coordinates": [ 693453.660456836456433, 4535591.286659169010818 ] } },
{ "type": "Feature", "properties": { "osm_id": 5540115576, "osm_type": "node", "amenity": "hospital", "name": "Saygı Hastanesi Ayak Sağlığı Birimi" }, "geometry": { "type": "Point", "coordinates": [ 689973.83966134104412, 4537821.286730031482875 ] } },
{ "type": "Feature", "properties": { "osm_id": 5540115578, "osm_type": "node", "amenity": "clinic", "name": "T.C. Sağlık Bakanlığı 1 No'lu Aile Sağlığı Merkezi" }, "geometry": { "type": "Point", "coordinates": [ 691658.750017674057744, 4538264.505455221049488 ] } },
{ "type": "Feature", "properties": { "osm_id": 5540121294, "osm_type": "node", "amenity": "clinic", "name": "Abdurrahmangazi Aile Sağlığı Merkezi" }, "geometry": { "type": "Point", "coordinates": [ 689845.126268152613193, 4536813.660881099291146 ] } },
{ "type": "Feature", "properties": { "osm_id": 5540121295, "osm_type": "node", "amenity": "clinic", "name": "Türkmed Diyaliz Merkezi" }, "geometry": { "type": "Point", "coordinates": [ 690176.850441217189655, 4537854.85552903264761 ] } },
{ "type": "Feature", "properties": { "osm_id": 5540121296, "osm_type": "node", "amenity": "hospital", "name": "Saygı Hastanesi" }, "geometry": { "type": "Point", "coordinates": [ 690009.458261482417583, 4537855.502822528593242 ] } },
{ "type": "Feature", "properties": { "osm_id": 5540121298, "osm_type": "node", "amenity": "hospital", "name": "Sultanbeyli Dünyagöz Hastanesi" }, "geometry": { "type": "Point", "coordinates": [ 689613.630008748266846, 4537705.866361225955188 ] } },
{ "type": "Feature", "properties": { "osm_id": 5587508521, "osm_type": "node", "amenity": "hospital", "name": "Neolife" }, "geometry": { "type": "Point", "coordinates": [ 669716.666355938301422, 4548538.298499334603548 ] } },
{ "type": "Feature", "properties": { "osm_id": 5590349117, "osm_type": "node", "amenity": "clinic", "name": "Merkezefendi Aile Sağlığı Merkezi" }, "geometry": { "type": "Point", "coordinates": [ 660872.986536372452974, 4541793.588125872425735 ] } },
{ "type": "Feature", "properties": { "osm_id": 5599182127, "osm_type": "node", "amenity": "clinic", "name": "Kirazlı Aile Sağlığı Merkezi" }, "geometry": { "type": "Point", "coordinates": [ 654710.458224259666167, 4544138.011396548710763 ] } },
{ "type": "Feature", "properties": { "osm_id": 5599287878, "osm_type": "node", "amenity": "clinic", "name": "Kazım Karabekir Aile Sağlığı Merkezi" }, "geometry": { "type": "Point", "coordinates": [ 655215.326194684719667, 4543817.208230278454721 ] } },
{ "type": "Feature", "properties": { "osm_id": 5599288664, "osm_type": "node", "amenity": "clinic", "name": "Veliefendi Aile Sağlığı Merkezi" }, "geometry": { "type": "Point", "coordinates": [ 659644.335120548726991, 4540201.418855538591743 ] } },
{ "type": "Feature", "properties": { "osm_id": 5599780767, "osm_type": "node", "amenity": "clinic", "name": "Yenimahalle Aile Sağlığı Merkezi" }, "geometry": { "type": "Point", "coordinates": [ 654446.441117658512667, 4545373.459063204005361 ] } },
{ "type": "Feature", "properties": { "osm_id": 5608717521, "osm_type": "node", "amenity": "clinic", "name": "Vital Fulya Plaza" }, "geometry": { "type": "Point", "coordinates": [ 667782.630043988116086, 4546925.210599190555513 ] } },
{ "type": "Feature", "properties": { "osm_id": 5619163664, "osm_type": "node", "amenity": "hospital", "name": "T.C. Sağlık Bakanlığı İstanbul Tacirler Eğitim Vakfı Sultanbeyli İlçe Devlet Hastanesi Merkez Polikliniği" }, "geometry": { "type": "Point", "coordinates": [ 690667.453181672724895, 4537197.748094665817916 ] } },
{ "type": "Feature", "properties": { "osm_id": 5619261179, "osm_type": "node", "amenity": "clinic", "name": "Özel Sultanbeyli Tıp Merkezi" }, "geometry": { "type": "Point", "coordinates": [ 691167.779206980019808, 4537386.741758532822132 ] } },
{ "type": "Feature", "properties": { "osm_id": 5619315960, "osm_type": "node", "amenity": "hospital", "name": "Ersoy Hastanesi" }, "geometry": { "type": "Point", "coordinates": [ 690963.877087197033688, 4537526.433014904148877 ] } },
{ "type": "Feature", "properties": { "osm_id": 5619345567, "osm_type": "node", "amenity": "hospital", "name": "İstanbul Tacirler Eğitim Vakfı T.E.V. Sultanbeyli İlçe Devlet Hastanesi" }, "geometry": { "type": "Point", "coordinates": [ 690679.627476521884091, 4537364.074433326721191 ] } },
{ "type": "Feature", "properties": { "osm_id": 5619950711, "osm_type": "node", "amenity": "clinic", "name": "Hamidiye Aile Sağlığı Merkezi" }, "geometry": { "type": "Point", "coordinates": [ 691979.102806131239049, 4536268.444075501523912 ] } },
{ "type": "Feature", "properties": { "osm_id": 5619992995, "osm_type": "node", "amenity": "clinic", "name": "Sultanbeyli 3 No'lu Aile Sağlığı Merkezi" }, "geometry": { "type": "Point", "coordinates": [ 690509.854106800979935, 4537067.190540242008865 ] } },
{ "type": "Feature", "properties": { "osm_id": 5620019132, "osm_type": "node", "amenity": "clinic", "name": "Sultanbeyli 4 No'lu Aile Sağlığı Merkezi" }, "geometry": { "type": "Point", "coordinates": [ 690712.604254751931876, 4536601.568316831253469 ] } },
{ "type": "Feature", "properties": { "osm_id": 5620025061, "osm_type": "node", "amenity": "clinic", "name": "Manolya Aile Sağlığı Merkezi" }, "geometry": { "type": "Point", "coordinates": [ 691197.840612129308283, 4536298.480518633499742 ] } },
{ "type": "Feature", "properties": { "osm_id": 5620030370, "osm_type": "node", "amenity": "clinic", "name": "Sultanbeyli 6 No'lu Aile Sağlığı Merkezi" }, "geometry": { "type": "Point", "coordinates": [ 690049.234119669883512, 4536922.841911795549095 ] } },
{ "type": "Feature", "properties": { "osm_id": 5620034613, "osm_type": "node", "amenity": "clinic", "name": "Sevim Taşpınar Aile Sağlığı Merkezi" }, "geometry": { "type": "Point", "coordinates": [ 689315.477953978814185, 4537377.038815935142338 ] } },
{ "type": "Feature", "properties": { "osm_id": 5620044312, "osm_type": "node", "amenity": "clinic", "name": "Sultanbeyli 7 No'lu Aile Sağlığı Merkezi" }, "geometry": { "type": "Point", "coordinates": [ 689293.075909071485512, 4537668.774100259877741 ] } },
{ "type": "Feature", "properties": { "osm_id": 5620057925, "osm_type": "node", "amenity": "clinic", "name": "Sultanbeyli 5 No'lu Sağlık Merkezi" }, "geometry": { "type": "Point", "coordinates": [ 689797.345643907086924, 4537583.204564521089196 ] } },
{ "type": "Feature", "properties": { "osm_id": 5620072581, "osm_type": "node", "amenity": "hospital", "name": "Sultanbeyli Avrupa Göz Hastanesi" }, "geometry": { "type": "Point", "coordinates": [ 690274.880159141961485, 4537563.200749131850898 ] } },
{ "type": "Feature", "properties": { "osm_id": 5621682561, "osm_type": "node", "amenity": "clinic", "name": "Erguvan Aile Sağlığı Merkezi" }, "geometry": { "type": "Point", "coordinates": [ 690544.994175311177969, 4540495.480608232319355 ] } },
{ "type": "Feature", "properties": { "osm_id": 5621698433, "osm_type": "node", "amenity": "clinic", "name": "Mimar Sinan Aile Sağlığı Merkezi" }, "geometry": { "type": "Point", "coordinates": [ 691313.123540656873956, 4540643.281515731476247 ] } },
{ "type": "Feature", "properties": { "osm_id": 5621721169, "osm_type": "node", "amenity": "clinic", "name": "Altıntepe Aile Sağlığı Merkezi" }, "geometry": { "type": "Point", "coordinates": [ 691645.698522710124962, 4539597.174301065504551 ] } },
{ "type": "Feature", "properties": { "osm_id": 5621729960, "osm_type": "node", "amenity": "clinic", "name": "Adil Mahallesi Aile Sağlığı Merkezi" }, "geometry": { "type": "Point", "coordinates": [ 690380.623309148475528, 4539276.381275956518948 ] } },
{ "type": "Feature", "properties": { "osm_id": 5621735632, "osm_type": "node", "amenity": "clinic", "name": "Sultanbeyli AÇSAP (Anne Çocuk Sağlığı Merkezi)" }, "geometry": { "type": "Point", "coordinates": [ 690266.206957951420918, 4539157.843825625255704 ] } },
{ "type": "Feature", "properties": { "osm_id": 5621741396, "osm_type": "node", "amenity": "clinic", "name": "Turgut Reis Bağlık Aile Sağlığı Merkezi" }, "geometry": { "type": "Point", "coordinates": [ 691866.333050928660668, 4537559.823534194380045 ] } },
{ "type": "Feature", "properties": { "osm_id": 5621747020, "osm_type": "node", "amenity": "clinic", "name": "Ahmet Keleş Aile Sağlığı Merkezi" }, "geometry": { "type": "Point", "coordinates": [ 693155.982390316901729, 4536854.311532977968454 ] } },
{ "type": "Feature", "properties": { "osm_id": 5637096519, "osm_type": "node", "amenity": "clinic", "name": "TC Sağlık Bakanlığı Sultanbeyli Toplum Sağlığı Merkezi 1 No'lu Göçmen Sağlığı Merkezi" }, "geometry": { "type": "Point", "coordinates": [ 691404.975092707434669, 4536648.168387025594711 ] } },
{ "type": "Feature", "properties": { "osm_id": 5637096520, "osm_type": "node", "amenity": "clinic", "name": "Bezmialem Vakıf Üniversitesi Fatih Polikliniği" }, "geometry": { "type": "Point", "coordinates": [ 663919.421188080916181, 4542572.915402648970485 ] } },
{ "type": "Feature", "properties": { "osm_id": 5637469421, "osm_type": "node", "amenity": "clinic", "name": null }, "geometry": { "type": "Point", "coordinates": [ 659751.621095084934495, 4545101.341731712222099 ] } },
{ "type": "Feature", "properties": { "osm_id": 5639494863, "osm_type": "node", "amenity": "clinic", "name": "Rahim Çelik Aile Sağlığı Merkezi" }, "geometry": { "type": "Point", "coordinates": [ 690602.132287902291864, 4538586.230480425991118 ] } },
{ "type": "Feature", "properties": { "osm_id": 5667618339, "osm_type": "node", "amenity": "clinic", "name": "Özel Merkezefendi Seçkin Çocuklar Özel Eğitim Ve Rehbilitasyon Merkezi" }, "geometry": { "type": "Point", "coordinates": [ 661505.696235816925764, 4542087.419394372962415 ] } },
{ "type": "Feature", "properties": { "osm_id": 5667618351, "osm_type": "node", "amenity": "clinic", "name": "Otrila KBB" }, "geometry": { "type": "Point", "coordinates": [ 660752.352785263443366, 4542507.290933437645435 ] } },
{ "type": "Feature", "properties": { "osm_id": 5667634424, "osm_type": "node", "amenity": "clinic", "name": "Beştelsiz Aile Sağlığı Merkezi" }, "geometry": { "type": "Point", "coordinates": [ 660067.210833214921877, 4540614.511784328147769 ] } },
{ "type": "Feature", "properties": { "osm_id": 5667640786, "osm_type": "node", "amenity": "hospital", "name": "balıklı rum hastanesi vakfı" }, "geometry": { "type": "Point", "coordinates": [ 661273.25008705817163, 4540483.937513139098883 ] } },
{ "type": "Feature", "properties": { "osm_id": 5667640791, "osm_type": "node", "amenity": "clinic", "name": "Yeryüzü Doktorları" }, "geometry": { "type": "Point", "coordinates": [ 661355.980646476498805, 4540818.426601098850369 ] } },
{ "type": "Feature", "properties": { "osm_id": 5667641556, "osm_type": "node", "amenity": "hospital", "name": "Yedikule Göğüş Hastalıkları Hastanesi" }, "geometry": { "type": "Point", "coordinates": [ 661073.509984805481508, 4540757.198899099603295 ] } },
{ "type": "Feature", "properties": { "osm_id": 5667642087, "osm_type": "node", "amenity": "clinic", "name": "Zeytinburnu Aile sağlık merkezi" }, "geometry": { "type": "Point", "coordinates": [ 660785.606639965786599, 4540673.3602364808321 ] } },
{ "type": "Feature", "properties": { "osm_id": 5667657045, "osm_type": "node", "amenity": "clinic", "name": "Özel Yeşiltepe Polikliniği" }, "geometry": { "type": "Point", "coordinates": [ 660034.328371749492362, 4539905.129818369634449 ] } },
{ "type": "Feature", "properties": { "osm_id": 5667661148, "osm_type": "node", "amenity": "hospital", "name": "Yedikule Surp PIRGIÇ ERMENI Hastanesi" }, "geometry": { "type": "Point", "coordinates": [ 661094.759778427192941, 4539843.023499494418502 ] } },
{ "type": "Feature", "properties": { "osm_id": 5667661164, "osm_type": "node", "amenity": "clinic", "name": "Damla Üroloji Tıp mekezi" }, "geometry": { "type": "Point", "coordinates": [ 660802.098002083832398, 4539951.779405308887362 ] } },
{ "type": "Feature", "properties": { "osm_id": 5667662147, "osm_type": "node", "amenity": "hospital", "name": "SÜLEYMANİYE KADIN DOĞUM VE ÇOCUK HASTANESİ" }, "geometry": { "type": "Point", "coordinates": [ 661054.865054733469151, 4540036.245998748578131 ] } },
{ "type": "Feature", "properties": { "osm_id": 5667662678, "osm_type": "node", "amenity": "clinic", "name": "Diş Hekimi Mustafa İsmailoğlu" }, "geometry": { "type": "Point", "coordinates": [ 659972.056117982021533, 4540010.101041742600501 ] } },
{ "type": "Feature", "properties": { "osm_id": 5667672292, "osm_type": "node", "amenity": "clinic", "name": "Bağcılar 20 No'lu Aike Sağlığı Merkezi" }, "geometry": { "type": "Point", "coordinates": [ 655330.309334724792279, 4546424.014159460552037 ] } },
{ "type": "Feature", "properties": { "osm_id": 5667672685, "osm_type": "node", "amenity": "clinic", "name": "Gözde sağlık kabini" }, "geometry": { "type": "Point", "coordinates": [ 655200.578866891912185, 4546395.064588151872158 ] } },
{ "type": "Feature", "properties": { "osm_id": 5667673492, "osm_type": "node", "amenity": "clinic", "name": "Özel Öz İstanbul Tıp Merkezi" }, "geometry": { "type": "Point", "coordinates": [ 655860.241313992184587, 4547344.27586121018976 ] } },
{ "type": "Feature", "properties": { "osm_id": 5667673513, "osm_type": "node", "amenity": "clinic", "name": "Özel Işık Tıp Merkezi" }, "geometry": { "type": "Point", "coordinates": [ 655872.192464201711118, 4547396.57706914562732 ] } },
{ "type": "Feature", "properties": { "osm_id": 5667674435, "osm_type": "node", "amenity": "hospital", "name": "MEDILIFE HASTANESİ" }, "geometry": { "type": "Point", "coordinates": [ 656275.938720599049702, 4545839.56911925971508 ] } },
{ "type": "Feature", "properties": { "osm_id": 5667674972, "osm_type": "node", "amenity": "clinic", "name": "Göztepe Sena Tıp Merkezi" }, "geometry": { "type": "Point", "coordinates": [ 654377.982536639552563, 4546396.771639173850417 ] } },
{ "type": "Feature", "properties": { "osm_id": 5667674990, "osm_type": "node", "amenity": "clinic", "name": "MEDİKARE DİYALİZ" }, "geometry": { "type": "Point", "coordinates": [ 656175.162090446799994, 4546035.40167913492769 ] } },
{ "type": "Feature", "properties": { "osm_id": 5667687568, "osm_type": "node", "amenity": "hospital", "name": "Aksa" }, "geometry": { "type": "Point", "coordinates": [ 653515.151149860234, 4543858.594926268793643 ] } },
{ "type": "Feature", "properties": { "osm_id": 5667689744, "osm_type": "node", "amenity": "clinic", "name": "Özel Yunus Emre tıp merkezi" }, "geometry": { "type": "Point", "coordinates": [ 654963.861212507705204, 4543897.04657366592437 ] } },
{ "type": "Feature", "properties": { "osm_id": 5667702795, "osm_type": "node", "amenity": "clinic", "name": "Özel Dünya Tıp Merkezi" }, "geometry": { "type": "Point", "coordinates": [ 654756.919980635866523, 4545243.137900198809803 ] } },
{ "type": "Feature", "properties": { "osm_id": 5667706125, "osm_type": "node", "amenity": "clinic", "name": "AİLE TIP MERKEZİ" }, "geometry": { "type": "Point", "coordinates": [ 655280.97133758966811, 4545211.557727592997253 ] } },
{ "type": "Feature", "properties": { "osm_id": 5667719070, "osm_type": "node", "amenity": "hospital", "name": "Özel Hospitalist Hastanesi" }, "geometry": { "type": "Point", "coordinates": [ 655938.013445554068312, 4544253.775778213515878 ] } },
{ "type": "Feature", "properties": { "osm_id": 5667719076, "osm_type": "node", "amenity": "clinic", "name": "Medicalist" }, "geometry": { "type": "Point", "coordinates": [ 655842.978035217965953, 4544350.362142029218376 ] } },
{ "type": "Feature", "properties": { "osm_id": 5667723851, "osm_type": "node", "amenity": "clinic", "name": "Dünya Göz Kliniği" }, "geometry": { "type": "Point", "coordinates": [ 655802.499410591553897, 4544128.331542782485485 ] } },
{ "type": "Feature", "properties": { "osm_id": 5667746020, "osm_type": "node", "amenity": "clinic", "name": "Osse" }, "geometry": { "type": "Point", "coordinates": [ 657164.834413953474723, 4543739.001895166933537 ] } },
{ "type": "Feature", "properties": { "osm_id": 5667747232, "osm_type": "node", "amenity": "clinic", "name": "Yenigün Aile Sağlığı merkezi" }, "geometry": { "type": "Point", "coordinates": [ 656342.065891204867512, 4542861.469529959373176 ] } },
{ "type": "Feature", "properties": { "osm_id": 5669568475, "osm_type": "node", "amenity": "clinic", "name": "Özel Bezmialem Vakıf Üniversitesi Fatih Semt Polikliniği" }, "geometry": { "type": "Point", "coordinates": [ 663907.074789206846617, 4542591.211214112117887 ] } },
{ "type": "Feature", "properties": { "osm_id": 5674307825, "osm_type": "node", "amenity": "clinic", "name": "Aile Sağlığı Merkezi" }, "geometry": { "type": "Point", "coordinates": [ 675364.688264926779084, 4538619.759733695536852 ] } },
{ "type": "Feature", "properties": { "osm_id": 5713935954, "osm_type": "node", "amenity": "clinic", "name": "Altıntepsi Aile Sağlığı Merkezi" }, "geometry": { "type": "Point", "coordinates": [ 659727.149453632067889, 4544453.528581620194018 ] } },
{ "type": "Feature", "properties": { "osm_id": 5724461734, "osm_type": "node", "amenity": "hospital", "name": "İstanbul Eğitim ve Araştırma Hastanesi Osmaniye Semt Poliklinği" }, "geometry": { "type": "Point", "coordinates": [ 658248.428196070715785, 4539575.826910197734833 ] } },
{ "type": "Feature", "properties": { "osm_id": 5728941779, "osm_type": "node", "amenity": "clinic", "name": "İstanbul Ümraniye 18 Nolu Aile Sağlığı Merkezi" }, "geometry": { "type": "Point", "coordinates": [ 679785.974923198577017, 4540848.156479519791901 ] } },
{ "type": "Feature", "properties": { "osm_id": 5745686359, "osm_type": "node", "amenity": "clinic", "name": "1 No'lu Göçmen Sağlığı Merkezi" }, "geometry": { "type": "Point", "coordinates": [ 691828.539276006515138, 4537303.947333388961852 ] } },
{ "type": "Feature", "properties": { "osm_id": 5859055685, "osm_type": "node", "amenity": "hospital", "name": "Gaziosmanpaşa Özel Başarı Hastanesi" }, "geometry": { "type": "Point", "coordinates": [ 660165.447245251620188, 4549362.027407037094235 ] } },
{ "type": "Feature", "properties": { "osm_id": 5933800279, "osm_type": "node", "amenity": "clinic", "name": "Tuzla 3 Nolu Aile Sağlığı Merkezi" }, "geometry": { "type": "Point", "coordinates": [ 696799.581081194337457, 4528589.749631468206644 ] } },
{ "type": "Feature", "properties": { "osm_id": 6004165586, "osm_type": "node", "amenity": "clinic", "name": "Avusturya Sen Jorj Hastanesi" }, "geometry": { "type": "Point", "coordinates": [ 665980.739196473266929, 4543367.839730524457991 ] } },
{ "type": "Feature", "properties": { "osm_id": 6069331851, "osm_type": "node", "amenity": "hospital", "name": "Dayıoğlu Tıp Merkezi" }, "geometry": { "type": "Point", "coordinates": [ 646764.726974706747569, 4547256.195281639695168 ] } },
{ "type": "Feature", "properties": { "osm_id": 6069332186, "osm_type": "node", "amenity": "hospital", "name": "Haydarpaşa Numune Eğitim ve Araştırma Hastanesi Tıbbiye Binası" }, "geometry": { "type": "Point", "coordinates": [ 670362.559385407948866, 4541215.92601369228214 ] } },
{ "type": "Feature", "properties": { "osm_id": 6082066585, "osm_type": "node", "amenity": "clinic", "name": "improgen" }, "geometry": { "type": "Point", "coordinates": [ 650552.503747162991203, 4550600.609503746032715 ] } },
{ "type": "Feature", "properties": { "osm_id": 6107409814, "osm_type": "node", "amenity": "clinic", "name": "Ahmet Yesevi Aile Sağlığı Merkezi" }, "geometry": { "type": "Point", "coordinates": [ 694701.501470836577937, 4526230.366813709028065 ] } },
{ "type": "Feature", "properties": { "osm_id": 6249003094, "osm_type": "node", "amenity": "clinic", "name": "Şifa Semt Aile Sağlığı Merkezi" }, "geometry": { "type": "Point", "coordinates": [ 699143.49392478831578, 4523006.86248533334583 ] } },
{ "type": "Feature", "properties": { "osm_id": 6285648070, "osm_type": "node", "amenity": "clinic", "name": "Medamerikan Tıp Merkezi" }, "geometry": { "type": "Point", "coordinates": [ 672155.15933039272204, 4538328.491649361327291 ] } },
{ "type": "Feature", "properties": { "osm_id": 6297420549, "osm_type": "node", "amenity": "hospital", "name": null }, "geometry": { "type": "Point", "coordinates": [ 659893.324200109229423, 4548629.37754578795284 ] } },
{ "type": "Feature", "properties": { "osm_id": 6317600226, "osm_type": "node", "amenity": "clinic", "name": "Pendik 10 Nolu Aile Sağlığı Merkezi" }, "geometry": { "type": "Point", "coordinates": [ 691954.162836194271222, 4531857.288724818266928 ] } },
{ "type": "Feature", "properties": { "osm_id": 6321841028, "osm_type": "node", "amenity": "clinic", "name": "Cumhuriyet Aile Sağlığı Merkezi" }, "geometry": { "type": "Point", "coordinates": [ 687027.190885018906556, 4530871.658313352614641 ] } },
{ "type": "Feature", "properties": { "osm_id": 6329035785, "osm_type": "node", "amenity": "clinic", "name": "Kurtköy Diyaliz" }, "geometry": { "type": "Point", "coordinates": [ 694280.938315395265818, 4532223.179084359668195 ] } },
{ "type": "Feature", "properties": { "osm_id": 6364562968, "osm_type": "node", "amenity": "clinic", "name": "Zeytinburnu Tıp Merkezi" }, "geometry": { "type": "Point", "coordinates": [ 660181.301738726207986, 4539223.427148533985019 ] } },
{ "type": "Feature", "properties": { "osm_id": 6400675261, "osm_type": "node", "amenity": "hospital", "name": "Özel Pendik Şifa Hastanesi" }, "geometry": { "type": "Point", "coordinates": [ 688406.128677372937091, 4528178.387363627552986 ] } },
{ "type": "Feature", "properties": { "osm_id": 6417699194, "osm_type": "node", "amenity": "clinic", "name": "Kavakpınar 1 Nolu Aile Sağlığı Merkezi" }, "geometry": { "type": "Point", "coordinates": [ 692596.822472952189855, 4527671.093229563906789 ] } },
{ "type": "Feature", "properties": { "osm_id": 6445014889, "osm_type": "node", "amenity": "hospital", "name": "Dűnyagöz" }, "geometry": { "type": "Point", "coordinates": [ 671113.962678434210829, 4549910.452202008105814 ] } },
{ "type": "Feature", "properties": { "osm_id": 6502396071, "osm_type": "node", "amenity": "clinic", "name": "Sevgi Turgut Sağlık Ocağı" }, "geometry": { "type": "Point", "coordinates": [ 590705.549044826067984, 4548122.333645209670067 ] } },
{ "type": "Feature", "properties": { "osm_id": 6508582455, "osm_type": "node", "amenity": "clinic", "name": "Özel Pendik Şifa Tıp Merkezi" }, "geometry": { "type": "Point", "coordinates": [ 688361.75089947890956, 4527664.686262902803719 ] } },
{ "type": "Feature", "properties": { "osm_id": 6508582489, "osm_type": "node", "amenity": "clinic", "name": "Anadolu Tıp Merkezi" }, "geometry": { "type": "Point", "coordinates": [ 688349.122078842483461, 4527671.195782730355859 ] } },
{ "type": "Feature", "properties": { "osm_id": 6508582507, "osm_type": "node", "amenity": "hospital", "name": "Dünya Göz Hastanesi" }, "geometry": { "type": "Point", "coordinates": [ 688422.123584244283848, 4527718.819829077459872 ] } },
{ "type": "Feature", "properties": { "osm_id": 6640146045, "osm_type": "node", "amenity": "clinic", "name": "Burgazada Aile Sağlığı Merkezi" }, "geometry": { "type": "Point", "coordinates": [ 674348.344614867120981, 4527456.318669831380248 ] } },
{ "type": "Feature", "properties": { "osm_id": 6669804333, "osm_type": "node", "amenity": "hospital", "name": "Haydarpaşa Numune Hastanesi" }, "geometry": { "type": "Point", "coordinates": [ 670110.700354896020144, 4541221.470936593599617 ] } },
{ "type": "Feature", "properties": { "osm_id": 6673797104, "osm_type": "node", "amenity": "clinic", "name": "18 Nc Aile Sağlığı Merkezi" }, "geometry": { "type": "Point", "coordinates": [ 669422.970499866409227, 4541974.418039264157414 ] } },
{ "type": "Feature", "properties": { "osm_id": 6679604494, "osm_type": "node", "amenity": "clinic", "name": "Çağlayan 2 Nolu Aile Sağlığı Merkezi" }, "geometry": { "type": "Point", "coordinates": [ 666897.307337391423061, 4549329.418340670876205 ] } },
{ "type": "Feature", "properties": { "osm_id": 6695055576, "osm_type": "node", "amenity": "clinic", "name": "Tempo OSGB - İşe Giriş Sağlık Raporu" }, "geometry": { "type": "Point", "coordinates": [ 675991.645875744870864, 4543815.810466541908681 ] } },
{ "type": "Feature", "properties": { "osm_id": 6696425797, "osm_type": "node", "amenity": "clinic", "name": "16 Nolu Aile Sağlığı Merkezi" }, "geometry": { "type": "Point", "coordinates": [ 673143.515422929660417, 4538007.442551237531006 ] } },
{ "type": "Feature", "properties": { "osm_id": 6697235740, "osm_type": "node", "amenity": "hospital", "name": "İstanbullu OSGB" }, "geometry": { "type": "Point", "coordinates": [ 651698.645076074521057, 4549214.787722687236965 ] } },
{ "type": "Feature", "properties": { "osm_id": 6707182389, "osm_type": "node", "amenity": "clinic", "name": "Uğur Diyaliz" }, "geometry": { "type": "Point", "coordinates": [ 689047.509522615815513, 4528307.966711941175163 ] } },
{ "type": "Feature", "properties": { "osm_id": 6710450786, "osm_type": "node", "amenity": "clinic", "name": null }, "geometry": { "type": "Point", "coordinates": [ 654826.394414032576606, 4546926.385575644671917 ] } },
{ "type": "Feature", "properties": { "osm_id": 6721462533, "osm_type": "node", "amenity": "clinic", "name": "Kemal Hacıyüzbaşıoğlu Aile Sağlığı Merkezi" }, "geometry": { "type": "Point", "coordinates": [ 681809.504592613549903, 4530076.284788567572832 ] } },
{ "type": "Feature", "properties": { "osm_id": 6753065641, "osm_type": "node", "amenity": "clinic", "name": "Ataşehir Toplum Sağlığı Merkezi" }, "geometry": { "type": "Point", "coordinates": [ 677570.406263833865523, 4538954.160852607339621 ] } },
{ "type": "Feature", "properties": { "osm_id": 6791166685, "osm_type": "node", "amenity": "hospital", "name": "Medicana Ataköy Hastanesi" }, "geometry": { "type": "Point", "coordinates": [ 656155.7743397714803, 4537774.901425326243043 ] } },
{ "type": "Feature", "properties": { "osm_id": 6807213216, "osm_type": "node", "amenity": "clinic", "name": "Kartal 3 Nolu Aile Sağlığı Merkezi" }, "geometry": { "type": "Point", "coordinates": [ 688086.651224799919873, 4530734.365204811096191 ] } },
{ "type": "Feature", "properties": { "osm_id": 6863444123, "osm_type": "node", "amenity": "clinic", "name": "Maltepe 17 Nolu Aile Sağlığı Merkezi" }, "geometry": { "type": "Point", "coordinates": [ 682589.626317466958426, 4532578.328576062805951 ] } },
{ "type": "Feature", "properties": { "osm_id": 6863554603, "osm_type": "node", "amenity": "clinic", "name": "Gülsuyu Aile Sağlığı Merkezi" }, "geometry": { "type": "Point", "coordinates": [ 681622.943376169307157, 4532994.140952296555042 ] } },
{ "type": "Feature", "properties": { "osm_id": 6872628702, "osm_type": "node", "amenity": "hospital", "name": "Özel Üsküdar Anadolu Hastanesi" }, "geometry": { "type": "Point", "coordinates": [ 669489.818724269745871, 4543093.379820321686566 ] } },
{ "type": "Feature", "properties": { "osm_id": 6872676930, "osm_type": "node", "amenity": "clinic", "name": "Paşabahçe Aile Sağlığı Merkezi" }, "geometry": { "type": "Point", "coordinates": [ 670773.842614297871478, 4542818.264309221878648 ] } },
{ "type": "Feature", "properties": { "osm_id": 6872685621, "osm_type": "node", "amenity": "clinic", "name": "Üsküdar Merkez Aile Sağlığı Merkezi" }, "geometry": { "type": "Point", "coordinates": [ 669117.006513779517263, 4543310.065922421403229 ] } },
{ "type": "Feature", "properties": { "osm_id": 6872755494, "osm_type": "node", "amenity": "clinic", "name": "Zeynep Kamil Aile Sağlığı Merkezi" }, "geometry": { "type": "Point", "coordinates": [ 670192.373508263844997, 4542623.905353950336576 ] } },
{ "type": "Feature", "properties": { "osm_id": 6874195043, "osm_type": "node", "amenity": "hospital", "name": "Doktor Levent Polikliniği" }, "geometry": { "type": "Point", "coordinates": [ 666907.219946778379381, 4547590.066683800891042 ] } },
{ "type": "Feature", "properties": { "osm_id": 6874291251, "osm_type": "node", "amenity": "clinic", "name": "Başakşehir 5 Nolu Aile Sağlığı Merkezi" }, "geometry": { "type": "Point", "coordinates": [ 650167.822240872774273, 4552481.499937478452921 ] } },
{ "type": "Feature", "properties": { "osm_id": 6874511167, "osm_type": "node", "amenity": "clinic", "name": "Başakşehir 5 Nolu Aile Sağlığı Merkezi" }, "geometry": { "type": "Point", "coordinates": [ 650453.755833705654368, 4551822.068530797027051 ] } },
{ "type": "Feature", "properties": { "osm_id": 6875953910, "osm_type": "node", "amenity": "clinic", "name": "Başakşehir Aile Sağlığı Merkezi" }, "geometry": { "type": "Point", "coordinates": [ 650272.568434958229773, 4552195.535198243334889 ] } },
{ "type": "Feature", "properties": { "osm_id": 6875953911, "osm_type": "node", "amenity": "clinic", "name": "Başakşehir Devlet Hastanesi Ağız ve Diş Sağlığı Polikliniği" }, "geometry": { "type": "Point", "coordinates": [ 650276.59569928154815, 4552185.966309148818254 ] } },
{ "type": "Feature", "properties": { "osm_id": 6879036780, "osm_type": "node", "amenity": "clinic", "name": "Esenyurt 4 Nolu Aile Sağlığı Merkezi" }, "geometry": { "type": "Point", "coordinates": [ 640140.521648162510246, 4541111.551997657865286 ] } },
{ "type": "Feature", "properties": { "osm_id": 6881230553, "osm_type": "node", "amenity": "clinic", "name": "Özel Başakşehir Aktif Tıp Merkezi" }, "geometry": { "type": "Point", "coordinates": [ 650104.905528006958775, 4551608.975797690451145 ] } },
{ "type": "Feature", "properties": { "osm_id": 6903822055, "osm_type": "node", "amenity": "clinic", "name": "Beykoz Merkez Aile Sağlığı Merkezi" }, "geometry": { "type": "Point", "coordinates": [ 675527.911713508656248, 4555827.058264481835067 ] } },
{ "type": "Feature", "properties": { "osm_id": 6908779269, "osm_type": "node", "amenity": "clinic", "name": "Altınyıldız Aile Sağlığı Merkezi" }, "geometry": { "type": "Point", "coordinates": [ 653043.451522778603248, 4542672.968349429778755 ] } },
{ "type": "Feature", "properties": { "osm_id": 6908779270, "osm_type": "node", "amenity": "clinic", "name": "Doğu Sanayi Aile Sağlığı Merkezi" }, "geometry": { "type": "Point", "coordinates": [ 653054.889183303108439, 4542671.063358065672219 ] } },
{ "type": "Feature", "properties": { "osm_id": 6912522214, "osm_type": "node", "amenity": "clinic", "name": "Hamidiye Semt Aile Sağlığı Merkezi" }, "geometry": { "type": "Point", "coordinates": [ 666120.017901638406329, 4550822.161901607178152 ] } },
{ "type": "Feature", "properties": { "osm_id": 6912522215, "osm_type": "node", "amenity": "clinic", "name": "Kağıthane 13 Nolu Aile Sağlığı Merkezi" }, "geometry": { "type": "Point", "coordinates": [ 666116.330460414872505, 4550794.319915902800858 ] } },
{ "type": "Feature", "properties": { "osm_id": 6961666511, "osm_type": "node", "amenity": "hospital", "name": "Özel 2000 Tıp Merkezi" }, "geometry": { "type": "Point", "coordinates": [ 632923.139778844546527, 4542245.750395554117858 ] } },
{ "type": "Feature", "properties": { "osm_id": 7001101489, "osm_type": "node", "amenity": "hospital", "name": "Özel Elitium" }, "geometry": { "type": "Point", "coordinates": [ 640832.296722146566026, 4546811.536274388432503 ] } },
{ "type": "Feature", "properties": { "osm_id": 7034423087, "osm_type": "node", "amenity": "clinic", "name": "Elysieum elit" }, "geometry": { "type": "Point", "coordinates": [ 671397.700009105377831, 4541429.791058268398046 ] } },
{ "type": "Feature", "properties": { "osm_id": 7135965785, "osm_type": "node", "amenity": "clinic", "name": "مستشفي صفا" }, "geometry": { "type": "Point", "coordinates": [ 654616.719687996665016, 4540290.268634698353708 ] } },
{ "type": "Feature", "properties": { "osm_id": 7167511973, "osm_type": "node", "amenity": "hospital", "name": "İstanbul Tema Hastanesi" }, "geometry": { "type": "Point", "coordinates": [ 649059.086016988148913, 4546943.10184838809073 ] } },
{ "type": "Feature", "properties": { "osm_id": 7179522987, "osm_type": "node", "amenity": "clinic", "name": null }, "geometry": { "type": "Point", "coordinates": [ 654983.502862889901735, 4546722.575753641314805 ] } },
{ "type": "Feature", "properties": { "osm_id": 7189793474, "osm_type": "node", "amenity": "clinic", "name": "Istanbul Hair Center" }, "geometry": { "type": "Point", "coordinates": [ 668777.187871795147657, 4548378.383306142874062 ] } },
{ "type": "Feature", "properties": { "osm_id": 7321901859, "osm_type": "node", "amenity": "clinic", "name": "Infinity Smiles Ağız ve Diş Sağlığı Polikliniği" }, "geometry": { "type": "Point", "coordinates": [ 648482.288763385615312, 4552970.72577874455601 ] } },
{ "type": "Feature", "properties": { "osm_id": 7354635829, "osm_type": "node", "amenity": "hospital", "name": "Bayrampaşa 1 Nolu Yabancı Uyruklular Polikliniği" }, "geometry": { "type": "Point", "coordinates": [ 660318.86295902589336, 4543875.261344985105097 ] } },
{ "type": "Feature", "properties": { "osm_id": 7354717114, "osm_type": "node", "amenity": "hospital", "name": "Bağcılar 28 Nolu Aile Sağlığı Merkezi" }, "geometry": { "type": "Point", "coordinates": [ 652982.114746528444812, 4545140.525277053005993 ] } },
{ "type": "Feature", "properties": { "osm_id": 7362978980, "osm_type": "node", "amenity": "clinic", "name": "Özel Işık Sağlık Kabini" }, "geometry": { "type": "Point", "coordinates": [ 657108.989003147929907, 4545392.56223607249558 ] } },
{ "type": "Feature", "properties": { "osm_id": 7363117227, "osm_type": "node", "amenity": "hospital", "name": "Acil Tıp Kliniği" }, "geometry": { "type": "Point", "coordinates": [ 662908.392201908049174, 4540880.656145954504609 ] } },
{ "type": "Feature", "properties": { "osm_id": 7365233440, "osm_type": "node", "amenity": "hospital", "name": "Alpha Hair Central" }, "geometry": { "type": "Point", "coordinates": [ 667381.411077941767871, 4547476.600361336953938 ] } },
{ "type": "Feature", "properties": { "osm_id": 7369176307, "osm_type": "node", "amenity": "hospital", "name": "Bezmialem Vakıf Üniversitesi Tıp Fakültesi Acil Tıp" }, "geometry": { "type": "Point", "coordinates": [ 662679.458878479665145, 4542779.551285993307829 ] } },
{ "type": "Feature", "properties": { "osm_id": 7443622910, "osm_type": "node", "amenity": "clinic", "name": "Hekimbaşı Yusuf Sinan Aile Sağlığı Merkezi" }, "geometry": { "type": "Point", "coordinates": [ 657165.466665492858738, 4544805.170744801871479 ] } },
{ "type": "Feature", "properties": { "osm_id": 7452914848, "osm_type": "node", "amenity": "hospital", "name": "Şişli Hamidiye Etfal Eğitim ve Araştırma Hastanesi Gümüşsuyu Binası" }, "geometry": { "type": "Point", "coordinates": [ 667275.368507735896856, 4544838.14019687473774 ] } },
{ "type": "Feature", "properties": { "osm_id": 7457578377, "osm_type": "node", "amenity": "clinic", "name": "Kartal 10 Nolu Aile Sağlığı Merkezi" }, "geometry": { "type": "Point", "coordinates": [ 686611.808364714030176, 4528933.708859610371292 ] } },
{ "type": "Feature", "properties": { "osm_id": 7468612173, "osm_type": "node", "amenity": "hospital", "name": "Hasanpaşa Aile Sağlığı Merkezi" }, "geometry": { "type": "Point", "coordinates": [ 671819.33529919909779, 4540478.092982621863484 ] } },
{ "type": "Feature", "properties": { "osm_id": 7468631345, "osm_type": "node", "amenity": "hospital", "name": "Bakırköy 4 Nolu Aile Sağlığı Merkezi" }, "geometry": { "type": "Point", "coordinates": [ 657481.711714240256697, 4538058.643225085921586 ] } },
{ "type": "Feature", "properties": { "osm_id": 7473283829, "osm_type": "node", "amenity": "clinic", "name": "Kadıköy 1 Nolu Aile Sağlığı Merkezi" }, "geometry": { "type": "Point", "coordinates": [ 676024.535157561302185, 4537230.259141247719526 ] } },
{ "type": "Feature", "properties": { "osm_id": 7569580576, "osm_type": "node", "amenity": "clinic", "name": "Estetikmed Saç Ekimi ve Estetik" }, "geometry": { "type": "Point", "coordinates": [ 687959.997947231750004, 4527675.340677611529827 ] } },
{ "type": "Feature", "properties": { "osm_id": 7574935260, "osm_type": "node", "amenity": "hospital", "name": "Kartal Dr. Lütfi Kırdar Eğitim ve Araştırma Hastanesi KADİR REZZAN HAS ADATEPE POLİKLİNİĞİ" }, "geometry": { "type": "Point", "coordinates": [ 678814.463302122778259, 4533521.643780123442411 ] } },
{ "type": "Feature", "properties": { "osm_id": 7575511401, "osm_type": "node", "amenity": "hospital", "name": "fsm tıp merkezi" }, "geometry": { "type": "Point", "coordinates": [ 686523.615634152665734, 4543677.430547815747559 ] } },
{ "type": "Feature", "properties": { "osm_id": 7593371915, "osm_type": "node", "amenity": "clinic", "name": "Şeyh Şamil Aile Sağlığı Merkezi" }, "geometry": { "type": "Point", "coordinates": [ 686477.624964505899698, 4541855.466558541171253 ] } },
{ "type": "Feature", "properties": { "osm_id": 7615257491, "osm_type": "node", "amenity": "clinic", "name": "Dental Care" }, "geometry": { "type": "Point", "coordinates": [ 669721.264221762190573, 4563790.517864145338535 ] } },
{ "type": "Feature", "properties": { "osm_id": 7615257492, "osm_type": "node", "amenity": "clinic", "name": "Villa Medica" }, "geometry": { "type": "Point", "coordinates": [ 669686.756528260069899, 4563774.473818288184702 ] } },
{ "type": "Feature", "properties": { "osm_id": 7635726141, "osm_type": "node", "amenity": "clinic", "name": "Ataşehir Belediyesi Sağlık Merkezi" }, "geometry": { "type": "Point", "coordinates": [ 678154.079927256330848, 4538675.305204869247973 ] } },
{ "type": "Feature", "properties": { "osm_id": 7740545302, "osm_type": "node", "amenity": "hospital", "name": "Medient" }, "geometry": { "type": "Point", "coordinates": [ 676055.331556796096265, 4538940.301145255565643 ] } },
{ "type": "Feature", "properties": { "osm_id": 7743640857, "osm_type": "node", "amenity": "clinic", "name": "Ataşehir Küçükbakkalköy 11 Nolu Aile Sağlığı Merkezi" }, "geometry": { "type": "Point", "coordinates": [ 677945.999250624096021, 4538828.636295803822577 ] } },
{ "type": "Feature", "properties": { "osm_id": 7827234990, "osm_type": "node", "amenity": "clinic", "name": "Batıköy Aile Sağlık Merkezi" }, "geometry": { "type": "Point", "coordinates": [ 629505.153803664958104, 4540148.89687090087682 ] } },
{ "type": "Feature", "properties": { "osm_id": 7872060239, "osm_type": "node", "amenity": "clinic", "name": "Seyitömer Aile Sağlığı Merkezi" }, "geometry": { "type": "Point", "coordinates": [ 662555.761269196635112, 4541326.405993963591754 ] } },
{ "type": "Feature", "properties": { "osm_id": 7874885507, "osm_type": "node", "amenity": "clinic", "name": "Creadenta" }, "geometry": { "type": "Point", "coordinates": [ 667523.645671983482316, 4545999.615919128991663 ] } },
{ "type": "Feature", "properties": { "osm_id": 7889339030, "osm_type": "node", "amenity": "hospital", "name": "Büyükçekmece Aile Sağlığı Merkezi" }, "geometry": { "type": "Point", "coordinates": [ 632725.722232638159767, 4542214.169518013484776 ] } },
{ "type": "Feature", "properties": { "osm_id": 7950739066, "osm_type": "node", "amenity": "clinic", "name": null }, "geometry": { "type": "Point", "coordinates": [ 634060.023145555751398, 4549256.281570117920637 ] } },
{ "type": "Feature", "properties": { "osm_id": 8111569547, "osm_type": "node", "amenity": "hospital", "name": "Sağlık Ocağı" }, "geometry": { "type": "Point", "coordinates": [ 634883.475976896705106, 4541862.585464542731643 ] } },
{ "type": "Feature", "properties": { "osm_id": 8116895417, "osm_type": "node", "amenity": "hospital", "name": "Bahceci" }, "geometry": { "type": "Point", "coordinates": [ 671673.632278212695383, 4543221.723805198445916 ] } },
{ "type": "Feature", "properties": { "osm_id": 8137511048, "osm_type": "node", "amenity": "clinic", "name": "Gülbağ Aile Sağlığı Merkezi" }, "geometry": { "type": "Point", "coordinates": [ 667535.709550926694646, 4548726.424485437572002 ] } },
{ "type": "Feature", "properties": { "osm_id": 8137735680, "osm_type": "node", "amenity": "hospital", "name": "İstanbul Üniversitesi Tıp Fakültesi Hastanesi" }, "geometry": { "type": "Point", "coordinates": [ 662611.84592282702215, 4542430.42651117220521 ] } },
{ "type": "Feature", "properties": { "osm_id": 8138079174, "osm_type": "node", "amenity": "clinic", "name": "Kadıköy 30 Nolu Aile Sağlığı Merkezi" }, "geometry": { "type": "Point", "coordinates": [ 676279.693149149650708, 4535807.211978738196194 ] } },
{ "type": "Feature", "properties": { "osm_id": 8138118434, "osm_type": "node", "amenity": "clinic", "name": "Özel Median Hastanesi" }, "geometry": { "type": "Point", "coordinates": [ 654642.932517392211594, 4542793.105039587244391 ] } },
{ "type": "Feature", "properties": { "osm_id": 8138461845, "osm_type": "node", "amenity": "hospital", "name": "Özel Avusturya Sen Jorj Hastanesi" }, "geometry": { "type": "Point", "coordinates": [ 665986.504496888024732, 4543331.270655605942011 ] } },
{ "type": "Feature", "properties": { "osm_id": 8148735309, "osm_type": "node", "amenity": "clinic", "name": "Özel Bliss Maçka Polikliniği" }, "geometry": { "type": "Point", "coordinates": [ 667604.053315068478696, 4545883.800480213016272 ] } },
{ "type": "Feature", "properties": { "osm_id": 8148780692, "osm_type": "node", "amenity": "clinic", "name": "Ümraniye 4 Nolu Sağlık Hizmetleri İstasyonu" }, "geometry": { "type": "Point", "coordinates": [ 683104.055863021756522, 4543011.874770428054035 ] } },
{ "type": "Feature", "properties": { "osm_id": 8148796390, "osm_type": "node", "amenity": "clinic", "name": "Beylikdüzü 4 Nolu Acil Yardım İstasyonu" }, "geometry": { "type": "Point", "coordinates": [ 638921.621299327351153, 4539602.989544267766178 ] } },
{ "type": "Feature", "properties": { "osm_id": 8310469099, "osm_type": "node", "amenity": "clinic", "name": "Avrupa Cerrahi Tıp Merkezi" }, "geometry": { "type": "Point", "coordinates": [ 657542.773971635964699, 4538678.348666776902974 ] } },
{ "type": "Feature", "properties": { "osm_id": 8365297618, "osm_type": "node", "amenity": "clinic", "name": "Valide Sultan Aile Sağlığı Merkezi" }, "geometry": { "type": "Point", "coordinates": [ 658059.375732104526833, 4551804.833877078257501 ] } },
{ "type": "Feature", "properties": { "osm_id": 8388129592, "osm_type": "node", "amenity": "clinic", "name": "Sıhhat Sağlık Kabini" }, "geometry": { "type": "Point", "coordinates": [ 656592.695501055801287, 4542034.866044635884464 ] } },
{ "type": "Feature", "properties": { "osm_id": 8403438994, "osm_type": "node", "amenity": "clinic", "name": "İhsaniye Zera Akdoğan Aile Sağlığı Merkezi" }, "geometry": { "type": "Point", "coordinates": [ 614362.361347260884941, 4567636.890522750094533 ] } },
{ "type": "Feature", "properties": { "osm_id": 8438032718, "osm_type": "node", "amenity": "hospital", "name": "Medihaus" }, "geometry": { "type": "Point", "coordinates": [ 639320.288268649252132, 4541560.26466709189117 ] } },
{ "type": "Feature", "properties": { "osm_id": 8450534707, "osm_type": "node", "amenity": "clinic", "name": "Kınalıada Aile Sağlığı Merkezi" }, "geometry": { "type": "Point", "coordinates": [ 673054.825826289714314, 4530520.727303442545235 ] } },
{ "type": "Feature", "properties": { "osm_id": 8520542987, "osm_type": "node", "amenity": "clinic", "name": "Hilmi Sonay Aile Sağlığı Merkezi" }, "geometry": { "type": "Point", "coordinates": [ 694460.32200964493677, 4523463.192230710759759 ] } },
{ "type": "Feature", "properties": { "osm_id": 8520699195, "osm_type": "node", "amenity": "clinic", "name": "Kadın Hastalıkları ve Doğum Uzmanı Prof. Dr. Soner Doğanyılmaz" }, "geometry": { "type": "Point", "coordinates": [ 677454.356586329871789, 4538606.939031437970698 ] } },
{ "type": "Feature", "properties": { "osm_id": 8560158220, "osm_type": "node", "amenity": "hospital", "name": "Maltepe 4 Nolu Aile Hekimliği" }, "geometry": { "type": "Point", "coordinates": [ 678187.342760690255091, 4534371.434033137746155 ] } },
{ "type": "Feature", "properties": { "osm_id": 8581425229, "osm_type": "node", "amenity": "clinic", "name": "Özel Formmed Polikliniği" }, "geometry": { "type": "Point", "coordinates": [ 678023.584773387410678, 4538574.564958988688886 ] } },
{ "type": "Feature", "properties": { "osm_id": 8662302211, "osm_type": "node", "amenity": "hospital", "name": "ARES Psikolojik Danışmanlık Merkezi" }, "geometry": { "type": "Point", "coordinates": [ 679677.934294364298694, 4532366.982223834842443 ] } },
{ "type": "Feature", "properties": { "osm_id": 8737937251, "osm_type": "node", "amenity": "clinic", "name": "Opr. Dr. Tülay Egeli" }, "geometry": { "type": "Point", "coordinates": [ 644808.383946778718382, 4537667.591810448095202 ] } },
{ "type": "Feature", "properties": { "osm_id": 8746237509, "osm_type": "node", "amenity": "clinic", "name": "Yaşam Diyaliz" }, "geometry": { "type": "Point", "coordinates": [ 674231.274984207819216, 4543357.134981522336602 ] } },
{ "type": "Feature", "properties": { "osm_id": 8815788093, "osm_type": "node", "amenity": "clinic", "name": "Denizköşkler Aile Sağlığı Merkezi" }, "geometry": { "type": "Point", "coordinates": [ 646230.042029551696032, 4537679.717793613672256 ] } },
{ "type": "Feature", "properties": { "osm_id": 8871767984, "osm_type": "node", "amenity": "clinic", "name": "Nuh Tufan Yaşam Merkezi" }, "geometry": { "type": "Point", "coordinates": [ 678611.181436449056491, 4538502.06828548386693 ] } },
{ "type": "Feature", "properties": { "osm_id": 8871771706, "osm_type": "node", "amenity": "clinic", "name": "Özel Ataşehir Diyaliz Merkezi" }, "geometry": { "type": "Point", "coordinates": [ 678121.089437700924464, 4538633.226082118228078 ] } },
{ "type": "Feature", "properties": { "osm_id": 8883751441, "osm_type": "node", "amenity": "clinic", "name": "Bağcılar 27 Nolu Aile Sağlık Merkezi" }, "geometry": { "type": "Point", "coordinates": [ 655724.429252222413197, 4547161.689485279843211 ] } },
{ "type": "Feature", "properties": { "osm_id": 8936696650, "osm_type": "node", "amenity": "clinic", "name": "Hürriyet Aile Sağlığı Merkezi" }, "geometry": { "type": "Point", "coordinates": [ 687689.086773785995319, 4530244.185046658851206 ] } },
{ "type": "Feature", "properties": { "osm_id": 9021072612, "osm_type": "node", "amenity": "clinic", "name": "Rahime Başaran Aile Sağlığı Merkezi" }, "geometry": { "type": "Point", "coordinates": [ 659430.467365496442653, 4548275.352383057586849 ] } },
{ "type": "Feature", "properties": { "osm_id": 9054272093, "osm_type": "node", "amenity": "hospital", "name": "Özel Asya Hastanesi" }, "geometry": { "type": "Point", "coordinates": [ 659939.699229387799278, 4548703.953421713784337 ] } },
{ "type": "Feature", "properties": { "osm_id": 9060510149, "osm_type": "node", "amenity": "hospital", "name": "Özel Bilge Hastanesi" }, "geometry": { "type": "Point", "coordinates": [ 660249.342566868872382, 4548229.68955646827817 ] } },
{ "type": "Feature", "properties": { "osm_id": 9071316891, "osm_type": "node", "amenity": "hospital", "name": "Avrupa Özel Şafak Hastanesi" }, "geometry": { "type": "Point", "coordinates": [ 660693.390007465612143, 4547145.851603166200221 ] } },
{ "type": "Feature", "properties": { "osm_id": 9139796054, "osm_type": "node", "amenity": "hospital", "name": "Küçükbakkalköy Aile Sağlığı Merkezi" }, "geometry": { "type": "Point", "coordinates": [ 678822.326089577632956, 4538767.589001130312681 ] } },
{ "type": "Feature", "properties": { "osm_id": 9164320460, "osm_type": "node", "amenity": "clinic", "name": "Özel Maslak Tıp Merkezi" }, "geometry": { "type": "Point", "coordinates": [ 667818.70837406325154, 4553506.834970803931355 ] } },
{ "type": "Feature", "properties": { "osm_id": 9187942417, "osm_type": "node", "amenity": "clinic", "name": "Cihangir lab (covid test)" }, "geometry": { "type": "Point", "coordinates": [ 666709.336010802071542, 4544187.823500795289874 ] } },
{ "type": "Feature", "properties": { "osm_id": 9204513778, "osm_type": "node", "amenity": "clinic", "name": "Yayla Aile Sağlığı Merkezi" }, "geometry": { "type": "Point", "coordinates": [ 694455.826384848565795, 4522627.528155334293842 ] } },
{ "type": "Feature", "properties": { "osm_id": 9204513779, "osm_type": "node", "amenity": "clinic", "name": "Tuzla Verem Savaş Dispanseri" }, "geometry": { "type": "Point", "coordinates": [ 694482.514948558760807, 4522638.818455034866929 ] } },
{ "type": "Feature", "properties": { "osm_id": 9217033170, "osm_type": "node", "amenity": "clinic", "name": "Eyüp Sultan Verem Savaş Dispanseri" }, "geometry": { "type": "Point", "coordinates": [ 662871.581241204869002, 4548511.568407571874559 ] } },
{ "type": "Feature", "properties": { "osm_id": 9217044048, "osm_type": "node", "amenity": "clinic", "name": "Pendik Verem Savaş Dispanseri" }, "geometry": { "type": "Point", "coordinates": [ 688348.304416022612713, 4527809.151003175415099 ] } },
{ "type": "Feature", "properties": { "osm_id": 9288091786, "osm_type": "node", "amenity": "clinic", "name": null }, "geometry": { "type": "Point", "coordinates": [ 677484.175135903176852, 4539384.274083342403173 ] } },
{ "type": "Feature", "properties": { "osm_id": 9288107013, "osm_type": "node", "amenity": "clinic", "name": "Atafiz Tıp Merkezi" }, "geometry": { "type": "Point", "coordinates": [ 677498.245813472312875, 4539403.231883703731 ] } },
{ "type": "Feature", "properties": { "osm_id": 9288113130, "osm_type": "node", "amenity": "clinic", "name": "Doktor Şefkat" }, "geometry": { "type": "Point", "coordinates": [ 677661.596879951190203, 4539122.048572774045169 ] } },
{ "type": "Feature", "properties": { "osm_id": 9288127454, "osm_type": "node", "amenity": "clinic", "name": "Özel Vera Clinic Tıp Merkezi" }, "geometry": { "type": "Point", "coordinates": [ 677612.891206879517995, 4539146.053694727830589 ] } },
{ "type": "Feature", "properties": { "osm_id": 9320404517, "osm_type": "node", "amenity": "clinic", "name": null }, "geometry": { "type": "Point", "coordinates": [ 666948.003179947845638, 4545415.6670429604128 ] } },
{ "type": "Feature", "properties": { "osm_id": 9391995578, "osm_type": "node", "amenity": "clinic", "name": "Kadın Hastalıkları ve Doğum Uzmanı Op. Dr. Zeynep Ahmad" }, "geometry": { "type": "Point", "coordinates": [ 677461.556201225263067, 4538604.42468177061528 ] } },
{ "type": "Feature", "properties": { "osm_id": 9452683155, "osm_type": "node", "amenity": "clinic", "name": "Dermatolog Uzm. Dr. Leyla Ertenü" }, "geometry": { "type": "Point", "coordinates": [ 672369.506611850811169, 4539155.511192746460438 ] } },
{ "type": "Feature", "properties": { "osm_id": 9592134837, "osm_type": "node", "amenity": "clinic", "name": "Kartal 1 Nolu Aile Sağlığı Merkezi" }, "geometry": { "type": "Point", "coordinates": [ 685652.734158344450407, 4532082.71755241882056 ] } },
{ "type": "Feature", "properties": { "osm_id": 9592154797, "osm_type": "node", "amenity": "clinic", "name": "Kartal 2 Nolu Aile Sağlığı Merkezi" }, "geometry": { "type": "Point", "coordinates": [ 687024.695039315265603, 4532426.853195269592106 ] } },
{ "type": "Feature", "properties": { "osm_id": 9662588906, "osm_type": "node", "amenity": "hospital", "name": "NGY Med Dental Clinic" }, "geometry": { "type": "Point", "coordinates": [ 636761.406233835965395, 4540316.336355279199779 ] } },
{ "type": "Feature", "properties": { "osm_id": 9663256905, "osm_type": "node", "amenity": "clinic", "name": "Kozyatağı Psikoloji" }, "geometry": { "type": "Point", "coordinates": [ 675272.271399520686828, 4537845.807999294251204 ] } },
{ "type": "Feature", "properties": { "osm_id": 9671607317, "osm_type": "node", "amenity": "clinic", "name": "Konaşlı" }, "geometry": { "type": "Point", "coordinates": [ 696794.987230099155568, 4528594.1154101844877 ] } },
{ "type": "Feature", "properties": { "osm_id": 9674185890, "osm_type": "node", "amenity": "clinic", "name": "MT AESTHETIC INTERNATIONAL" }, "geometry": { "type": "Point", "coordinates": [ 667404.405554412631318, 4546392.739258393645287 ] } },
{ "type": "Feature", "properties": { "osm_id": 9682615233, "osm_type": "node", "amenity": "clinic", "name": "Akşemsettin Aile Sağlığı Merkezi" }, "geometry": { "type": "Point", "coordinates": [ 661488.429985688067973, 4549899.883103175088763 ] } },
{ "type": "Feature", "properties": { "osm_id": 9838688944, "osm_type": "node", "amenity": "clinic", "name": "Biruni Aile Sağlığı Merkezi" }, "geometry": { "type": "Point", "coordinates": [ 686775.189070994965732, 4542569.875040160492063 ] } },
{ "type": "Feature", "properties": { "osm_id": 9933684483, "osm_type": "node", "amenity": "clinic", "name": "Özel Nil Metropol Diyaliz Merkezi" }, "geometry": { "type": "Point", "coordinates": [ 665654.510161524056457, 4549683.822247751988471 ] } },
{ "type": "Feature", "properties": { "osm_id": 9939299555, "osm_type": "node", "amenity": "clinic", "name": "Sabri Artam Vakfı Aile Sağlığı Merkezi" }, "geometry": { "type": "Point", "coordinates": [ 666847.038241541711614, 4560921.164663460105658 ] } },
{ "type": "Feature", "properties": { "osm_id": 9966218477, "osm_type": "node", "amenity": "clinic", "name": "Kadıköy 34 Nolu Aile Sağlığı Merkezi" }, "geometry": { "type": "Point", "coordinates": [ 675184.940081068198197, 4538395.60578681807965 ] } },
{ "type": "Feature", "properties": { "osm_id": 9977917293, "osm_type": "node", "amenity": "clinic", "name": "İnalöz Clinic" }, "geometry": { "type": "Point", "coordinates": [ 674105.166294444352388, 4537064.12147437594831 ] } },
{ "type": "Feature", "properties": { "osm_id": 10013171277, "osm_type": "node", "amenity": "clinic", "name": null }, "geometry": { "type": "Point", "coordinates": [ 671015.59142710105516, 4538904.306760081090033 ] } },
{ "type": "Feature", "properties": { "osm_id": 10029201831, "osm_type": "node", "amenity": "clinic", "name": "Sena Protez Ortez Yapım ve Uygulama Merkezi" }, "geometry": { "type": "Point", "coordinates": [ 656256.619967140140943, 4540275.669304014183581 ] } },
{ "type": "Feature", "properties": { "osm_id": 10074784665, "osm_type": "node", "amenity": "clinic", "name": "Tüccarbaşı Aile Sağlığı Merkezi" }, "geometry": { "type": "Point", "coordinates": [ 675942.380169302690774, 4538353.552699544467032 ] } },
{ "type": "Feature", "properties": { "osm_id": 10104720028, "osm_type": "node", "amenity": "clinic", "name": "Diyetisyen Esma Bulut" }, "geometry": { "type": "Point", "coordinates": [ 661040.586315439315513, 4549619.231668908149004 ] } },
{ "type": "Feature", "properties": { "osm_id": 10111332595, "osm_type": "node", "amenity": "clinic", "name": "Türkan Saylan Tıp Merkezi" }, "geometry": { "type": "Point", "coordinates": [ 677009.856281464337371, 4538665.844018054194748 ] } },
{ "type": "Feature", "properties": { "osm_id": 10212854818, "osm_type": "node", "amenity": "clinic", "name": null }, "geometry": { "type": "Point", "coordinates": [ 660661.793708104756661, 4549151.40016008913517 ] } },
{ "type": "Feature", "properties": { "osm_id": 10239749187, "osm_type": "node", "amenity": "clinic", "name": "Küçükçekmece 7 Nolu Aile Sağlığı Merkezi" }, "geometry": { "type": "Point", "coordinates": [ 650497.226325780153275, 4542707.107258340343833 ] } },
{ "type": "Feature", "properties": { "osm_id": 10284787511, "osm_type": "node", "amenity": "clinic", "name": "Leva Psikoloji" }, "geometry": { "type": "Point", "coordinates": [ 669645.608384396298788, 4542696.607844799757004 ] } },
{ "type": "Feature", "properties": { "osm_id": 10285745708, "osm_type": "node", "amenity": "clinic", "name": "Sağlık Ocağı" }, "geometry": { "type": "Point", "coordinates": [ 677726.652921044966206, 4537807.412722734734416 ] } },
{ "type": "Feature", "properties": { "osm_id": 10303128841, "osm_type": "node", "amenity": "clinic", "name": "Esenyurt 32 Nolu Aile Sağlığı Merkezi" }, "geometry": { "type": "Point", "coordinates": [ 642103.861256695003249, 4541790.202701834030449 ] } },
{ "type": "Feature", "properties": { "osm_id": 10605646407, "osm_type": "node", "amenity": "clinic", "name": "Fizyomotto Fizik Tedavi Merkezi" }, "geometry": { "type": "Point", "coordinates": [ 677100.411753754713573, 4543472.406161869876087 ] } },
{ "type": "Feature", "properties": { "osm_id": 10612631170, "osm_type": "node", "amenity": "hospital", "name": "Üsküdar Üniversitesi Diş Hastanesi" }, "geometry": { "type": "Point", "coordinates": [ 677865.001900249859318, 4543978.693949366919696 ] } },
{ "type": "Feature", "properties": { "osm_id": 10655076102, "osm_type": "node", "amenity": "clinic", "name": "Prof. Dr. Emin Ünüvar Çocuk Sağlığı ve Hastalıkları Uzmanı" }, "geometry": { "type": "Point", "coordinates": [ 677859.531552777159959, 4539154.920598010532558 ] } },
{ "type": "Feature", "properties": { "osm_id": 10669076897, "osm_type": "node", "amenity": "hospital", "name": "Estepalace Clinic" }, "geometry": { "type": "Point", "coordinates": [ 666215.630578034790233, 4547812.803172836080194 ] } },
{ "type": "Feature", "properties": { "osm_id": 10703674050, "osm_type": "node", "amenity": "clinic", "name": "Veni Vidi Göz" }, "geometry": { "type": "Point", "coordinates": [ 677254.654130864073522, 4538931.394653658382595 ] } },
{ "type": "Feature", "properties": { "osm_id": 10711833155, "osm_type": "node", "amenity": "hospital", "name": "Özel Medipoint Tıp Merkezi" }, "geometry": { "type": "Point", "coordinates": [ 674253.920348267885856, 4538868.125357105396688 ] } },
{ "type": "Feature", "properties": { "osm_id": 10723901727, "osm_type": "node", "amenity": "clinic", "name": "Kozyatağı Diyaliz Merkezi" }, "geometry": { "type": "Point", "coordinates": [ 676990.442626856151037, 4537116.221253323368728 ] } },
{ "type": "Feature", "properties": { "osm_id": 10790587816, "osm_type": "node", "amenity": "clinic", "name": "Esenyurt 9 Nolu Aile Sağlığı Merkezi" }, "geometry": { "type": "Point", "coordinates": [ 641317.535314398002811, 4544935.417670924216509 ] } },
{ "type": "Feature", "properties": { "osm_id": 10807975729, "osm_type": "node", "amenity": "clinic", "name": "Avcılar Cihangir Aile Sağlığı Merkezi" }, "geometry": { "type": "Point", "coordinates": [ 643851.388461285270751, 4538760.127333290874958 ] } },
{ "type": "Feature", "properties": { "osm_id": 10880944666, "osm_type": "node", "amenity": "clinic", "name": "Cihangir Kirazlı Aile Sağlığı Merkezi" }, "geometry": { "type": "Point", "coordinates": [ 643855.689376254798844, 4538734.312639855779707 ] } },
{ "type": "Feature", "properties": { "osm_id": 10949045967, "osm_type": "node", "amenity": "clinic", "name": "Avcılar 5 Nolu Aile Sağlığı Merkezi" }, "geometry": { "type": "Point", "coordinates": [ 642248.411868095281534, 4544834.752956446260214 ] } },
{ "type": "Feature", "properties": { "osm_id": 11067341494, "osm_type": "node", "amenity": "clinic", "name": "Uzm. Dr. Şirin Çelik - Estetik & Dermatoloji Uzmanı" }, "geometry": { "type": "Point", "coordinates": [ 667422.885255690081976, 4546467.57239858340472 ] } },
{ "type": "Feature", "properties": { "osm_id": 11150023769, "osm_type": "node", "amenity": "hospital", "name": "Acıbadem" }, "geometry": { "type": "Point", "coordinates": [ 658189.566796859493479, 4560425.891727736219764 ] } },
{ "type": "Feature", "properties": { "osm_id": 11170457543, "osm_type": "node", "amenity": "clinic", "name": "Üniversite Aile Sağlık Merkezi" }, "geometry": { "type": "Point", "coordinates": [ 644059.36497013666667, 4539744.16571240965277 ] } },
{ "type": "Feature", "properties": { "osm_id": 11308435861, "osm_type": "node", "amenity": "clinic", "name": "5 Nolu Aile Sağlığı Merkezi" }, "geometry": { "type": "Point", "coordinates": [ 675457.192032267339528, 4544324.567597809247673 ] } },
{ "type": "Feature", "properties": { "osm_id": 11348146054, "osm_type": "node", "amenity": "hospital", "name": "Özel Baydent Ağız ve Diş Sağlığı Polikliniği" }, "geometry": { "type": "Point", "coordinates": [ 688453.756054857629351, 4528169.884229501709342 ] } },
{ "type": "Feature", "properties": { "osm_id": 11429261991, "osm_type": "node", "amenity": "hospital", "name": "Bayındır Levent Tıp Merkezi" }, "geometry": { "type": "Point", "coordinates": [ 669531.61732514295727, 4548827.285839196294546 ] } },
{ "type": "Feature", "properties": { "osm_id": 11429261999, "osm_type": "node", "amenity": "hospital", "name": "Özel Etiler Hastanesi" }, "geometry": { "type": "Point", "coordinates": [ 669567.420986291603185, 4548780.361507629044354 ] } },
{ "type": "Feature", "properties": { "osm_id": 11443247669, "osm_type": "node", "amenity": "clinic", "name": "İkem Işık Rehabilitasyon Merkezi" }, "geometry": { "type": "Point", "coordinates": [ 679977.848811220144853, 4533475.221830577589571 ] } },
{ "type": "Feature", "properties": { "osm_id": 11549304439, "osm_type": "node", "amenity": "clinic", "name": null }, "geometry": { "type": "Point", "coordinates": [ 660440.122195845004171, 4545289.870668980292976 ] } },
{ "type": "Feature", "properties": { "osm_id": 11645565174, "osm_type": "node", "amenity": "clinic", "name": "Uzm. Dr. Sibel Spinu Çocuk Sağlığı ve Hastalıkları Uzmanı" }, "geometry": { "type": "Point", "coordinates": [ 677702.428240312961861, 4538639.162001669406891 ] } },
{ "type": "Feature", "properties": { "osm_id": 11659710442, "osm_type": "node", "amenity": "clinic", "name": "Özel Kurtköy Tıp Merkezi" }, "geometry": { "type": "Point", "coordinates": [ 693701.653195233899169, 4531789.266471575014293 ] } },
{ "type": "Feature", "properties": { "osm_id": 11773740416, "osm_type": "node", "amenity": "clinic", "name": "Dr. Sibel Çakıtlı" }, "geometry": { "type": "Point", "coordinates": [ 673750.840338465292007, 4537303.048586098477244 ] } },
{ "type": "Feature", "properties": { "osm_id": 11773759469, "osm_type": "node", "amenity": "clinic", "name": "Uzm. Dr. Şenay Eserdağ" }, "geometry": { "type": "Point", "coordinates": [ 674918.082177956122905, 4536501.817688372917473 ] } },
{ "type": "Feature", "properties": { "osm_id": 11780348640, "osm_type": "node", "amenity": "hospital", "name": "Patológia" }, "geometry": { "type": "Point", "coordinates": [ 663012.250218082801439, 4540974.419203853234649 ] } },
{ "type": "Feature", "properties": { "osm_id": 11875760836, "osm_type": "node", "amenity": "clinic", "name": "Silivri Toplum Sağlığı Merkezi" }, "geometry": { "type": "Point", "coordinates": [ 604894.087333131930791, 4547880.431945579126477 ] } },
{ "type": "Feature", "properties": { "osm_id": 11897551847, "osm_type": "node", "amenity": "hospital", "name": "Aktif International Hospital" }, "geometry": { "type": "Point", "coordinates": [ 669614.129923454718664, 4543272.512771340087056 ] } },
{ "type": "Feature", "properties": { "osm_id": 11903829163, "osm_type": "node", "amenity": "hospital", "name": "Marmara Tıp Merkezi" }, "geometry": { "type": "Point", "coordinates": [ 673166.179525794228539, 4539029.998792976140976 ] } },
{ "type": "Feature", "properties": { "osm_id": 11950800470, "osm_type": "node", "amenity": "clinic", "name": "Eyüpsultan 1 Nolu Aile Sağlığı Merkezi" }, "geometry": { "type": "Point", "coordinates": [ 662831.506897716200911, 4544502.754736251197755 ] } },
{ "type": "Feature", "properties": { "osm_id": 11987039826, "osm_type": "node", "amenity": "clinic", "name": "Havuzbaşı Aile Sağlığı Merkezi" }, "geometry": { "type": "Point", "coordinates": [ 673815.254168999847025, 4546635.925285446457565 ] } },
{ "type": "Feature", "properties": { "osm_id": 12012116288, "osm_type": "node", "amenity": "clinic", "name": "Kayışdağı Aile Sağlığı Merkezi" }, "geometry": { "type": "Point", "coordinates": [ 681359.99369179084897, 4538972.398880707100034 ] } },
{ "type": "Feature", "properties": { "osm_id": 12040713196, "osm_type": "node", "amenity": "hospital", "name": "Selimpaşa Aile Sağlığı Merkezi" }, "geometry": { "type": "Point", "coordinates": [ 614881.789716252009384, 4545810.198899310082197 ] } },
{ "type": "Feature", "properties": { "osm_id": 12041897972, "osm_type": "node", "amenity": "clinic", "name": "Maltepe 3 Nolu Aile Sağlığı Merkezi" }, "geometry": { "type": "Point", "coordinates": [ 677120.987687723478302, 4535401.255140208639205 ] } },
{ "type": "Feature", "properties": { "osm_id": 12041924181, "osm_type": "node", "amenity": "clinic", "name": "Maltepe 5 Nolu Aile Sağlığı Merkezi" }, "geometry": { "type": "Point", "coordinates": [ 678368.803642716957256, 4534182.26663005631417 ] } },
{ "type": "Feature", "properties": { "osm_id": 12041925902, "osm_type": "node", "amenity": "clinic", "name": "Dudullu Sağlıklı Hayat Merkezi" }, "geometry": { "type": "Point", "coordinates": [ 681773.627392239868641, 4542839.431609611958265 ] } },
{ "type": "Feature", "properties": { "osm_id": 12041932629, "osm_type": "node", "amenity": "clinic", "name": "Oruç Reis Aile Sağlığı Merkezi" }, "geometry": { "type": "Point", "coordinates": [ 656295.104244978283532, 4546500.239271691069007 ] } },
{ "type": "Feature", "properties": { "osm_id": 12041934334, "osm_type": "node", "amenity": "clinic", "name": "Avcılar 1 Nolu Göçmen Sağlığı Merkezi" }, "geometry": { "type": "Point", "coordinates": [ 643900.739621841814369, 4538771.166932486928999 ] } },
{ "type": "Feature", "properties": { "osm_id": 12041934340, "osm_type": "node", "amenity": "clinic", "name": "Dr. Safiye Aile Sağlığı Merkezi" }, "geometry": { "type": "Point", "coordinates": [ 684356.870654062833637, 4543142.252155700698495 ] } },
{ "type": "Feature", "properties": { "osm_id": 12041974068, "osm_type": "node", "amenity": "clinic", "name": "Ataşehir 11 Nolu Aile Sağlığı Merkezi" }, "geometry": { "type": "Point", "coordinates": [ 677568.871977207250893, 4538944.848195980302989 ] } },
{ "type": "Feature", "properties": { "osm_id": 12041988185, "osm_type": "node", "amenity": "clinic", "name": "Kadıköy 8 Nolu Aile Sağlığı Merkezi" }, "geometry": { "type": "Point", "coordinates": [ 673967.379973086179234, 4538467.272330274805427 ] } },
{ "type": "Feature", "properties": { "osm_id": 12041999071, "osm_type": "node", "amenity": "clinic", "name": "İnönü Aile Sağlığı Merkezi" }, "geometry": { "type": "Point", "coordinates": [ 679436.196838810341433, 4538500.941835842095315 ] } },
{ "type": "Feature", "properties": { "osm_id": 12042004639, "osm_type": "node", "amenity": "clinic", "name": "Eyüpsultan 10 Nolu Aile Sağlığı Merkezi" }, "geometry": { "type": "Point", "coordinates": [ 663077.545614921022207, 4549412.33676066249609 ] } },
{ "type": "Feature", "properties": { "osm_id": 12042004640, "osm_type": "node", "amenity": "clinic", "name": "Seyitnizam Aile Sağlığı Merkezi" }, "geometry": { "type": "Point", "coordinates": [ 660598.420645131496713, 4541363.848305400460958 ] } },
{ "type": "Feature", "properties": { "osm_id": 12042004966, "osm_type": "node", "amenity": "clinic", "name": "Yunus Emre Aile Sağlığı Merkezi" }, "geometry": { "type": "Point", "coordinates": [ 672991.957180617842823, 4545074.179292928427458 ] } },
{ "type": "Feature", "properties": { "osm_id": 12042020038, "osm_type": "node", "amenity": "clinic", "name": "Şile Ana Çocuk Sağlığı ve Aile Planlama Merkezi" }, "geometry": { "type": "Point", "coordinates": [ 718694.511077912757173, 4561269.388454932719469 ] } },
{ "type": "Feature", "properties": { "osm_id": 12042020039, "osm_type": "node", "amenity": "clinic", "name": "Açık Cezaevi Aile Sağlık Merkezi" }, "geometry": { "type": "Point", "coordinates": [ 597121.616130793467164, 4549585.615490322932601 ] } },
{ "type": "Feature", "properties": { "osm_id": 12042022578, "osm_type": "node", "amenity": "clinic", "name": "Göktürk Aile Sağlığı Merkezi" }, "geometry": { "type": "Point", "coordinates": [ 658672.630324260448106, 4560648.343078752979636 ] } },
{ "type": "Feature", "properties": { "osm_id": 12042024230, "osm_type": "node", "amenity": "clinic", "name": "Seyrantepe Aile Sağlığı Merkezi" }, "geometry": { "type": "Point", "coordinates": [ 667159.247666380717419, 4551542.220365405082703 ] } },
{ "type": "Feature", "properties": { "osm_id": 12042029086, "osm_type": "node", "amenity": "clinic", "name": "Gültepe Aile Sağlığı Merkezi" }, "geometry": { "type": "Point", "coordinates": [ 650699.819522026227787, 4539801.975068485364318 ] } },
{ "type": "Feature", "properties": { "osm_id": 12042064041, "osm_type": "node", "amenity": "clinic", "name": "Gürsel Aile Sağlığı Merkezi" }, "geometry": { "type": "Point", "coordinates": [ 665619.202646374353208, 4548756.253504673950374 ] } },
{ "type": "Feature", "properties": { "osm_id": 12042064042, "osm_type": "node", "amenity": "clinic", "name": "Örnek Ana Çocuk Sağlığı ve Aile Planlanma Merkezi" }, "geometry": { "type": "Point", "coordinates": [ 674627.346213168813847, 4540160.759644725359976 ] } },
{ "type": "Feature", "properties": { "osm_id": 12042065885, "osm_type": "node", "amenity": "clinic", "name": "Kağıthane 10 Nolu Aile Sağlığı Merkezi" }, "geometry": { "type": "Point", "coordinates": [ 665168.626981655717827, 4547858.955039968714118 ] } },
{ "type": "Feature", "properties": { "osm_id": 12042066387, "osm_type": "node", "amenity": "clinic", "name": "Ahmet Ermiş Aile Sağlığı Merkezi" }, "geometry": { "type": "Point", "coordinates": [ 651866.891607445431873, 4541965.237417913973331 ] } },
{ "type": "Feature", "properties": { "osm_id": 12042213633, "osm_type": "node", "amenity": "clinic", "name": "Şişli Merkez Aile Sağlığı Merkezi" }, "geometry": { "type": "Point", "coordinates": [ 666815.372558022616431, 4547116.217593563720584 ] } },
{ "type": "Feature", "properties": { "osm_id": 12042218321, "osm_type": "node", "amenity": "clinic", "name": "Şaban Gündeş Aile Sağlığı Merkezi" }, "geometry": { "type": "Point", "coordinates": [ 670874.969435082981363, 4548964.201403137296438 ] } },
{ "type": "Feature", "properties": { "osm_id": 12042234091, "osm_type": "node", "amenity": "clinic", "name": "Yavuztürk Aile Sağlığı Merkezi" }, "geometry": { "type": "Point", "coordinates": [ 675317.937836023746058, 4545383.344127026386559 ] } },
{ "type": "Feature", "properties": { "osm_id": 12042237344, "osm_type": "node", "amenity": "clinic", "name": "Kağıthane 5 Nolu Aile Sağlığı Merkezi" }, "geometry": { "type": "Point", "coordinates": [ 668439.206871857051738, 4549820.91819532122463 ] } },
{ "type": "Feature", "properties": { "osm_id": 12042238578, "osm_type": "node", "amenity": "clinic", "name": "Ümraniye 6 Nolu Aile Sağlığı Merkezi" }, "geometry": { "type": "Point", "coordinates": [ 677035.808671236038208, 4543252.098039827309549 ] } },
{ "type": "Feature", "properties": { "osm_id": 12042256077, "osm_type": "node", "amenity": "clinic", "name": "Çobançeşme Aile Sağlığı Merkezi" }, "geometry": { "type": "Point", "coordinates": [ 653752.591875145095401, 4541002.339241395704448 ] } },
{ "type": "Feature", "properties": { "osm_id": 12042260669, "osm_type": "node", "amenity": "clinic", "name": "Cumhuriyet Aile Sağlığı Merkezi" }, "geometry": { "type": "Point", "coordinates": [ 657588.531149684917182, 4550055.849101211875677 ] } },
{ "type": "Feature", "properties": { "osm_id": 12042260976, "osm_type": "node", "amenity": "clinic", "name": "Pendik 4 Nolu Aile Sağlığı Merkezi" }, "geometry": { "type": "Point", "coordinates": [ 687951.144992785761133, 4527599.239495281130075 ] } },
{ "type": "Feature", "properties": { "osm_id": 12042932048, "osm_type": "node", "amenity": "clinic", "name": "Üsküdar Devlet Hastanesi Çamlıca Semt Polikliniği" }, "geometry": { "type": "Point", "coordinates": [ 674441.652555212611333, 4543865.506962014362216 ] } },
{ "type": "Feature", "properties": { "osm_id": 12086863731, "osm_type": "node", "amenity": "hospital", "name": "Medicana Zincirlikuyu Hastanesi" }, "geometry": { "type": "Point", "coordinates": [ 669301.189527044654824, 4548645.493795746937394 ] } },
{ "type": "Feature", "properties": { "osm_id": 12088466129, "osm_type": "node", "amenity": "clinic", "name": "Kadıköy 2 No'lu Aile Sağlığı Merkezi" }, "geometry": { "type": "Point", "coordinates": [ 676013.06737141055055, 4536941.557489045895636 ] } },
{ "type": "Feature", "properties": { "osm_id": 12145193531, "osm_type": "node", "amenity": "hospital", "name": "Erdem Hastanesi" }, "geometry": { "type": "Point", "coordinates": [ 678232.389722094405442, 4543315.941001772880554 ] } },
{ "type": "Feature", "properties": { "osm_id": 12159988566, "osm_type": "node", "amenity": "clinic", "name": "Derviş Ali Ceylan Aile Sağlığı merkezi" }, "geometry": { "type": "Point", "coordinates": [ 689913.771621907362714, 4543243.864786800928414 ] } },
{ "type": "Feature", "properties": { "osm_id": 12193935372, "osm_type": "node", "amenity": "clinic", "name": "Erguvan Aile Sağlığı Merkezi" }, "geometry": { "type": "Point", "coordinates": [ 669653.735684810671955, 4543446.389665961265564 ] } },
{ "type": "Feature", "properties": { "osm_id": 12193982322, "osm_type": "node", "amenity": "clinic", "name": "Sağlık Ocağı" }, "geometry": { "type": "Point", "coordinates": [ 674822.738410681951791, 4542353.18488144595176 ] } },
{ "type": "Feature", "properties": { "osm_id": 12196469254, "osm_type": "node", "amenity": "clinic", "name": "Özel Florence Nightingale Tıp Merkezi Göktürk" }, "geometry": { "type": "Point", "coordinates": [ 658468.743184873485006, 4560234.383653627708554 ] } },
{ "type": "Feature", "properties": { "osm_id": 12196759994, "osm_type": "node", "amenity": "clinic", "name": "Uzm. Dr. Duygu Ekmekçi Doğan - Nöroloji Uzmanı" }, "geometry": { "type": "Point", "coordinates": [ 678082.017377877957188, 4539076.430472387932241 ] } },
{ "type": "Feature", "properties": { "osm_id": 12196766671, "osm_type": "node", "amenity": "clinic", "name": "Op. Dr. Ahmet Doğan - Genel Cerrahi Uzmanı" }, "geometry": { "type": "Point", "coordinates": [ 678086.715370529331267, 4539076.399951891973615 ] } },
{ "type": "Feature", "properties": { "osm_id": 12200943348, "osm_type": "node", "amenity": "clinic", "name": "Atakent 1. Etap Aile Sağlığı Merkezi" }, "geometry": { "type": "Point", "coordinates": [ 650949.060836518649012, 4545374.436408795416355 ] } },
{ "type": "Feature", "properties": { "osm_id": 12242161498, "osm_type": "node", "amenity": "hospital", "name": "Eyüp Kemerburgaz Aile Sağlığı Merkezi" }, "geometry": { "type": "Point", "coordinates": [ 660387.080354237928987, 4558176.209535595960915 ] } },
{ "type": "Feature", "properties": { "osm_id": 12253683052, "osm_type": "node", "amenity": "clinic", "name": "Eyüpsultan 16 Numaralı Aile Sağlığı Merkezi" }, "geometry": { "type": "Point", "coordinates": [ 660968.524743364192545, 4546429.806860246695578 ] } },
{ "type": "Feature", "properties": { "osm_id": 12291588101, "osm_type": "node", "amenity": "hospital", "name": "Bağcılar İşitme Engelli Rehabilitasyon Merkezi" }, "geometry": { "type": "Point", "coordinates": [ 655426.933578537311405, 4543225.543132995255291 ] } },
{ "type": "Feature", "properties": { "osm_id": 12302133702, "osm_type": "node", "amenity": "clinic", "name": "Prof. Dr. Murat Balcı Aile Sağlığı Merkezi" }, "geometry": { "type": "Point", "coordinates": [ 688722.571956980507821, 4546861.961973857134581 ] } },
{ "type": "Feature", "properties": { "osm_id": 12302834202, "osm_type": "node", "amenity": "hospital", "name": "Çekmeköy Devlet Hastanesi" }, "geometry": { "type": "Point", "coordinates": [ 687886.932888739043847, 4545308.777141571976244 ] } },
{ "type": "Feature", "properties": { "osm_id": 12303032501, "osm_type": "node", "amenity": "hospital", "name": "Şehit Prof. İlhan Varank Eğitim ve Araştırma Hastanesi - Çekmeköy Ek Hizmet Binası" }, "geometry": { "type": "Point", "coordinates": [ 687882.084717726102099, 4545360.756419987417758 ] } },
{ "type": "Feature", "properties": { "osm_id": 12309554771, "osm_type": "node", "amenity": "clinic", "name": "Şerif Ali Çiftliği Aile Sağlık Merkezi" }, "geometry": { "type": "Point", "coordinates": [ 681109.812347271246836, 4539863.227528506889939 ] } },
{ "type": "Feature", "properties": { "osm_id": 12316312101, "osm_type": "node", "amenity": "clinic", "name": "Aile Sağlığı Merkezi" }, "geometry": { "type": "Point", "coordinates": [ 655155.376957639120519, 4543205.955616720952094 ] } },
{ "type": "Feature", "properties": { "osm_id": 12330981859, "osm_type": "node", "amenity": "clinic", "name": "Youest Clinic" }, "geometry": { "type": "Point", "coordinates": [ 672653.242358439136297, 4540220.98495408333838 ] } },
{ "type": "Feature", "properties": { "osm_id": 12372576223, "osm_type": "node", "amenity": "hospital", "name": "Özel Belde Tıp Merkezi" }, "geometry": { "type": "Point", "coordinates": [ 660949.271620443207212, 4546818.68283278029412 ] } },
{ "type": "Feature", "properties": { "osm_id": 12432994011, "osm_type": "node", "amenity": "clinic", "name": "Althea Clinic" }, "geometry": { "type": "Point", "coordinates": [ 669383.10809430712834, 4549239.699006264097989 ] } },
{ "type": "Feature", "properties": { "osm_id": 12449988179, "osm_type": "node", "amenity": "clinic", "name": "Novapol Poliklinik" }, "geometry": { "type": "Point", "coordinates": [ 676956.239811991108581, 4539579.286360854282975 ] } },
{ "type": "Feature", "properties": { "osm_id": 12468678688, "osm_type": "node", "amenity": "clinic", "name": "akl polikliniği" }, "geometry": { "type": "Point", "coordinates": [ 676578.694226653082296, 4539388.611065815202892 ] } },
{ "type": "Feature", "properties": { "osm_id": 12473026229, "osm_type": "node", "amenity": "clinic", "name": "Vialife Polikliniği" }, "geometry": { "type": "Point", "coordinates": [ 676565.982049007201567, 4539419.49784377310425 ] } },
{ "type": "Feature", "properties": { "osm_id": 12473932636, "osm_type": "node", "amenity": "clinic", "name": "Şehit Erdoğan Komut Aile Sağlığı Merkezi" }, "geometry": { "type": "Point", "coordinates": [ 698770.100794473080896, 4522263.594333689659834 ] } },
{ "type": "Feature", "properties": { "osm_id": 12531488301, "osm_type": "node", "amenity": "hospital", "name": "Özel Okmeydanı hastanesi" }, "geometry": { "type": "Point", "coordinates": [ 664710.413915644399822, 4546436.276149077340961 ] } },
{ "type": "Feature", "properties": { "osm_id": 12558641888, "osm_type": "node", "amenity": "hospital", "name": "ENT Clinic-Dr. Selcuk Guney" }, "geometry": { "type": "Point", "coordinates": [ 666829.147446154616773, 4546768.581260118633509 ] } },
{ "type": "Feature", "properties": { "osm_id": 12590625299, "osm_type": "node", "amenity": "clinic", "name": "Özel Medicaworld Polikliniği" }, "geometry": { "type": "Point", "coordinates": [ 677002.225511356722564, 4537098.609369712881744 ] } },
{ "type": "Feature", "properties": { "osm_id": 12679611009, "osm_type": "node", "amenity": "clinic", "name": "İmrahor Aile Sağlığı Merkezi" }, "geometry": { "type": "Point", "coordinates": [ 646316.5658382010879, 4564098.426566368900239 ] } },
{ "type": "Feature", "properties": { "osm_id": 12721927673, "osm_type": "node", "amenity": "clinic", "name": "Fikirtepe Aile Sağlığı Merkezi" }, "geometry": { "type": "Point", "coordinates": [ 672370.838977737235837, 4539936.549176129512489 ] } },
{ "type": "Feature", "properties": { "osm_id": 12730673797, "osm_type": "node", "amenity": "clinic", "name": "Kartal 5 Nolu Alie Sağlığı Merkezi" }, "geometry": { "type": "Point", "coordinates": [ 685340.423392998171039, 4531639.820458422414958 ] } },
{ "type": "Feature", "properties": { "osm_id": 12739136799, "osm_type": "node", "amenity": "clinic", "name": "Vitruvian Clinic - Center of Surgeons" }, "geometry": { "type": "Point", "coordinates": [ 662650.395323328557424, 4544720.816067676059902 ] } },
{ "type": "Feature", "properties": { "osm_id": 12741818919, "osm_type": "node", "amenity": "clinic", "name": "Beşiktaş 1 Nolu Aile Sağlık Merkezi" }, "geometry": { "type": "Point", "coordinates": [ 668675.628981870017014, 4547887.351165891624987 ] } },
{ "type": "Feature", "properties": { "osm_id": 12791620124, "osm_type": "node", "amenity": "clinic", "name": "Pendik 8 Nolu Aile Sağlığı Merkezi" }, "geometry": { "type": "Point", "coordinates": [ 687875.40465909789782, 4528770.15805743355304 ] } },
{ "type": "Feature", "properties": { "osm_id": 12810050745, "osm_type": "node", "amenity": "clinic", "name": "Melik Yağmur Polikliniği" }, "geometry": { "type": "Point", "coordinates": [ 688264.971485481830314, 4528214.629663492552936 ] } },
{ "type": "Feature", "properties": { "osm_id": 12825641335, "osm_type": "node", "amenity": "clinic", "name": "Eyüpsultan 11 No'lu Aile Sağlığı Merkezi" }, "geometry": { "type": "Point", "coordinates": [ 662828.952063906705007, 4549006.935140175744891 ] } },
{ "type": "Feature", "properties": { "osm_id": 12830010711, "osm_type": "node", "amenity": "clinic", "name": "Özel Venüs Poliklinik" }, "geometry": { "type": "Point", "coordinates": [ 662378.362827770411968, 4544575.967305527068675 ] } },
{ "type": "Feature", "properties": { "osm_id": 12830952389, "osm_type": "node", "amenity": "clinic", "name": "Kavaklı 1 No'lu Sağlık Ocağı" }, "geometry": { "type": "Point", "coordinates": [ 637958.508609946118668, 4538018.305490240454674 ] } },
{ "type": "Feature", "properties": { "osm_id": 12832450900, "osm_type": "node", "amenity": "clinic", "name": "Bulgurlu Aile Sağlığı Merkezi" }, "geometry": { "type": "Point", "coordinates": [ 674378.775263125193305, 4543028.357573350891471 ] } },
{ "type": "Feature", "properties": { "osm_id": 12836388953, "osm_type": "node", "amenity": "clinic", "name": "Yayalar Aile Sağlığı Merkezi" }, "geometry": { "type": "Point", "coordinates": [ 690988.557963268831372, 4530305.090773833915591 ] } },
{ "type": "Feature", "properties": { "osm_id": 12840658571, "osm_type": "node", "amenity": "clinic", "name": "Özel Oksipol Hiperbarik Oksijen Tedavi Merkezi" }, "geometry": { "type": "Point", "coordinates": [ 675745.0323454659665, 4539205.080623368732631 ] } },
{ "type": "Feature", "properties": { "osm_id": 12848811331, "osm_type": "node", "amenity": "clinic", "name": "Üniversite Mahallesi Aile Sağlığı Merkezi" }, "geometry": { "type": "Point", "coordinates": [ 644063.345336857018992, 4539741.145244062878191 ] } },
{ "type": "Feature", "properties": { "osm_id": 13006734570, "osm_type": "node", "amenity": "hospital", "name": "Özel Lilyum Tıp Merkezi" }, "geometry": { "type": "Point", "coordinates": [ 636537.47649433859624, 4557541.634981352835894 ] } },
{ "type": "Feature", "properties": { "osm_id": 13018789507, "osm_type": "node", "amenity": "clinic", "name": "Dr. Mehmet Zeki Kaplan Aile Sağlığı Merkezi" }, "geometry": { "type": "Point", "coordinates": [ 682883.712891152943484, 4530574.462060795165598 ] } },
{ "type": "Feature", "properties": { "osm_id": 13018832125, "osm_type": "node", "amenity": "clinic", "name": "Kartal 12 Nolu Aile Sağlığı Merkezi" }, "geometry": { "type": "Point", "coordinates": [ 687568.624727981165051, 4530427.039998411200941 ] } },
{ "type": "Feature", "properties": { "osm_id": 13018847803, "osm_type": "node", "amenity": "clinic", "name": "Kartal Aile Sağlığı Merkezi" }, "geometry": { "type": "Point", "coordinates": [ 683271.068719051312655, 4529932.270359467715025 ] } },
{ "type": "Feature", "properties": { "osm_id": 13018852472, "osm_type": "node", "amenity": "clinic", "name": "Kartal 9 Nolu Aile Sağlığı Merkezi" }, "geometry": { "type": "Point", "coordinates": [ 686733.07188898534514, 4529607.357373924925923 ] } },
{ "type": "Feature", "properties": { "osm_id": 13018894061, "osm_type": "node", "amenity": "clinic", "name": "Kartal 18 Nolu Aile Sağlığı Merkezi" }, "geometry": { "type": "Point", "coordinates": [ 682834.461724092718214, 4531144.029820511117578 ] } },
{ "type": "Feature", "properties": { "osm_id": 13018945095, "osm_type": "node", "amenity": "clinic", "name": "Nergis Aile Sağlığı Merkezi" }, "geometry": { "type": "Point", "coordinates": [ 682551.662491493858397, 4531426.774989286437631 ] } },
{ "type": "Feature", "properties": { "osm_id": 13018949783, "osm_type": "node", "amenity": "clinic", "name": "Kartal 5 Nolu Aile Sağlığı Merkezi" }, "geometry": { "type": "Point", "coordinates": [ 685484.674345094012097, 4531430.615207530558109 ] } },
{ "type": "Feature", "properties": { "osm_id": 13018950338, "osm_type": "node", "amenity": "clinic", "name": "Topselvi Aile Sağlığı Merkezi" }, "geometry": { "type": "Point", "coordinates": [ 686475.801110923290253, 4529382.115725724026561 ] } },
{ "type": "Feature", "properties": { "osm_id": 13018956402, "osm_type": "node", "amenity": "clinic", "name": "Kartal 6 Nolu Aile Sağlığı Merkezi" }, "geometry": { "type": "Point", "coordinates": [ 683733.405059743672609, 4531125.432534452527761 ] } },
{ "type": "Feature", "properties": { "osm_id": 13018964247, "osm_type": "node", "amenity": "clinic", "name": "Kartal 7 Nolu Aile Sağlığı Merkezi" }, "geometry": { "type": "Point", "coordinates": [ 682878.923928123898804, 4530837.265363642014563 ] } },
{ "type": "Feature", "properties": { "osm_id": 13018984940, "osm_type": "node", "amenity": "clinic", "name": "Orhantepe Aile Sağlığı Merkezi" }, "geometry": { "type": "Point", "coordinates": [ 682138.158388394396752, 4530943.615964494645596 ] } },
{ "type": "Feature", "properties": { "osm_id": 13018985693, "osm_type": "node", "amenity": "clinic", "name": "Uğurmumcu Aile Sağlığı Merkezi" }, "geometry": { "type": "Point", "coordinates": [ 686445.36239635432139, 4533295.677340084686875 ] } },
{ "type": "Feature", "properties": { "osm_id": 13018986930, "osm_type": "node", "amenity": "clinic", "name": "Soğanlık Aile Sağlığı Merkezi" }, "geometry": { "type": "Point", "coordinates": [ 685720.386705781100318, 4531695.396484132856131 ] } },
{ "type": "Feature", "properties": { "osm_id": 13019001685, "osm_type": "node", "amenity": "clinic", "name": "Yalı Aile Sağlığı Merkezi" }, "geometry": { "type": "Point", "coordinates": [ 687078.432397839962505, 4529154.556713598780334 ] } },
{ "type": "Feature", "properties": { "osm_id": 13063245171, "osm_type": "node", "amenity": "clinic", "name": "Onkoloji Hematoloji Servisi" }, "geometry": { "type": "Point", "coordinates": [ 657047.892927908571437, 4539687.138242047280073 ] } },
{ "type": "Feature", "properties": { "osm_id": 13072239069, "osm_type": "node", "amenity": "clinic", "name": "Ömerli Aile Sağlığı Merkezi" }, "geometry": { "type": "Point", "coordinates": [ 696089.767267289687879, 4550168.10608371719718 ] } },
{ "type": "Feature", "properties": { "osm_id": 13103790592, "osm_type": "node", "amenity": "clinic", "name": "Sağlık Ocağı" }, "geometry": { "type": "Point", "coordinates": [ 673921.994716127635911, 4547350.956412134692073 ] } },
{ "type": "Feature", "properties": { "osm_id": 13238944869, "osm_type": "node", "amenity": "hospital", "name": null }, "geometry": { "type": "Point", "coordinates": [ 666074.475853146170266, 4544141.629731313325465 ] } },
{ "type": "Feature", "properties": { "osm_id": 13252823668, "osm_type": "node", "amenity": "clinic", "name": "DERMATOLOGY CLINIC" }, "geometry": { "type": "Point", "coordinates": [ 665949.080948290880769, 4543293.63560676574707 ] } },
{ "type": "Feature", "properties": { "osm_id": 13276363275, "osm_type": "node", "amenity": "clinic", "name": "Şişli 15 Nolu Aile Sağlığı Merkezi" }, "geometry": { "type": "Point", "coordinates": [ 666250.143569322535768, 4546212.578684827312827 ] } },
{ "type": "Feature", "properties": { "osm_id": 13296452701, "osm_type": "node", "amenity": "hospital", "name": null }, "geometry": { "type": "Point", "coordinates": [ 640254.027303942246363, 4543283.152082654647529 ] } },
{ "type": "Feature", "properties": { "osm_id": 13339001001, "osm_type": "node", "amenity": "clinic", "name": "Esthetic Hair Turkey" }, "geometry": { "type": "Point", "coordinates": [ 659342.404304416035302, 4540246.264131622388959 ] } },
{ "type": "Feature", "properties": { "osm_id": 13363104986, "osm_type": "node", "amenity": "clinic", "name": "Diyetisyen Gülşen Lükel" }, "geometry": { "type": "Point", "coordinates": [ 639347.623135656584054, 4540453.431196110323071 ] } },
{ "type": "Feature", "properties": { "osm_id": 13383854101, "osm_type": "node", "amenity": "clinic", "name": "Hikmet Ercan Aile Sağlığı Merkezi" }, "geometry": { "type": "Point", "coordinates": [ 656995.077564852894284, 4538621.197111478075385 ] } },
{ "type": "Feature", "properties": { "osm_id": 13399352518, "osm_type": "node", "amenity": "clinic", "name": "MY PhysioClinic" }, "geometry": { "type": "Point", "coordinates": [ 678115.797672640997916, 4540958.80204704310745 ] } },
{ "type": "Feature", "properties": { "osm_id": 13423662401, "osm_type": "node", "amenity": "hospital", "name": "Özel Medivia Hastanesi" }, "geometry": { "type": "Point", "coordinates": [ 674473.331101096584462, 4546644.553892105817795 ] } },
{ "type": "Feature", "properties": { "osm_id": 13433113421, "osm_type": "node", "amenity": "clinic", "name": "Altıparmak & Altıparmak Klinik" }, "geometry": { "type": "Point", "coordinates": [ 672853.758483721176162, 4537383.157824049703777 ] } },
{ "type": "Feature", "properties": { "osm_id": 13437639559, "osm_type": "node", "amenity": "clinic", "name": "Özel Alvin Ağız ve Diş Sağlığı Polikliniği" }, "geometry": { "type": "Point", "coordinates": [ 684614.509870327310637, 4529294.379431895911694 ] } },
{ "type": "Feature", "properties": { "osm_id": 13444868254, "osm_type": "node", "amenity": "clinic", "name": "Aile Sağlığı Merkezi" }, "geometry": { "type": "Point", "coordinates": [ 678683.179053371655755, 4541425.620454746298492 ] } },
{ "type": "Feature", "properties": { "osm_id": 13448178158, "osm_type": "node", "amenity": "clinic", "name": "IVF Clinic Türkiye" }, "geometry": { "type": "Point", "coordinates": [ 660252.457073432742618, 4547070.450658610090613 ] } },
{ "type": "Feature", "properties": { "osm_id": 13513774986, "osm_type": "node", "amenity": "clinic", "name": "Aile Sağlığı Merkezi" }, "geometry": { "type": "Point", "coordinates": [ 694457.239725507213734, 4531693.461948277428746 ] } },
{ "type": "Feature", "properties": { "osm_id": 13542433175, "osm_type": "node", "amenity": "hospital", "name": "Bağcılar Meydan TRSM" }, "geometry": { "type": "Point", "coordinates": [ 656330.024364362005144, 4544364.071917338296771 ] } },
{ "type": "Feature", "properties": { "osm_id": 13640519195, "osm_type": "node", "amenity": "hospital", "name": "Özel Sondurak Ümran Tıp Merkezi" }, "geometry": { "type": "Point", "coordinates": [ 676552.148652890464291, 4543606.822056134231389 ] } },
{ "type": "Feature", "properties": { "osm_id": 13647285734, "osm_type": "node", "amenity": "clinic", "name": "Durmuş Tanış Aile Sağlığı Merkezi" }, "geometry": { "type": "Point", "coordinates": [ 675877.751417233841494, 4543291.205277510918677 ] } },
{ "type": "Feature", "properties": { "osm_id": 13703830486, "osm_type": "node", "amenity": "clinic", "name": "Pendik 16 Nolu Aile Sağlığı Merkezi" }, "geometry": { "type": "Point", "coordinates": [ 687398.265643653809093, 4528672.5038743885234 ] } },
{ "type": "Feature", "properties": { "osm_id": 13706065851, "osm_type": "node", "amenity": "clinic", "name": "Ümraniye 2 Nolu Aile Sağlığı Merkezi" }, "geometry": { "type": "Point", "coordinates": [ 675766.170271139708348, 4546426.77390999533236 ] } },
{ "type": "Feature", "properties": { "osm_id": 13706480611, "osm_type": "node", "amenity": "clinic", "name": "Özel Kartal As Polikliniği" }, "geometry": { "type": "Point", "coordinates": [ 683632.667413578252308, 4528828.338868197053671 ] } },
{ "type": "Feature", "properties": { "osm_id": 13720404864, "osm_type": "node", "amenity": "hospital", "name": "Psikiyatri Acil" }, "geometry": { "type": "Point", "coordinates": [ 656662.010833828593604, 4539048.685148882679641 ] } },
{ "type": "Feature", "properties": { "osm_id": 13720404871, "osm_type": "node", "amenity": "hospital", "name": "ATÜ Erişkin Psikiyatri Poliklinikleri, Hasta Hakları, Sosyal İnceleme" }, "geometry": { "type": "Point", "coordinates": [ 656636.135554229025729, 4539040.580722135491669 ] } },
{ "type": "Feature", "properties": { "osm_id": 13730814468, "osm_type": "node", "amenity": "clinic", "name": "İstanbul Sultangazi 30 No'lu Aile Sağlığı Merkezi" }, "geometry": { "type": "Point", "coordinates": [ 655976.945102107594721, 4551864.668518438003957 ] } },
{ "type": "Feature", "properties": { "osm_id": 13755251655, "osm_type": "node", "amenity": "clinic", "name": "Kazım Karabekir Mahallesi 4 Nolu ASM" }, "geometry": { "type": "Point", "coordinates": [ 676849.833383483346552, 4545708.526250313967466 ] } },
{ "type": "Feature", "properties": { "osm_id": 13776282679, "osm_type": "node", "amenity": "clinic", "name": "Özel Medinverse Polikliniği" }, "geometry": { "type": "Point", "coordinates": [ 677012.969358152011409, 4538701.554820375517011 ] } },
{ "type": "Feature", "properties": { "osm_id": 13853012620, "osm_type": "node", "amenity": "clinic", "name": "Yenimahalle Aile Sağlığı Merkezi" }, "geometry": { "type": "Point", "coordinates": [ 674656.438243510900065, 4548655.46894817147404 ] } },
{ "type": "Feature", "properties": { "osm_id": 13857677661, "osm_type": "node", "amenity": "clinic", "name": "Operatör Doktor Kamil Erez" }, "geometry": { "type": "Point", "coordinates": [ 682767.961532641435042, 4529840.600411433726549 ] } },
{ "type": "Feature", "properties": { "osm_id": 13857677662, "osm_type": "node", "amenity": "clinic", "name": "Doktor Yaşar Ekren" }, "geometry": { "type": "Point", "coordinates": [ 682769.84589340549428, 4529839.391869368962944 ] } },
{ "type": "Feature", "properties": { "osm_id": 13897654401, "osm_type": "node", "amenity": "hospital", "name": "ttt" }, "geometry": { "type": "Point", "coordinates": [ 661194.750071351183578, 4539839.775048182345927 ] } },
{ "type": "Feature", "properties": { "osm_id": 13902872305, "osm_type": "node", "amenity": "clinic", "name": "Rüzgarlıbahçe Aile Sağlığı Merkezi" }, "geometry": { "type": "Point", "coordinates": [ 676218.128558659693226, 4551641.171906790696084 ] } },
{ "type": "Feature", "properties": { "osm_id": 13907467251, "osm_type": "node", "amenity": "clinic", "name": "Küçüksu Aile Sağlığı Merkezi" }, "geometry": { "type": "Point", "coordinates": [ 674075.544947099057026, 4548611.512865887954831 ] } },
{ "type": "Feature", "properties": { "osm_id": 13910132111, "osm_type": "node", "amenity": "clinic", "name": null }, "geometry": { "type": "Point", "coordinates": [ 656514.022514330456033, 4550735.924937581643462 ] } },
{ "type": "Feature", "properties": { "osm_id": 13910132115, "osm_type": "node", "amenity": "clinic", "name": null }, "geometry": { "type": "Point", "coordinates": [ 656531.730317406589165, 4550741.279603563249111 ] } },
{ "type": "Feature", "properties": { "osm_id": 13910132134, "osm_type": "node", "amenity": "clinic", "name": null }, "geometry": { "type": "Point", "coordinates": [ 656821.661313275806606, 4551465.801408876664937 ] } },
{ "type": "Feature", "properties": { "osm_id": 13928717258, "osm_type": "node", "amenity": "clinic", "name": "Dr. Lokman Kılıç" }, "geometry": { "type": "Point", "coordinates": [ 675186.343498771777377, 4551364.09859321732074 ] } },
{ "type": "Feature", "properties": { "osm_id": 13947568186, "osm_type": "node", "amenity": "clinic", "name": "Bostancı Aile Sağlığı Merkezi" }, "geometry": { "type": "Point", "coordinates": [ 677012.669088622671552, 4536521.147364981472492 ] } },
{ "type": "Feature", "properties": { "osm_id": 13955812544, "osm_type": "node", "amenity": "clinic", "name": "İç Hastalıkları (Dahiliye)" }, "geometry": { "type": "Point", "coordinates": [ 656774.82714720047079, 4539605.155692149884999 ] } },
{ "type": "Feature", "properties": { "osm_id": 13960732690, "osm_type": "node", "amenity": "clinic", "name": "Gülsen Solmaz Aile Sağlığı Merkezi" }, "geometry": { "type": "Point", "coordinates": [ 685046.370906559401192, 4541540.102862127125263 ] } },
{ "type": "Feature", "properties": { "osm_id": 13969987845, "osm_type": "node", "amenity": "clinic", "name": "Op.Dr. Övün. Akdemir" }, "geometry": { "type": "Point", "coordinates": [ 657296.870764487888664, 4540016.131829481571913 ] } },
{ "type": "Feature", "properties": { "osm_id": 13985513890, "osm_type": "node", "amenity": "hospital", "name": "Acil Girişi" }, "geometry": { "type": "Point", "coordinates": [ 694200.98655879648868, 4524074.928604852408171 ] } },
{ "type": "Feature", "properties": { "osm_id": 13987606729, "osm_type": "node", "amenity": "clinic", "name": "Malazgirt Aile Sağlığı Merkezi" }, "geometry": { "type": "Point", "coordinates": [ 691114.087955584051087, 4528472.717548118904233 ] } },
{ "type": "Feature", "properties": { "osm_id": 14004396001, "osm_type": "node", "amenity": "clinic", "name": "Artemis" }, "geometry": { "type": "Point", "coordinates": [ 676272.725409534410574, 4536116.133420800790191 ] } },
{ "type": "Feature", "properties": { "osm_id": 14061510446, "osm_type": "node", "amenity": "clinic", "name": "Mabel Clinic" }, "geometry": { "type": "Point", "coordinates": [ 648810.496525706374086, 4546399.956091852858663 ] } },
{ "type": "Feature", "properties": { "osm_id": 14061510458, "osm_type": "node", "amenity": "clinic", "name": null }, "geometry": { "type": "Point", "coordinates": [ 648808.408663644106127, 4546341.305378761142492 ] } },
{ "type": "Feature", "properties": { "osm_id": 14064817232, "osm_type": "node", "amenity": "hospital", "name": "Özel Veni Vidi Göz Merkezi Pendik" }, "geometry": { "type": "Point", "coordinates": [ 690497.650133519549854, 4527891.181525447405875 ] } },
{ "type": "Feature", "properties": { "osm_id": 14072222402, "osm_type": "node", "amenity": "hospital", "name": "MASHAR OSMAN PSİKİYATRİ" }, "geometry": { "type": "Point", "coordinates": [ 656518.665038974024355, 4539414.475013169459999 ] } },
{ "type": "Feature", "properties": { "osm_id": 14073088672, "osm_type": "node", "amenity": "clinic", "name": null }, "geometry": { "type": "Point", "coordinates": [ 679107.351955638150685, 4539662.365127238444984 ] } },
{ "type": "Feature", "properties": { "osm_id": 14082282950, "osm_type": "node", "amenity": "hospital", "name": "Arnavutköy Devlet Hastanesi" }, "geometry": { "type": "Point", "coordinates": [ 646528.715406275121495, 4559946.024405090138316 ] } },
{ "type": "Feature", "properties": { "osm_id": 14084312948, "osm_type": "node", "amenity": "hospital", "name": "Gümüşpınar Mahallesi Sağlık Ocağı" }, "geometry": { "type": "Point", "coordinates": [ 607595.793747237185016, 4574340.031504788435996 ] } },
{ "type": "Feature", "properties": { "osm_id": 14113756879, "osm_type": "node", "amenity": "clinic", "name": "Büyükada Aile Sağlığı Merkezi" }, "geometry": { "type": "Point", "coordinates": [ 679119.345057007973082, 4526663.47254388500005 ] } },
{ "type": "Feature", "properties": { "osm_id": 14134966701, "osm_type": "node", "amenity": "clinic", "name": "Yuniq Clinic" }, "geometry": { "type": "Point", "coordinates": [ 671829.01950869243592, 4539080.243736813776195 ] } },
{ "type": "Feature", "properties": { "osm_id": 14134998301, "osm_type": "node", "amenity": "clinic", "name": "Op. Dr. İsmet Emrah Emre" }, "geometry": { "type": "Point", "coordinates": [ 674834.097742928657681, 4536671.286064643412828 ] } },
{ "type": "Feature", "properties": { "osm_id": 14155848564, "osm_type": "node", "amenity": "clinic", "name": "Pendik 18 Nolu Aile Sağlık Merkezi" }, "geometry": { "type": "Point", "coordinates": [ 694119.325914822285995, 4526560.489887366071343 ] } },
{ "type": "Feature", "properties": { "osm_id": 14159204696, "osm_type": "node", "amenity": "hospital", "name": "T.C. Sağlık Bakanlığı Fenerbahçe Aile Sağlığı Merkezi" }, "geometry": { "type": "Point", "coordinates": [ 671691.354516827035695, 4537701.814006184227765 ] } },
{ "type": "Feature", "properties": { "osm_id": 14159429432, "osm_type": "node", "amenity": "clinic", "name": "Ekşioğlu Ortak Sağlık Güvenlik Birimi" }, "geometry": { "type": "Point", "coordinates": [ 687677.263782203895971, 4527760.888300315476954 ] } },
{ "type": "Feature", "properties": { "osm_id": 14160280462, "osm_type": "node", "amenity": "clinic", "name": null }, "geometry": { "type": "Point", "coordinates": [ 662704.561330424854532, 4542416.109519814141095 ] } },
{ "type": "Feature", "properties": { "osm_id": 14165271767, "osm_type": "node", "amenity": "clinic", "name": "Nephrology" }, "geometry": { "type": "Point", "coordinates": [ 662774.220768123632297, 4542444.123193729668856 ] } },
{ "type": "Feature", "properties": { "osm_id": 14165271768, "osm_type": "node", "amenity": "clinic", "name": "Endocrinology" }, "geometry": { "type": "Point", "coordinates": [ 662782.399416557978839, 4542441.40560888312757 ] } },
{ "type": "Feature", "properties": { "osm_id": 14165271769, "osm_type": "node", "amenity": "clinic", "name": "Rheumatology" }, "geometry": { "type": "Point", "coordinates": [ 662787.414261187659577, 4542439.473109491169453 ] } },
{ "type": "Feature", "properties": { "osm_id": 14183419245, "osm_type": "node", "amenity": "hospital", "name": "Özel Rumeli Hastanesi" }, "geometry": { "type": "Point", "coordinates": [ 651223.740335443755612, 4541183.056662824936211 ] } },
{ "type": "Feature", "properties": { "osm_id": 14196667046, "osm_type": "node", "amenity": "hospital", "name": "Erenköy FTR Ünalan Ek Hizmet Binası" }, "geometry": { "type": "Point", "coordinates": [ 673699.823655107407831, 4540500.521466103382409 ] } },
{ "type": "Feature", "properties": { "osm_id": 25554942, "osm_type": "way", "amenity": "hospital", "name": "Şişli Hamidiye Etfal Eğitim ve Araştırma Hastanesi" }, "geometry": { "type": "Point", "coordinates": [ 667276.788122387602925, 4544838.217013929970562 ] } },
{ "type": "Feature", "properties": { "osm_id": 74982866, "osm_type": "way", "amenity": "hospital", "name": "Özel Çapa Hastanesi" }, "geometry": { "type": "Point", "coordinates": [ 662638.779654536745511, 4542037.724325485527515 ] } },
{ "type": "Feature", "properties": { "osm_id": 76465628, "osm_type": "way", "amenity": "hospital", "name": "İstanbul Bezmialem Vakıf Üniversitesi Valide Sultan Gureba Hastanesi" }, "geometry": { "type": "Point", "coordinates": [ 662777.914140919456258, 4542623.110996941104531 ] } },
{ "type": "Feature", "properties": { "osm_id": 89279727, "osm_type": "way", "amenity": "hospital", "name": "Medilife Çapa Hastanesi" }, "geometry": { "type": "Point", "coordinates": [ 662574.978379427804612, 4542203.842276210896671 ] } },
{ "type": "Feature", "properties": { "osm_id": 110311563, "osm_type": "way", "amenity": "hospital", "name": "İstanbul Esnaf Hastanesi" }, "geometry": { "type": "Point", "coordinates": [ 664992.871455241227522, 4542166.869633864611387 ] } },
{ "type": "Feature", "properties": { "osm_id": 111262040, "osm_type": "way", "amenity": "clinic", "name": "Göçmen Konutları Sağlık Ocağı" }, "geometry": { "type": "Point", "coordinates": [ 651075.326416093856096, 4551765.972244924865663 ] } },
{ "type": "Feature", "properties": { "osm_id": 135253011, "osm_type": "way", "amenity": "clinic", "name": "Beykoz 7 No'lu Aile Sağlığı Merkezi" }, "geometry": { "type": "Point", "coordinates": [ 673808.451692200498655, 4549828.454367501661181 ] } },
{ "type": "Feature", "properties": { "osm_id": 145788829, "osm_type": "way", "amenity": "hospital", "name": "İstanbul Eğitim ve Araştırma Hastanesi" }, "geometry": { "type": "Point", "coordinates": [ 662988.557901561958715, 4540926.531533180736005 ] } },
{ "type": "Feature", "properties": { "osm_id": 148460526, "osm_type": "way", "amenity": "hospital", "name": "SBÜ Sultan Abdülhamid Han Eğitim ve Araştırma Hastanesi" }, "geometry": { "type": "Point", "coordinates": [ 669947.333827710594051, 4540846.006369694136083 ] } },
{ "type": "Feature", "properties": { "osm_id": 148461658, "osm_type": "way", "amenity": "hospital", "name": "Şişli Etfal Eğitim ve Araştırma Hastanesi" }, "geometry": { "type": "Point", "coordinates": [ 667278.047314851428382, 4547092.631696102209389 ] } },
{ "type": "Feature", "properties": { "osm_id": 148462025, "osm_type": "way", "amenity": "hospital", "name": "Haydarpaşa Numune Eğitim ve Araştırma Hastanesi" }, "geometry": { "type": "Point", "coordinates": [ 670126.716388153610751, 4541258.031619449146092 ] } },
{ "type": "Feature", "properties": { "osm_id": 148463842, "osm_type": "way", "amenity": "hospital", "name": "Dr. Lütfi Kırdar Kartal Eğitim ve Araştırma Hastanesi" }, "geometry": { "type": "Point", "coordinates": [ 683069.871035247459076, 4531612.39246300701052 ] } },
{ "type": "Feature", "properties": { "osm_id": 148469373, "osm_type": "way", "amenity": "hospital", "name": "Okmeydanı Profesör Doktor Cemil Taşçıoğlu Şehir Hastanesi" }, "geometry": { "type": "Point", "coordinates": [ 665941.598097555572167, 4547797.571027635596693 ] } },
{ "type": "Feature", "properties": { "osm_id": 148469927, "osm_type": "way", "amenity": "hospital", "name": "Göztepe Prof. Dr. Süleyman Yalçın Şehir Hastanesi" }, "geometry": { "type": "Point", "coordinates": [ 673044.978053782484494, 4539321.051806068047881 ] } },
{ "type": "Feature", "properties": { "osm_id": 154233585, "osm_type": "way", "amenity": "hospital", "name": "Maltepe Üniversitesi Hastanesi" }, "geometry": { "type": "Point", "coordinates": [ 679774.285745435510762, 4532683.272705866023898 ] } },
{ "type": "Feature", "properties": { "osm_id": 162852660, "osm_type": "way", "amenity": "hospital", "name": null }, "geometry": { "type": "Point", "coordinates": [ 672464.487033292767592, 4550123.730731925927103 ] } },
{ "type": "Feature", "properties": { "osm_id": 163811039, "osm_type": "way", "amenity": "hospital", "name": "Acıbadem International Hospital" }, "geometry": { "type": "Point", "coordinates": [ 654471.430589564959519, 4535819.26058685593307 ] } },
{ "type": "Feature", "properties": { "osm_id": 164368990, "osm_type": "way", "amenity": "hospital", "name": "Fransız Lape Hastanesi" }, "geometry": { "type": "Point", "coordinates": [ 667259.120085197966546, 4547538.676894742064178 ] } },
{ "type": "Feature", "properties": { "osm_id": 175976201, "osm_type": "way", "amenity": "hospital", "name": "Erenköy Polikliniği" }, "geometry": { "type": "Point", "coordinates": [ 674706.820688562234864, 4537741.878327789716423 ] } },
{ "type": "Feature", "properties": { "osm_id": 177433772, "osm_type": "way", "amenity": "hospital", "name": "Fatih Sultan Mehmet Eğitim ve Araştırma Hastanesi" }, "geometry": { "type": "Point", "coordinates": [ 677107.004355220356956, 4537678.381129020825028 ] } },
{ "type": "Feature", "properties": { "osm_id": 177433773, "osm_type": "way", "amenity": "hospital", "name": "Yeditepe Üniversitesi Kozyatağı Hastanesi" }, "geometry": { "type": "Point", "coordinates": [ 677012.481786992168054, 4537437.029015583917499 ] } },
{ "type": "Feature", "properties": { "osm_id": 178779851, "osm_type": "way", "amenity": "hospital", "name": "Avicenna Hastanesi" }, "geometry": { "type": "Point", "coordinates": [ 677399.483873399323784, 4538600.703962522558868 ] } },
{ "type": "Feature", "properties": { "osm_id": 179212650, "osm_type": "way", "amenity": "clinic", "name": "Fatih Sultan Mehmet Eğitim ve Araştırma Hastanesi Sağlık Kurulu" }, "geometry": { "type": "Point", "coordinates": [ 677313.155949292122386, 4537597.794938690960407 ] } },
{ "type": "Feature", "properties": { "osm_id": 179212660, "osm_type": "way", "amenity": "hospital", "name": null }, "geometry": { "type": "Point", "coordinates": [ 677337.732692531775683, 4537708.761214395053685 ] } },
{ "type": "Feature", "properties": { "osm_id": 179231474, "osm_type": "way", "amenity": "clinic", "name": "Lifemed Tıp Merkezi" }, "geometry": { "type": "Point", "coordinates": [ 672868.772087987395935, 4537975.447855928912759 ] } },
{ "type": "Feature", "properties": { "osm_id": 182853312, "osm_type": "way", "amenity": "hospital", "name": "Kolan Hospital-Beylikdüzü" }, "geometry": { "type": "Point", "coordinates": [ 637043.541726782917976, 4540778.431096126325428 ] } },
{ "type": "Feature", "properties": { "osm_id": 182859252, "osm_type": "way", "amenity": "clinic", "name": "Adnan Kahveci Sağlık Ocağı" }, "geometry": { "type": "Point", "coordinates": [ 637037.66399491764605, 4540494.787874896079302 ] } },
{ "type": "Feature", "properties": { "osm_id": 187794147, "osm_type": "way", "amenity": "hospital", "name": "Erenköy Ruh ve Sinir Hastalıkları Eğitim ve Araştırma Hastanesi" }, "geometry": { "type": "Point", "coordinates": [ 675739.503499429556541, 4538084.453306784853339 ] } },
{ "type": "Feature", "properties": { "osm_id": 197993628, "osm_type": "way", "amenity": "hospital", "name": "Emsey Hastanesi" }, "geometry": { "type": "Point", "coordinates": [ 692726.547435336280614, 4532819.454352058470249 ] } },
{ "type": "Feature", "properties": { "osm_id": 200222114, "osm_type": "way", "amenity": "hospital", "name": "Haydarpaşa Numune Hastanesi Yeldeğirmeni Semt Polikliniği" }, "geometry": { "type": "Point", "coordinates": [ 670665.686474809772335, 4539970.559417664073408 ] } },
{ "type": "Feature", "properties": { "osm_id": 201072633, "osm_type": "way", "amenity": "hospital", "name": "Fatih Medical Park Hastanesi" }, "geometry": { "type": "Point", "coordinates": [ 664155.83011783438269, 4542235.880266127176583 ] } },
{ "type": "Feature", "properties": { "osm_id": 209188025, "osm_type": "way", "amenity": "hospital", "name": "Esenyurt Necmi Kadıoğlu Devlet Hastanesi" }, "geometry": { "type": "Point", "coordinates": [ 640253.623426689882763, 4543282.722343137487769 ] } },
{ "type": "Feature", "properties": { "osm_id": 218462585, "osm_type": "way", "amenity": "clinic", "name": "Güzelyurt Sağlık Ocağı" }, "geometry": { "type": "Point", "coordinates": [ 638994.051309890579432, 4541843.402522459626198 ] } },
{ "type": "Feature", "properties": { "osm_id": 218546225, "osm_type": "way", "amenity": "clinic", "name": "Beykent Cerrahi Tıp Merkezi" }, "geometry": { "type": "Point", "coordinates": [ 636675.167122734128498, 4539653.846742104738951 ] } },
{ "type": "Feature", "properties": { "osm_id": 219010530, "osm_type": "way", "amenity": "hospital", "name": "Büyükçekmece Devlet Hastanesi Gürpınar Poliklinikleri" }, "geometry": { "type": "Point", "coordinates": [ 635210.727815254125744, 4539609.769609852693975 ] } },
{ "type": "Feature", "properties": { "osm_id": 219346240, "osm_type": "way", "amenity": "hospital", "name": "İstanbul Tıp Merkezi" }, "geometry": { "type": "Point", "coordinates": [ 667959.360830407007597, 4548571.598893987946212 ] } },
{ "type": "Feature", "properties": { "osm_id": 225989447, "osm_type": "way", "amenity": "hospital", "name": "Karakoy Sahil Saglik Denetleme Merkezi" }, "geometry": { "type": "Point", "coordinates": [ 666187.03697028872557, 4543085.200726573355496 ] } },
{ "type": "Feature", "properties": { "osm_id": 227851330, "osm_type": "way", "amenity": "hospital", "name": "Özel Gazi Hastanesi" }, "geometry": { "type": "Point", "coordinates": [ 659433.595938049955294, 4551706.330238084308803 ] } },
{ "type": "Feature", "properties": { "osm_id": 235271675, "osm_type": "way", "amenity": "clinic", "name": "Moda Sağlık Ocağı" }, "geometry": { "type": "Point", "coordinates": [ 670401.23502605734393, 4538852.130655189976096 ] } },
{ "type": "Feature", "properties": { "osm_id": 235463554, "osm_type": "way", "amenity": "hospital", "name": "Florence Nightingale Hastanesi" }, "geometry": { "type": "Point", "coordinates": [ 671764.056208758149296, 4538725.157327495515347 ] } },
{ "type": "Feature", "properties": { "osm_id": 236641495, "osm_type": "way", "amenity": "hospital", "name": "Esenyurt Devlet Hastanesi (Ek Binası)" }, "geometry": { "type": "Point", "coordinates": [ 641477.465920994756743, 4543729.566471858881414 ] } },
{ "type": "Feature", "properties": { "osm_id": 237001077, "osm_type": "way", "amenity": "hospital", "name": "Tepe Özel Kliniği" }, "geometry": { "type": "Point", "coordinates": [ 673290.258163882186636, 4544859.29228787124157 ] } },
{ "type": "Feature", "properties": { "osm_id": 237176270, "osm_type": "way", "amenity": "hospital", "name": "Erenköy Fizik Tedavi ve Rehabilitasyon Hastanesi" }, "geometry": { "type": "Point", "coordinates": [ 675313.126864066463895, 4538054.840222692117095 ] } },
{ "type": "Feature", "properties": { "osm_id": 237686526, "osm_type": "way", "amenity": "hospital", "name": "Dr. Siyami Ersek Göğüs Kalp ve Damar Cerrahisi Eğitim ve Araştırma Hastanesi" }, "geometry": { "type": "Point", "coordinates": [ 670242.432781428447925, 4541173.661680951714516 ] } },
{ "type": "Feature", "properties": { "osm_id": 237914844, "osm_type": "way", "amenity": "hospital", "name": "Erenköy Fizik Tedavi ve Reahabilitasyon Hastanesi" }, "geometry": { "type": "Point", "coordinates": [ 673765.956816564546898, 4539265.080680436454713 ] } },
{ "type": "Feature", "properties": { "osm_id": 237946576, "osm_type": "way", "amenity": "hospital", "name": "Acıbadem Kadıköy Hastanesi" }, "geometry": { "type": "Point", "coordinates": [ 671808.728883716510609, 4541568.086684786714613 ] } },
{ "type": "Feature", "properties": { "osm_id": 237949321, "osm_type": "way", "amenity": "hospital", "name": "Medipol" }, "geometry": { "type": "Point", "coordinates": [ 671060.995935148559511, 4541293.217572611756623 ] } },
{ "type": "Feature", "properties": { "osm_id": 239828607, "osm_type": "way", "amenity": "hospital", "name": "Özel Intermed Çiftehavuzlar Polikliniği" }, "geometry": { "type": "Point", "coordinates": [ 672793.358749719453044, 4537378.793961201794446 ] } },
{ "type": "Feature", "properties": { "osm_id": 246883311, "osm_type": "way", "amenity": "hospital", "name": "İtalyan Hastanesi - Giovanni Alberto Agnelli" }, "geometry": { "type": "Point", "coordinates": [ 666547.404241354204714, 4543804.462290585041046 ] } },
{ "type": "Feature", "properties": { "osm_id": 252473709, "osm_type": "way", "amenity": "clinic", "name": "Sağlık Ocağı" }, "geometry": { "type": "Point", "coordinates": [ 640419.270842079306021, 4557329.734744489192963 ] } },
{ "type": "Feature", "properties": { "osm_id": 260419647, "osm_type": "way", "amenity": "hospital", "name": "Sağlık Merkezi" }, "geometry": { "type": "Point", "coordinates": [ 673569.843732065055519, 4563421.389639604836702 ] } },
{ "type": "Feature", "properties": { "osm_id": 260613837, "osm_type": "way", "amenity": "hospital", "name": "Beylikdüzü Devlet Hastanesi" }, "geometry": { "type": "Point", "coordinates": [ 636590.156256507965736, 4541662.214910513721406 ] } },
{ "type": "Feature", "properties": { "osm_id": 260615279, "osm_type": "way", "amenity": "hospital", "name": "Medihaus Tıp Merkezi" }, "geometry": { "type": "Point", "coordinates": [ 639323.305041481624357, 4541563.53145937435329 ] } },
{ "type": "Feature", "properties": { "osm_id": 262772289, "osm_type": "way", "amenity": "clinic", "name": "Esatpaşa Aile Sağlık Merkezi" }, "geometry": { "type": "Point", "coordinates": [ 675477.014267752878368, 4541138.062919114716351 ] } },
{ "type": "Feature", "properties": { "osm_id": 263129307, "osm_type": "way", "amenity": "hospital", "name": "Başakşehir Tıp Merkezi" }, "geometry": { "type": "Point", "coordinates": [ 650594.37503357604146, 4552023.980998490937054 ] } },
{ "type": "Feature", "properties": { "osm_id": 274235242, "osm_type": "way", "amenity": "clinic", "name": "Uskumruköy Aile Hekimliği" }, "geometry": { "type": "Point", "coordinates": [ 669538.432143158977851, 4565116.003484668210149 ] } },
{ "type": "Feature", "properties": { "osm_id": 274460964, "osm_type": "way", "amenity": "hospital", "name": null }, "geometry": { "type": "Point", "coordinates": [ 671161.229876900091767, 4563530.751446605660021 ] } },
{ "type": "Feature", "properties": { "osm_id": 277128393, "osm_type": "way", "amenity": "clinic", "name": "Zeynebiye Aile Sağlığı Merkezi" }, "geometry": { "type": "Point", "coordinates": [ 651590.548082183348015, 4544079.26749674975872 ] } },
{ "type": "Feature", "properties": { "osm_id": 278572867, "osm_type": "way", "amenity": "hospital", "name": "Delta Hospital" }, "geometry": { "type": "Point", "coordinates": [ 678876.948602988268249, 4534955.968408006243408 ] } },
{ "type": "Feature", "properties": { "osm_id": 278630525, "osm_type": "way", "amenity": "hospital", "name": "Maltepe Üniversitesi Kadın Doğum ve Çocuk Hastanesi" }, "geometry": { "type": "Point", "coordinates": [ 679621.709783557802439, 4532737.445587334223092 ] } },
{ "type": "Feature", "properties": { "osm_id": 280193623, "osm_type": "way", "amenity": "hospital", "name": "Pendik Devlet Hastanesi Kurtköy Semt Polikliniği" }, "geometry": { "type": "Point", "coordinates": [ 694322.58562381437514, 4533036.939889232628047 ] } },
{ "type": "Feature", "properties": { "osm_id": 281084303, "osm_type": "way", "amenity": "clinic", "name": "Sağlık Ocağı" }, "geometry": { "type": "Point", "coordinates": [ 684136.268201841274276, 4536389.419414681382477 ] } },
{ "type": "Feature", "properties": { "osm_id": 291737213, "osm_type": "way", "amenity": "clinic", "name": "Hamit Demir Sağlık Ocağı" }, "geometry": { "type": "Point", "coordinates": [ 637472.457761188969016, 4542918.020039461553097 ] } },
{ "type": "Feature", "properties": { "osm_id": 298129119, "osm_type": "way", "amenity": "hospital", "name": "Acıbadem Hospital" }, "geometry": { "type": "Point", "coordinates": [ 639259.339411093736999, 4540472.690223510377109 ] } },
{ "type": "Feature", "properties": { "osm_id": 298129124, "osm_type": "way", "amenity": "clinic", "name": "Barış Mahallesi Sağlık Ocağı" }, "geometry": { "type": "Point", "coordinates": [ 639247.550053830374964, 4540571.295385060831904 ] } },
{ "type": "Feature", "properties": { "osm_id": 302546248, "osm_type": "way", "amenity": "clinic", "name": "Dr Cınık Tıp Merkezi" }, "geometry": { "type": "Point", "coordinates": [ 668137.766954814316705, 4547786.400735903531313 ] } },
{ "type": "Feature", "properties": { "osm_id": 305826780, "osm_type": "way", "amenity": "hospital", "name": "Marmara Üniversitesi Pendik Eğitim ve Araştırma Hastanesi" }, "geometry": { "type": "Point", "coordinates": [ 690628.634337181923911, 4528651.117603507824242 ] } },
{ "type": "Feature", "properties": { "osm_id": 305839875, "osm_type": "way", "amenity": "hospital", "name": "Ümraniye Eğitim ve Araştırma Hastanesi" }, "geometry": { "type": "Point", "coordinates": [ 676639.297880718950182, 4544474.726823709905148 ] } },
{ "type": "Feature", "properties": { "osm_id": 310813112, "osm_type": "way", "amenity": "hospital", "name": "İlgi Hastanesi" }, "geometry": { "type": "Point", "coordinates": [ 656945.865229225018993, 4542756.539015784859657 ] } },
{ "type": "Feature", "properties": { "osm_id": 312367436, "osm_type": "way", "amenity": "hospital", "name": "Aile Hastanesi" }, "geometry": { "type": "Point", "coordinates": [ 657024.601573730236851, 4540147.474447140470147 ] } },
{ "type": "Feature", "properties": { "osm_id": 315715372, "osm_type": "way", "amenity": "hospital", "name": "Memorial Bahçelievler Hastanesi" }, "geometry": { "type": "Point", "coordinates": [ 655838.215479362057522, 4539663.747013380751014 ] } },
{ "type": "Feature", "properties": { "osm_id": 316629384, "osm_type": "way", "amenity": "hospital", "name": "Acıbadem Üniversitesi Hastanesi" }, "geometry": { "type": "Point", "coordinates": [ 649512.362194713205099, 4544156.63270391523838 ] } },
{ "type": "Feature", "properties": { "osm_id": 316650279, "osm_type": "way", "amenity": "hospital", "name": "Mehmet Akif Ersoy Göğüs Kalp Ve Damar Cerrahisi Eğitim Ve Araştırma Hastanesi" }, "geometry": { "type": "Point", "coordinates": [ 649378.596771926735528, 4543983.201949347741902 ] } },
{ "type": "Feature", "properties": { "osm_id": 316666736, "osm_type": "way", "amenity": "hospital", "name": "Kanuni Sultan Süleyman Eğitim ve Araştırma Hastanesi" }, "geometry": { "type": "Point", "coordinates": [ 647863.492729503079318, 4546314.593920286744833 ] } },
{ "type": "Feature", "properties": { "osm_id": 338806809, "osm_type": "way", "amenity": "hospital", "name": "Beykoz Devlet Hastanesi Tepeüstü Ek Hizmet Birimi" }, "geometry": { "type": "Point", "coordinates": [ 675167.328186353319325, 4553133.309053793549538 ] } },
{ "type": "Feature", "properties": { "osm_id": 342973790, "osm_type": "way", "amenity": "clinic", "name": "Fatih Toplum Ruh Sağlığı Merkezi" }, "geometry": { "type": "Point", "coordinates": [ 663492.663676865166053, 4543106.168311099521816 ] } },
{ "type": "Feature", "properties": { "osm_id": 351119352, "osm_type": "way", "amenity": "hospital", "name": null }, "geometry": { "type": "Point", "coordinates": [ 668399.04944054747466, 4550702.741533192805946 ] } },
{ "type": "Feature", "properties": { "osm_id": 355962701, "osm_type": "way", "amenity": "clinic", "name": "Harmandere Aile Sağlığı Merkezi" }, "geometry": { "type": "Point", "coordinates": [ 695497.376648371340707, 4533382.549683290533721 ] } },
{ "type": "Feature", "properties": { "osm_id": 363316258, "osm_type": "way", "amenity": "hospital", "name": "Özel Avrasya Hastanesi" }, "geometry": { "type": "Point", "coordinates": [ 660349.232305375859141, 4540868.643117875792086 ] } },
{ "type": "Feature", "properties": { "osm_id": 365255513, "osm_type": "way", "amenity": "clinic", "name": "Zekeriyaköy Aile Hekimliği" }, "geometry": { "type": "Point", "coordinates": [ 670132.066739090136252, 4562596.875518915243447 ] } },
{ "type": "Feature", "properties": { "osm_id": 370855847, "osm_type": "way", "amenity": "hospital", "name": "Çatalca İlyas Çokay Devlet Hastanesi" }, "geometry": { "type": "Point", "coordinates": [ 623096.688768916414119, 4554813.506892167031765 ] } },
{ "type": "Feature", "properties": { "osm_id": 371474926, "osm_type": "way", "amenity": "hospital", "name": "Şile Devlet Hastanesi" }, "geometry": { "type": "Point", "coordinates": [ 719516.143227056832984, 4561434.564937750808895 ] } },
{ "type": "Feature", "properties": { "osm_id": 375108990, "osm_type": "way", "amenity": "hospital", "name": "Zeynep Kamil Kadın Ve Çocuk Hastalıkları Eğitim Ve Araştırma Hastanesi" }, "geometry": { "type": "Point", "coordinates": [ 670379.263653826550581, 4542413.825992921367288 ] } },
{ "type": "Feature", "properties": { "osm_id": 376031174, "osm_type": "way", "amenity": "hospital", "name": "Acıbadem Kozyatağı Hastanesi" }, "geometry": { "type": "Point", "coordinates": [ 676101.636975253233686, 4538279.387400502339005 ] } },
{ "type": "Feature", "properties": { "osm_id": 382843570, "osm_type": "way", "amenity": "hospital", "name": "Memorial Şişli Hastanesi" }, "geometry": { "type": "Point", "coordinates": [ 665759.739296824671328, 4547476.16315754968673 ] } },
{ "type": "Feature", "properties": { "osm_id": 388720621, "osm_type": "way", "amenity": "hospital", "name": "Yakacık Kadın, Doğum ve Çocuk Hastalıkları Hastanesi" }, "geometry": { "type": "Point", "coordinates": [ 686861.231729660881683, 4532001.499070268124342 ] } },
{ "type": "Feature", "properties": { "osm_id": 390256751, "osm_type": "way", "amenity": "hospital", "name": "Bezmialem Üniversitesi Dragos Hastanesi" }, "geometry": { "type": "Point", "coordinates": [ 680057.498801960609853, 4530966.293772168457508 ] } },
{ "type": "Feature", "properties": { "osm_id": 397822277, "osm_type": "way", "amenity": "hospital", "name": "Bakırköy Dr. Sadi Konuk Eğitim ve Araştırma Hastanesi" }, "geometry": { "type": "Point", "coordinates": [ 656901.213251459645107, 4539738.63762765750289 ] } },
{ "type": "Feature", "properties": { "osm_id": 399306293, "osm_type": "way", "amenity": "hospital", "name": "Ataşehir Memorial Hastanesi" }, "geometry": { "type": "Point", "coordinates": [ 677254.026507009984925, 4539144.750487102195621 ] } },
{ "type": "Feature", "properties": { "osm_id": 402969943, "osm_type": "way", "amenity": "clinic", "name": "Acıbadem Etiler Tıp Merkezi" }, "geometry": { "type": "Point", "coordinates": [ 669815.822676337789744, 4549203.745581896975636 ] } },
{ "type": "Feature", "properties": { "osm_id": 402969944, "osm_type": "way", "amenity": "clinic", "name": "Memorial Etiler Tıp Merkezi" }, "geometry": { "type": "Point", "coordinates": [ 669780.58385600510519, 4549178.101996118202806 ] } },
{ "type": "Feature", "properties": { "osm_id": 403552357, "osm_type": "way", "amenity": "hospital", "name": "Liv Hospital Ulus" }, "geometry": { "type": "Point", "coordinates": [ 670447.599320681300014, 4547495.264903541654348 ] } },
{ "type": "Feature", "properties": { "osm_id": 406058505, "osm_type": "way", "amenity": "clinic", "name": "Yenişehir Aile Sağlığı Merkezi" }, "geometry": { "type": "Point", "coordinates": [ 693049.07238818530459, 4532800.598215892910957 ] } },
{ "type": "Feature", "properties": { "osm_id": 408550345, "osm_type": "way", "amenity": "hospital", "name": "Ethica Hastanesi" }, "geometry": { "type": "Point", "coordinates": [ 657501.187243461608887, 4540138.688437225297093 ] } },
{ "type": "Feature", "properties": { "osm_id": 414813769, "osm_type": "way", "amenity": "clinic", "name": null }, "geometry": { "type": "Point", "coordinates": [ 719560.798594117746688, 4561614.170929446816444 ] } },
{ "type": "Feature", "properties": { "osm_id": 419164018, "osm_type": "way", "amenity": "hospital", "name": "Üsküdar Devlet Hastanesi" }, "geometry": { "type": "Point", "coordinates": [ 671444.017959055490792, 4542510.216514140367508 ] } },
{ "type": "Feature", "properties": { "osm_id": 421055274, "osm_type": "way", "amenity": "hospital", "name": "Özel Diyabet Hastanesi" }, "geometry": { "type": "Point", "coordinates": [ 671022.393970594741404, 4540552.794435300864279 ] } },
{ "type": "Feature", "properties": { "osm_id": 429350599, "osm_type": "way", "amenity": "hospital", "name": "Özel Güngören Hastanesi" }, "geometry": { "type": "Point", "coordinates": [ 657358.016595231485553, 4543428.417509446851909 ] } },
{ "type": "Feature", "properties": { "osm_id": 430341380, "osm_type": "way", "amenity": "hospital", "name": "Medical Park" }, "geometry": { "type": "Point", "coordinates": [ 656699.341898546088487, 4539965.527158382348716 ] } },
{ "type": "Feature", "properties": { "osm_id": 436659631, "osm_type": "way", "amenity": "clinic", "name": "75.Yıl 2 nolu Aile Sağlık Merkezi" }, "geometry": { "type": "Point", "coordinates": [ 683408.206229132949375, 4544780.914207906462252 ] } },
{ "type": "Feature", "properties": { "osm_id": 437417504, "osm_type": "way", "amenity": "hospital", "name": "Acıbadem Fulya Hastanesi" }, "geometry": { "type": "Point", "coordinates": [ 668029.474521817057393, 4546876.1274703014642 ] } },
{ "type": "Feature", "properties": { "osm_id": 439649929, "osm_type": "way", "amenity": "clinic", "name": "Ümraniye 30 Nolu Aile Sağlığı Merkezi" }, "geometry": { "type": "Point", "coordinates": [ 677109.311816271161661, 4546550.655034400522709 ] } },
{ "type": "Feature", "properties": { "osm_id": 443790677, "osm_type": "way", "amenity": "clinic", "name": "Şişli Belediyesi Merkez Semt Polikliniği" }, "geometry": { "type": "Point", "coordinates": [ 666718.298905924079008, 4546560.643311727792025 ] } },
{ "type": "Feature", "properties": { "osm_id": 446337225, "osm_type": "way", "amenity": "hospital", "name": "Medipol Üniversitesi Sefaköy Sağlık Uygulama Merkezi Hastanesi" }, "geometry": { "type": "Point", "coordinates": [ 651210.213744120905176, 4541963.328352501615882 ] } },
{ "type": "Feature", "properties": { "osm_id": 446826425, "osm_type": "way", "amenity": "hospital", "name": "Özel Ataşehir Hastanesi" }, "geometry": { "type": "Point", "coordinates": [ 683019.016380854067393, 4539491.63849766086787 ] } },
{ "type": "Feature", "properties": { "osm_id": 454198403, "osm_type": "way", "amenity": "clinic", "name": "İstanbul 3 Nolu Halk Sağlığı Laboratuvarı" }, "geometry": { "type": "Point", "coordinates": [ 679961.993366714683361, 4533525.189208269119263 ] } },
{ "type": "Feature", "properties": { "osm_id": 457650991, "osm_type": "way", "amenity": "clinic", "name": "Çamlık Aile Sağlığı Merkezi" }, "geometry": { "type": "Point", "coordinates": [ 678747.73916854034178, 4541935.767161910422146 ] } },
{ "type": "Feature", "properties": { "osm_id": 457935667, "osm_type": "way", "amenity": "clinic", "name": "kurnaköy sağlık ocağı" }, "geometry": { "type": "Point", "coordinates": [ 696463.10255793412216, 4536493.644340544007719 ] } },
{ "type": "Feature", "properties": { "osm_id": 459869176, "osm_type": "way", "amenity": "clinic", "name": "Esentepe Aile Sağlığı Merkezi" }, "geometry": { "type": "Point", "coordinates": [ 684097.326002681977116, 4530361.398782591335475 ] } },
{ "type": "Feature", "properties": { "osm_id": 460382594, "osm_type": "way", "amenity": "hospital", "name": "Avicenna Umut Hastanesi" }, "geometry": { "type": "Point", "coordinates": [ 683452.497175714350305, 4528907.223306780681014 ] } },
{ "type": "Feature", "properties": { "osm_id": 460952709, "osm_type": "way", "amenity": "clinic", "name": "Alemdağ Aile Sağlığı Merkezi" }, "geometry": { "type": "Point", "coordinates": [ 687985.312736375955865, 4546767.434231542982161 ] } },
{ "type": "Feature", "properties": { "osm_id": 461114154, "osm_type": "way", "amenity": "hospital", "name": "Or-Ayahim Özel Balat Hastanesi" }, "geometry": { "type": "Point", "coordinates": [ 663537.814689615392126, 4544854.816688355989754 ] } },
{ "type": "Feature", "properties": { "osm_id": 461449298, "osm_type": "way", "amenity": "clinic", "name": "Karlıktepe H. Melahat H. Konuralp Aile Sağlığı Merkezi" }, "geometry": { "type": "Point", "coordinates": [ 684511.598701023147441, 4529609.149329765699804 ] } },
{ "type": "Feature", "properties": { "osm_id": 462297017, "osm_type": "way", "amenity": "clinic", "name": "Anka Sağlık Merkezi" }, "geometry": { "type": "Point", "coordinates": [ 671380.49695728928782, 4541910.310505164787173 ] } },
{ "type": "Feature", "properties": { "osm_id": 462742396, "osm_type": "way", "amenity": "hospital", "name": "SBÜ Süreyyapaşa Göğüs Hastalıkları Hastanesi" }, "geometry": { "type": "Point", "coordinates": [ 680164.091070118127391, 4535477.438945312984288 ] } },
{ "type": "Feature", "properties": { "osm_id": 462845183, "osm_type": "way", "amenity": "hospital", "name": "Veni Vidi Göz" }, "geometry": { "type": "Point", "coordinates": [ 673586.752025749068707, 4537494.04095237608999 ] } },
{ "type": "Feature", "properties": { "osm_id": 463053294, "osm_type": "way", "amenity": "hospital", "name": "Gökjet Özel Havacılık Mesleki ve Teknik Anadolu Lisesi" }, "geometry": { "type": "Point", "coordinates": [ 628868.319757615681738, 4541067.808948914520442 ] } },
{ "type": "Feature", "properties": { "osm_id": 463232938, "osm_type": "way", "amenity": "clinic", "name": "Sağlık Ocağı" }, "geometry": { "type": "Point", "coordinates": [ 654274.676077596377581, 4541645.872896345332265 ] } },
{ "type": "Feature", "properties": { "osm_id": 464712547, "osm_type": "way", "amenity": "clinic", "name": "Mimar Sinan Aile Sağlığı Merkezi" }, "geometry": { "type": "Point", "coordinates": [ 631060.00044539058581, 4541631.917251819744706 ] } },
{ "type": "Feature", "properties": { "osm_id": 464881829, "osm_type": "way", "amenity": "hospital", "name": "Özel Çamlık Hastanesi" }, "geometry": { "type": "Point", "coordinates": [ 657306.485893677920103, 4539263.09249959513545 ] } },
{ "type": "Feature", "properties": { "osm_id": 465113164, "osm_type": "way", "amenity": "hospital", "name": "Yaşar Hastanesi" }, "geometry": { "type": "Point", "coordinates": [ 657551.114750208216719, 4538643.818586663343012 ] } },
{ "type": "Feature", "properties": { "osm_id": 469996529, "osm_type": "way", "amenity": "hospital", "name": "Medical Park Göztepe" }, "geometry": { "type": "Point", "coordinates": [ 674737.410239323507994, 4539725.22400797624141 ] } },
{ "type": "Feature", "properties": { "osm_id": 485688870, "osm_type": "way", "amenity": "hospital", "name": "Liv Hospital" }, "geometry": { "type": "Point", "coordinates": [ 670443.222275500069372, 4547488.253869845531881 ] } },
{ "type": "Feature", "properties": { "osm_id": 485984690, "osm_type": "way", "amenity": "hospital", "name": "Medicana Böbrek Nakil Merkezi" }, "geometry": { "type": "Point", "coordinates": [ 675117.620356100611389, 4543583.855062181130052 ] } },
{ "type": "Feature", "properties": { "osm_id": 489671400, "osm_type": "way", "amenity": "clinic", "name": "Hilmi Şahin Aile Sağ.Mrk." }, "geometry": { "type": "Point", "coordinates": [ 693723.267133824294433, 4524145.38648421689868 ] } },
{ "type": "Feature", "properties": { "osm_id": 491169529, "osm_type": "way", "amenity": "hospital", "name": "Marmara Ceza İnfaz Kurumu Devlet Hastanesi" }, "geometry": { "type": "Point", "coordinates": [ 597229.085098539246246, 4549585.85406141448766 ] } },
{ "type": "Feature", "properties": { "osm_id": 498348929, "osm_type": "way", "amenity": "clinic", "name": "75. Yıl Kilyos Kumköy Sağlık Ocağı" }, "geometry": { "type": "Point", "coordinates": [ 670684.898878763662651, 4568031.775758982636034 ] } },
{ "type": "Feature", "properties": { "osm_id": 499516147, "osm_type": "way", "amenity": "clinic", "name": "Revir" }, "geometry": { "type": "Point", "coordinates": [ 690843.41773664962966, 4520294.203008913435042 ] } },
{ "type": "Feature", "properties": { "osm_id": 500364330, "osm_type": "way", "amenity": "hospital", "name": "Acıbadem Altunizade Hastanesi" }, "geometry": { "type": "Point", "coordinates": [ 672055.96297483111266, 4542885.66339644510299 ] } },
{ "type": "Feature", "properties": { "osm_id": 501824061, "osm_type": "way", "amenity": "clinic", "name": "Atakent 3.Etap Aile Sağlığı Merkezi" }, "geometry": { "type": "Point", "coordinates": [ 649388.407700673327781, 4546374.285328685306013 ] } },
{ "type": "Feature", "properties": { "osm_id": 506635204, "osm_type": "way", "amenity": "hospital", "name": "Medipol Mega Hastaneler Kompleksi" }, "geometry": { "type": "Point", "coordinates": [ 654898.786478532012552, 4546858.420196716673672 ] } },
{ "type": "Feature", "properties": { "osm_id": 506791957, "osm_type": "way", "amenity": "hospital", "name": "Nilgün Tezsezer Aile Sağlık Merkezi" }, "geometry": { "type": "Point", "coordinates": [ 638916.193074550945312, 4539608.384119167923927 ] } },
{ "type": "Feature", "properties": { "osm_id": 508601078, "osm_type": "way", "amenity": "clinic", "name": "Emp Clinics" }, "geometry": { "type": "Point", "coordinates": [ 677756.658102984772995, 4539483.563527451828122 ] } },
{ "type": "Feature", "properties": { "osm_id": 518497853, "osm_type": "way", "amenity": "hospital", "name": "Bahçelievler Devlet Hastanesi" }, "geometry": { "type": "Point", "coordinates": [ 655103.226968018920161, 4541088.473234498873353 ] } },
{ "type": "Feature", "properties": { "osm_id": 519572843, "osm_type": "way", "amenity": "clinic", "name": "Fatih 1 No'lu Aile Sağlığı Merkezi" }, "geometry": { "type": "Point", "coordinates": [ 663840.901401053415611, 4543287.301974632777274 ] } },
{ "type": "Feature", "properties": { "osm_id": 521335121, "osm_type": "way", "amenity": "clinic", "name": "Fatih 9 No'lu Aile Sağlığı Merkezi" }, "geometry": { "type": "Point", "coordinates": [ 662944.271625922177918, 4542174.24569643381983 ] } },
{ "type": "Feature", "properties": { "osm_id": 521866853, "osm_type": "way", "amenity": "hospital", "name": "Üniversal Aksaray Hastanesi" }, "geometry": { "type": "Point", "coordinates": [ 663575.703557139146142, 4541982.162272441200912 ] } },
{ "type": "Feature", "properties": { "osm_id": 523093888, "osm_type": "way", "amenity": "clinic", "name": "İmrahor Aile Sağlığı Merkezi" }, "geometry": { "type": "Point", "coordinates": [ 662246.761191490455531, 4540155.628632565960288 ] } },
{ "type": "Feature", "properties": { "osm_id": 523095454, "osm_type": "way", "amenity": "clinic", "name": "Kocamustafa Paşa Aile Sağlığı Merkezi" }, "geometry": { "type": "Point", "coordinates": [ 662345.263789464486763, 4540856.641454725526273 ] } },
{ "type": "Feature", "properties": { "osm_id": 524892365, "osm_type": "way", "amenity": "hospital", "name": "Academic Hospital" }, "geometry": { "type": "Point", "coordinates": [ 671101.693915011361241, 4542939.770624175667763 ] } },
{ "type": "Feature", "properties": { "osm_id": 524940073, "osm_type": "way", "amenity": "clinic", "name": "İstanbul Eğitim ve Araştırma Hastanesi Kızılelma Polikliniği" }, "geometry": { "type": "Point", "coordinates": [ 662822.58247505244799, 4541335.407481847330928 ] } },
{ "type": "Feature", "properties": { "osm_id": 525654580, "osm_type": "way", "amenity": "clinic", "name": "Çarşamba Aile Sağlığı Merkezi" }, "geometry": { "type": "Point", "coordinates": [ 663650.454180867644027, 4543550.91757127456367 ] } },
{ "type": "Feature", "properties": { "osm_id": 527496165, "osm_type": "way", "amenity": "hospital", "name": "Bayrampaşa Devlet Hastanesi" }, "geometry": { "type": "Point", "coordinates": [ 659869.230302487383597, 4545164.494877609424293 ] } },
{ "type": "Feature", "properties": { "osm_id": 528353035, "osm_type": "way", "amenity": "hospital", "name": "Özel Küçükçekmece Hastanesi" }, "geometry": { "type": "Point", "coordinates": [ 649749.201718564610928, 4540241.242399830371141 ] } },
{ "type": "Feature", "properties": { "osm_id": 531292894, "osm_type": "way", "amenity": "clinic", "name": "Melek Hatun Aile Sağlığı Merkezi" }, "geometry": { "type": "Point", "coordinates": [ 661919.146071517141536, 4542265.327124048024416 ] } },
{ "type": "Feature", "properties": { "osm_id": 534079885, "osm_type": "way", "amenity": "clinic", "name": "Şehit Tolga Ecebalın Aile Sağlığı Merkezi" }, "geometry": { "type": "Point", "coordinates": [ 663321.842312743538059, 4544727.23252282384783 ] } },
{ "type": "Feature", "properties": { "osm_id": 534830576, "osm_type": "way", "amenity": "hospital", "name": "Cerrahpaşa Tıp Fakültesi" }, "geometry": { "type": "Point", "coordinates": [ 663284.527159755700268, 4541018.690506462939084 ] } },
{ "type": "Feature", "properties": { "osm_id": 539587648, "osm_type": "way", "amenity": "hospital", "name": "Nisa Hastanesi Acil" }, "geometry": { "type": "Point", "coordinates": [ 653869.087542566936463, 4540253.605533580295742 ] } },
{ "type": "Feature", "properties": { "osm_id": 539587649, "osm_type": "way", "amenity": "hospital", "name": "Nisa Hastanesi" }, "geometry": { "type": "Point", "coordinates": [ 653931.303327577887103, 4540306.266572870314121 ] } },
{ "type": "Feature", "properties": { "osm_id": 540601527, "osm_type": "way", "amenity": "hospital", "name": "Pendik Devlet Hastanesi" }, "geometry": { "type": "Point", "coordinates": [ 687863.146446262020618, 4527507.634857395663857 ] } },
{ "type": "Feature", "properties": { "osm_id": 542205536, "osm_type": "way", "amenity": "hospital", "name": "Medicana Kadıköy" }, "geometry": { "type": "Point", "coordinates": [ 671455.980570632498711, 4539128.011367575265467 ] } },
{ "type": "Feature", "properties": { "osm_id": 543445804, "osm_type": "way", "amenity": "hospital", "name": "Sante Plus Hastanesi" }, "geometry": { "type": "Point", "coordinates": [ 659321.94746056443546, 4540309.863367715850472 ] } },
{ "type": "Feature", "properties": { "osm_id": 543779223, "osm_type": "way", "amenity": "clinic", "name": "Veliefendi Aile Sağlığı Merkezi" }, "geometry": { "type": "Point", "coordinates": [ 659627.860266786534339, 4540196.684517321176827 ] } },
{ "type": "Feature", "properties": { "osm_id": 544115130, "osm_type": "way", "amenity": "clinic", "name": null }, "geometry": { "type": "Point", "coordinates": [ 679109.139127637492493, 4539666.05233453027904 ] } },
{ "type": "Feature", "properties": { "osm_id": 545081137, "osm_type": "way", "amenity": "hospital", "name": "Kaynarca Devlet Hastanesi" }, "geometry": { "type": "Point", "coordinates": [ 689870.859710314311087, 4527153.184290454722941 ] } },
{ "type": "Feature", "properties": { "osm_id": 545292024, "osm_type": "way", "amenity": "hospital", "name": "Özel Pendik Bölge Hastanesi" }, "geometry": { "type": "Point", "coordinates": [ 689220.865853315452114, 4528173.65981955640018 ] } },
{ "type": "Feature", "properties": { "osm_id": 545292027, "osm_type": "way", "amenity": "hospital", "name": "Pendik Hospital" }, "geometry": { "type": "Point", "coordinates": [ 689092.575997146312147, 4528256.986850533634424 ] } },
{ "type": "Feature", "properties": { "osm_id": 546065440, "osm_type": "way", "amenity": "clinic", "name": "Hatice Kuşçulu Aile Sağlığı Merkezi" }, "geometry": { "type": "Point", "coordinates": [ 689631.016294919187203, 4530861.771816732361913 ] } },
{ "type": "Feature", "properties": { "osm_id": 546786422, "osm_type": "way", "amenity": "clinic", "name": "Kartaltepe Aile Sağlığı Merkezi" }, "geometry": { "type": "Point", "coordinates": [ 659363.403931816807017, 4546901.213203741237521 ] } },
{ "type": "Feature", "properties": { "osm_id": 547029815, "osm_type": "way", "amenity": "hospital", "name": "Bahat Özel Hastanesi" }, "geometry": { "type": "Point", "coordinates": [ 656208.575326542370021, 4552205.309123751707375 ] } },
{ "type": "Feature", "properties": { "osm_id": 547386341, "osm_type": "way", "amenity": "hospital", "name": "Yedikule Göğüs Hastalıkları ve Göğüs Cerrahisi Eğitim ve Araştırma Hastanesi" }, "geometry": { "type": "Point", "coordinates": [ 661076.954092968488112, 4540747.111399723216891 ] } },
{ "type": "Feature", "properties": { "osm_id": 547389353, "osm_type": "way", "amenity": "hospital", "name": "Diş Sağlık Merkezi" }, "geometry": { "type": "Point", "coordinates": [ 675624.382770785596222, 4551651.012846884317696 ] } },
{ "type": "Feature", "properties": { "osm_id": 547694063, "osm_type": "way", "amenity": "hospital", "name": "Bezmialem Üniversitesi İlhan Varank Yerleşkesi" }, "geometry": { "type": "Point", "coordinates": [ 656609.620501935482025, 4550975.471545200794935 ] } },
{ "type": "Feature", "properties": { "osm_id": 547749117, "osm_type": "way", "amenity": "clinic", "name": "Cemile Şevket Aile Sağlığı Merkezi" }, "geometry": { "type": "Point", "coordinates": [ 694660.531058887136169, 4521470.36312959715724 ] } },
{ "type": "Feature", "properties": { "osm_id": 547921297, "osm_type": "way", "amenity": "clinic", "name": "9 Nolu Acil Sağlık Hizmetleri İstasyonu" }, "geometry": { "type": "Point", "coordinates": [ 689322.817161517567001, 4530004.268601478077471 ] } },
{ "type": "Feature", "properties": { "osm_id": 548166396, "osm_type": "way", "amenity": "clinic", "name": "Bedri Akman Sağlık Ocağı" }, "geometry": { "type": "Point", "coordinates": [ 653718.943836685386486, 4554924.852330817840993 ] } },
{ "type": "Feature", "properties": { "osm_id": 548864118, "osm_type": "way", "amenity": "clinic", "name": "Çubuklu Sağlık Ocağı" }, "geometry": { "type": "Point", "coordinates": [ 674926.924825352383777, 4552433.794839094392955 ] } },
{ "type": "Feature", "properties": { "osm_id": 548962087, "osm_type": "way", "amenity": "clinic", "name": "İbn-i Sina Tıp Merkezi" }, "geometry": { "type": "Point", "coordinates": [ 677868.362010802142322, 4535116.365615089423954 ] } },
{ "type": "Feature", "properties": { "osm_id": 549952500, "osm_type": "way", "amenity": "clinic", "name": "Ümraniye 11 Nolu Aile Sağlığı Merkezi" }, "geometry": { "type": "Point", "coordinates": [ 678903.050678388564847, 4542881.131550420075655 ] } },
{ "type": "Feature", "properties": { "osm_id": 551910623, "osm_type": "way", "amenity": "hospital", "name": "Bahçeşehir Semt Polikliniği" }, "geometry": { "type": "Point", "coordinates": [ 641490.172054670401849, 4547059.821411540731788 ] } },
{ "type": "Feature", "properties": { "osm_id": 552108808, "osm_type": "way", "amenity": "clinic", "name": "Özel Bahçeşehir Sağlık Polikliniği" }, "geometry": { "type": "Point", "coordinates": [ 641968.279701989842579, 4547042.515741477720439 ] } },
{ "type": "Feature", "properties": { "osm_id": 552198295, "osm_type": "way", "amenity": "hospital", "name": "İstanbul Gaziosmanpaşa Eğitim ve Araştırma Hastanesi" }, "geometry": { "type": "Point", "coordinates": [ 659426.41029796958901, 4550091.425520973280072 ] } },
{ "type": "Feature", "properties": { "osm_id": 553818243, "osm_type": "way", "amenity": "hospital", "name": "Cemal Pamuk Aile Sağlığı Merkezi" }, "geometry": { "type": "Point", "coordinates": [ 650163.378605833044276, 4540196.79022207763046 ] } },
{ "type": "Feature", "properties": { "osm_id": 557981050, "osm_type": "way", "amenity": "clinic", "name": "Bayrampaşa Devlet Hastanesi Maltepe Semt Polikliniği" }, "geometry": { "type": "Point", "coordinates": [ 660917.046367395785637, 4543841.044225703924894 ] } },
{ "type": "Feature", "properties": { "osm_id": 558895625, "osm_type": "way", "amenity": "hospital", "name": "Sancaktepe Şehit Prof.Dr. İlhan Varank Eğitim Ve Araştırma Hastanesi" }, "geometry": { "type": "Point", "coordinates": [ 684696.917582781752571, 4541674.654037234373391 ] } },
{ "type": "Feature", "properties": { "osm_id": 559738938, "osm_type": "way", "amenity": "hospital", "name": "Haseki Eğitim Ve Araştırma Hastanesi" }, "geometry": { "type": "Point", "coordinates": [ 659715.670478672953323, 4541575.592890673317015 ] } },
{ "type": "Feature", "properties": { "osm_id": 560156032, "osm_type": "way", "amenity": "clinic", "name": "Zeytinburnu 9 No'lu Maltepe Aile Sağlığı Merkezi" }, "geometry": { "type": "Point", "coordinates": [ 660861.970651222392917, 4542605.048457918688655 ] } },
{ "type": "Feature", "properties": { "osm_id": 569772096, "osm_type": "way", "amenity": "hospital", "name": "Özel Safa Hastanesi" }, "geometry": { "type": "Point", "coordinates": [ 656143.851547236205079, 4542940.860667631030083 ] } },
{ "type": "Feature", "properties": { "osm_id": 570062551, "osm_type": "way", "amenity": "clinic", "name": "Göztepe Mahalle Konağı Ve Sağlık Ocağı" }, "geometry": { "type": "Point", "coordinates": [ 654312.424520817585289, 4546977.05273621249944 ] } },
{ "type": "Feature", "properties": { "osm_id": 571219884, "osm_type": "way", "amenity": "hospital", "name": "Özel Yaman Cerrahi Tıp Merkezi" }, "geometry": { "type": "Point", "coordinates": [ 653815.397374275838956, 4543412.91021631937474 ] } },
{ "type": "Feature", "properties": { "osm_id": 571346624, "osm_type": "way", "amenity": "clinic", "name": "Yıldıztepe Aile Sağliği Merkezi" }, "geometry": { "type": "Point", "coordinates": [ 655561.922120514325798, 4543085.737544728443027 ] } },
{ "type": "Feature", "properties": { "osm_id": 571360079, "osm_type": "way", "amenity": "hospital", "name": null }, "geometry": { "type": "Point", "coordinates": [ 655629.228035334148444, 4547944.512774443253875 ] } },
{ "type": "Feature", "properties": { "osm_id": 571771295, "osm_type": "way", "amenity": "clinic", "name": "Çamlık Tıp Merkezi" }, "geometry": { "type": "Point", "coordinates": [ 684693.4930810140213, 4542641.663485902361572 ] } },
{ "type": "Feature", "properties": { "osm_id": 571842136, "osm_type": "way", "amenity": "clinic", "name": "Samandıra Aile Sağlığı Merkezi" }, "geometry": { "type": "Point", "coordinates": [ 687317.705325840623118, 4539734.341874483972788 ] } },
{ "type": "Feature", "properties": { "osm_id": 572106520, "osm_type": "way", "amenity": "hospital", "name": "Özel Akkuş Ağız ve Diş Sağlığı Polikliniği" }, "geometry": { "type": "Point", "coordinates": [ 653576.711239584372379, 4544630.653590047731996 ] } },
{ "type": "Feature", "properties": { "osm_id": 572404518, "osm_type": "way", "amenity": "clinic", "name": "Bağcılar Ana Çocuk Sağlığı ve Aile Planlama Merkezi" }, "geometry": { "type": "Point", "coordinates": [ 655825.29806408029981, 4544933.373643889091909 ] } },
{ "type": "Feature", "properties": { "osm_id": 585881345, "osm_type": "way", "amenity": "clinic", "name": "Çekmeköy 1 Nolu Sağlık Ocağı" }, "geometry": { "type": "Point", "coordinates": [ 683935.855616081040353, 4542785.747721729800105 ] } },
{ "type": "Feature", "properties": { "osm_id": 586993225, "osm_type": "way", "amenity": "clinic", "name": "İhlas Marmara Evleri Aile Sağlığı Merkezi" }, "geometry": { "type": "Point", "coordinates": [ 639482.788746077450924, 4538353.830194482579827 ] } },
{ "type": "Feature", "properties": { "osm_id": 590605748, "osm_type": "way", "amenity": "hospital", "name": "Gaziosmanpaşa Fizik Tedavi Rehabilitasyon Eğitim ve Araştırma Hastanesi" }, "geometry": { "type": "Point", "coordinates": [ 660280.926005424000323, 4550400.386485740542412 ] } },
{ "type": "Feature", "properties": { "osm_id": 593180276, "osm_type": "way", "amenity": "clinic", "name": "Aile Sağlığı Merkezi" }, "geometry": { "type": "Point", "coordinates": [ 649535.629310565651394, 4548865.087335485965014 ] } },
{ "type": "Feature", "properties": { "osm_id": 597167817, "osm_type": "way", "amenity": "hospital", "name": "Beykoz Devlet Hastanesi" }, "geometry": { "type": "Point", "coordinates": [ 676153.72316858463455, 4553935.028043637983501 ] } },
{ "type": "Feature", "properties": { "osm_id": 615858599, "osm_type": "way", "amenity": "clinic", "name": "Sarıyer 4 Nolu Acil Sağlık Hizmetleri İstasyonu" }, "geometry": { "type": "Point", "coordinates": [ 669847.119446284836158, 4555954.925385502167046 ] } },
{ "type": "Feature", "properties": { "osm_id": 623349547, "osm_type": "way", "amenity": "clinic", "name": "Tuzla 4 Nolu Aile Sağlığı Merkezi" }, "geometry": { "type": "Point", "coordinates": [ 697312.902258848655038, 4526390.393448363989592 ] } },
{ "type": "Feature", "properties": { "osm_id": 630160181, "osm_type": "way", "amenity": "hospital", "name": "Tuzla Devlet Hastanesi" }, "geometry": { "type": "Point", "coordinates": [ 694169.860262574395165, 4524036.248088326305151 ] } },
{ "type": "Feature", "properties": { "osm_id": 647453125, "osm_type": "way", "amenity": "hospital", "name": "Yakacık Tıp Merkezi" }, "geometry": { "type": "Point", "coordinates": [ 687304.140732934582047, 4532265.942521767690778 ] } },
{ "type": "Feature", "properties": { "osm_id": 651758747, "osm_type": "way", "amenity": "hospital", "name": "İstinye Devlet Hastanesi" }, "geometry": { "type": "Point", "coordinates": [ 672596.105924845440313, 4553574.938884312286973 ] } },
{ "type": "Feature", "properties": { "osm_id": 651758748, "osm_type": "way", "amenity": "hospital", "name": "İstinye Devlet Hastanesi" }, "geometry": { "type": "Point", "coordinates": [ 672567.556354010244831, 4553559.057753855362535 ] } },
{ "type": "Feature", "properties": { "osm_id": 652478243, "osm_type": "way", "amenity": "hospital", "name": "Okan Üniversitesi Diş Hastanesi" }, "geometry": { "type": "Point", "coordinates": [ 693996.067702695494518, 4525668.495614417828619 ] } },
{ "type": "Feature", "properties": { "osm_id": 656940377, "osm_type": "way", "amenity": "hospital", "name": "Bolluca Sağlık Ocağı" }, "geometry": { "type": "Point", "coordinates": [ 647767.931258388794959, 4562454.422328852117062 ] } },
{ "type": "Feature", "properties": { "osm_id": 657571797, "osm_type": "way", "amenity": "clinic", "name": "Kozyatağı Aile Sağlığı Merkezi" }, "geometry": { "type": "Point", "coordinates": [ 676286.65624149760697, 4537717.154166930355132 ] } },
{ "type": "Feature", "properties": { "osm_id": 660120597, "osm_type": "way", "amenity": "hospital", "name": "Okan Üniversitesi Hastanesi" }, "geometry": { "type": "Point", "coordinates": [ 694039.43385369470343, 4524573.557719199918211 ] } },
{ "type": "Feature", "properties": { "osm_id": 660126546, "osm_type": "way", "amenity": "hospital", "name": "Tuzla Termal Tesisleri" }, "geometry": { "type": "Point", "coordinates": [ 693442.827055382309482, 4524070.407557989470661 ] } },
{ "type": "Feature", "properties": { "osm_id": 660127082, "osm_type": "way", "amenity": "hospital", "name": "Özel Gisbir Hastanesi" }, "geometry": { "type": "Point", "coordinates": [ 693415.073149217991158, 4524376.804538798518479 ] } },
{ "type": "Feature", "properties": { "osm_id": 660368299, "osm_type": "way", "amenity": "hospital", "name": "Büyükçekmece Mimar Sinan Devlet Hastanesi" }, "geometry": { "type": "Point", "coordinates": [ 630761.773697781376541, 4541820.958817886188626 ] } },
{ "type": "Feature", "properties": { "osm_id": 661794147, "osm_type": "way", "amenity": "clinic", "name": "Mimarsinan Şifa Semt Polikliniği" }, "geometry": { "type": "Point", "coordinates": [ 699055.938326510949992, 4523338.281869514845312 ] } },
{ "type": "Feature", "properties": { "osm_id": 662046599, "osm_type": "way", "amenity": "clinic", "name": "Türk Kalp Vakfı" }, "geometry": { "type": "Point", "coordinates": [ 667400.150438587763347, 4547217.583787040784955 ] } },
{ "type": "Feature", "properties": { "osm_id": 662096621, "osm_type": "way", "amenity": "clinic", "name": "Birlik Sağlık Ocağı" }, "geometry": { "type": "Point", "coordinates": [ 680849.36696017102804, 4542466.198028195649385 ] } },
{ "type": "Feature", "properties": { "osm_id": 667625955, "osm_type": "way", "amenity": "hospital", "name": "İstanbul Florence Nightingale Hastanesi" }, "geometry": { "type": "Point", "coordinates": [ 666685.091989764710888, 4548375.114599761553109 ] } },
{ "type": "Feature", "properties": { "osm_id": 673444197, "osm_type": "way", "amenity": "hospital", "name": "Lokman Hekim Hastanesi" }, "geometry": { "type": "Point", "coordinates": [ 692917.363696450483985, 4532988.065456802025437 ] } },
{ "type": "Feature", "properties": { "osm_id": 674355322, "osm_type": "way", "amenity": "clinic", "name": "Pendik Devlet Hastanesi Pendik Toplum Ruh Sağlığı Merkezi" }, "geometry": { "type": "Point", "coordinates": [ 686987.549617692595348, 4528666.316350368782878 ] } },
{ "type": "Feature", "properties": { "osm_id": 675322084, "osm_type": "way", "amenity": "clinic", "name": "Şerife Baldöktü Aile Sağlığı Merkezi" }, "geometry": { "type": "Point", "coordinates": [ 605581.850915357703343, 4548206.538348293863237 ] } },
{ "type": "Feature", "properties": { "osm_id": 675322085, "osm_type": "way", "amenity": "clinic", "name": "Onur Diyaliz Merkezi" }, "geometry": { "type": "Point", "coordinates": [ 605552.780160524649546, 4548237.953826694749296 ] } },
{ "type": "Feature", "properties": { "osm_id": 677084269, "osm_type": "way", "amenity": "clinic", "name": null }, "geometry": { "type": "Point", "coordinates": [ 694281.529879208770581, 4532221.839297283440828 ] } },
{ "type": "Feature", "properties": { "osm_id": 683648033, "osm_type": "way", "amenity": "clinic", "name": "Ömer Hekim Aile Sağlığı Merkezi" }, "geometry": { "type": "Point", "coordinates": [ 687941.584327989839949, 4526979.527792909182608 ] } },
{ "type": "Feature", "properties": { "osm_id": 684465694, "osm_type": "way", "amenity": "hospital", "name": "Marmara Üniversitesi Prof. Dr. Asaf Ataseven Hastanesi" }, "geometry": { "type": "Point", "coordinates": [ 679970.681451319600455, 4535476.391533757559955 ] } },
{ "type": "Feature", "properties": { "osm_id": 684465700, "osm_type": "way", "amenity": "hospital", "name": null }, "geometry": { "type": "Point", "coordinates": [ 680036.588824979611672, 4535319.040451880544424 ] } },
{ "type": "Feature", "properties": { "osm_id": 684465701, "osm_type": "way", "amenity": "hospital", "name": null }, "geometry": { "type": "Point", "coordinates": [ 680078.678606406319886, 4535316.182863510213792 ] } },
{ "type": "Feature", "properties": { "osm_id": 684621563, "osm_type": "way", "amenity": "clinic", "name": "Gürsel Mehmet Özçivici Aile Sağlığı Merkezi" }, "geometry": { "type": "Point", "coordinates": [ 689003.189429927384481, 4528864.804043148644269 ] } },
{ "type": "Feature", "properties": { "osm_id": 684927956, "osm_type": "way", "amenity": "hospital", "name": "VM Medical Park Pendik" }, "geometry": { "type": "Point", "coordinates": [ 690126.02376957074739, 4527957.087472388520837 ] } },
{ "type": "Feature", "properties": { "osm_id": 685592731, "osm_type": "way", "amenity": "clinic", "name": "Güllübağlar Aile Sağlığı Merkezi" }, "geometry": { "type": "Point", "coordinates": [ 691821.954517966136336, 4529342.805499014444649 ] } },
{ "type": "Feature", "properties": { "osm_id": 686139099, "osm_type": "way", "amenity": "clinic", "name": "Kavakpınar 2 Nolu Aile Sağlığı Merkezi" }, "geometry": { "type": "Point", "coordinates": [ 692106.459681734442711, 4527983.753907540813088 ] } },
{ "type": "Feature", "properties": { "osm_id": 686252217, "osm_type": "way", "amenity": "hospital", "name": "Özel Pendik Yüzyıl Hastanesi" }, "geometry": { "type": "Point", "coordinates": [ 690532.455781208002008, 4527813.91531995870173 ] } },
{ "type": "Feature", "properties": { "osm_id": 686300571, "osm_type": "way", "amenity": "clinic", "name": "Çamçeşme Aile Sağlığı Merkezi" }, "geometry": { "type": "Point", "coordinates": [ 691382.486958875670098, 4527756.13281312584877 ] } },
{ "type": "Feature", "properties": { "osm_id": 690523111, "osm_type": "way", "amenity": "clinic", "name": "Sülüntepe Aile Sağlığı Merkezi" }, "geometry": { "type": "Point", "coordinates": [ 692287.117227929760702, 4531763.189986257813871 ] } },
{ "type": "Feature", "properties": { "osm_id": 691996334, "osm_type": "way", "amenity": "clinic", "name": "Yenişehir Aile Sağlığı Merkezi" }, "geometry": { "type": "Point", "coordinates": [ 694791.985864518093877, 4533921.551445099525154 ] } },
{ "type": "Feature", "properties": { "osm_id": 693286301, "osm_type": "way", "amenity": "clinic", "name": "Cemre Ağız ve Diş Sağlığı Polikliniği" }, "geometry": { "type": "Point", "coordinates": [ 688395.936547995661385, 4527654.039485255256295 ] } },
{ "type": "Feature", "properties": { "osm_id": 695774565, "osm_type": "way", "amenity": "hospital", "name": "Kurtköy Ersoy Hastanesi" }, "geometry": { "type": "Point", "coordinates": [ 693535.205954424571246, 4531377.418041629716754 ] } },
{ "type": "Feature", "properties": { "osm_id": 707608856, "osm_type": "way", "amenity": "hospital", "name": "Yeditepe Üniversitesi İhtisas Hastanesi" }, "geometry": { "type": "Point", "coordinates": [ 670828.420570249436423, 4541199.10453936457634 ] } },
{ "type": "Feature", "properties": { "osm_id": 712549430, "osm_type": "way", "amenity": "clinic", "name": "T.C. Sağlık Bakanlığı Fındıklı Aile Sağlığı Merkezi" }, "geometry": { "type": "Point", "coordinates": [ 679149.990349967381917, 4537654.226441188715398 ] } },
{ "type": "Feature", "properties": { "osm_id": 719465669, "osm_type": "way", "amenity": "hospital", "name": "Medicana Ataşehir Hastanesi" }, "geometry": { "type": "Point", "coordinates": [ 677251.460062193335034, 4539068.306896526366472 ] } },
{ "type": "Feature", "properties": { "osm_id": 722326781, "osm_type": "way", "amenity": "hospital", "name": "Maltepe Altayçeşme Devlet Hastanesi" }, "geometry": { "type": "Point", "coordinates": [ 679733.142858313745819, 4533943.831851644441485 ] } },
{ "type": "Feature", "properties": { "osm_id": 722328515, "osm_type": "way", "amenity": "hospital", "name": "Ersoy Hastanesi" }, "geometry": { "type": "Point", "coordinates": [ 679719.147053595981561, 4533530.407466020435095 ] } },
{ "type": "Feature", "properties": { "osm_id": 724706779, "osm_type": "way", "amenity": "hospital", "name": "Özel Baypark Hospital" }, "geometry": { "type": "Point", "coordinates": [ 658894.834877129411325, 4547476.0719700967893 ] } },
{ "type": "Feature", "properties": { "osm_id": 725152504, "osm_type": "way", "amenity": "hospital", "name": "Mehmet Toprak Hastanesi" }, "geometry": { "type": "Point", "coordinates": [ 680682.386781683773734, 4531783.126388375647366 ] } },
{ "type": "Feature", "properties": { "osm_id": 725154734, "osm_type": "way", "amenity": "hospital", "name": "Medical Park İstanbul Onkoloji Hastanesi" }, "geometry": { "type": "Point", "coordinates": [ 681345.224769723950885, 4532377.005134711973369 ] } },
{ "type": "Feature", "properties": { "osm_id": 725375993, "osm_type": "way", "amenity": "clinic", "name": "Ataşehir Belediyesi Kadın Sağlığı ve Mamografi Merkezi" }, "geometry": { "type": "Point", "coordinates": [ 678753.854521902510896, 4538396.140902417711914 ] } },
{ "type": "Feature", "properties": { "osm_id": 725395862, "osm_type": "way", "amenity": "hospital", "name": "Özel Medicine Hospital Güneşli" }, "geometry": { "type": "Point", "coordinates": [ 654554.085247578797862, 4543732.217107177712023 ] } },
{ "type": "Feature", "properties": { "osm_id": 725976455, "osm_type": "way", "amenity": "hospital", "name": "Yavuz Selim Devlet Hastanesi Poliklinikleri" }, "geometry": { "type": "Point", "coordinates": [ 685685.13841700530611, 4530171.906149572692811 ] } },
{ "type": "Feature", "properties": { "osm_id": 728125275, "osm_type": "way", "amenity": "hospital", "name": "Dünyagöz" }, "geometry": { "type": "Point", "coordinates": [ 677624.887142756953835, 4539171.448908434249461 ] } },
{ "type": "Feature", "properties": { "osm_id": 728955333, "osm_type": "way", "amenity": "clinic", "name": "Çekmeköy 4 Nolu Aile Sağlığı Merkezi" }, "geometry": { "type": "Point", "coordinates": [ 690202.486277018557303, 4545578.200666096061468 ] } },
{ "type": "Feature", "properties": { "osm_id": 730650358, "osm_type": "way", "amenity": "clinic", "name": "Karadeniz Aile Sağlığı Merkezi" }, "geometry": { "type": "Point", "coordinates": [ 658126.353664602618665, 4549619.152778040617704 ] } },
{ "type": "Feature", "properties": { "osm_id": 732697418, "osm_type": "way", "amenity": "hospital", "name": "Moodist Psikiyatri ve Nöroloji Hastanesi" }, "geometry": { "type": "Point", "coordinates": [ 672694.390571268042549, 4541048.528013117611408 ] } },
{ "type": "Feature", "properties": { "osm_id": 732839951, "osm_type": "way", "amenity": "hospital", "name": "Acıbadem Ataşehir Hastanesi" }, "geometry": { "type": "Point", "coordinates": [ 678898.599549664533697, 4540299.521229784935713 ] } },
{ "type": "Feature", "properties": { "osm_id": 732957990, "osm_type": "way", "amenity": "clinic", "name": "Esenkent Aile Sağlığı Merkezi" }, "geometry": { "type": "Point", "coordinates": [ 682665.440135847427882, 4533352.803495405241847 ] } },
{ "type": "Feature", "properties": { "osm_id": 733034117, "osm_type": "way", "amenity": "hospital", "name": "112 Acil Anadolu Komuta Kontrol Merkezi" }, "geometry": { "type": "Point", "coordinates": [ 670749.120225072605535, 4541585.004769770428538 ] } },
{ "type": "Feature", "properties": { "osm_id": 733808410, "osm_type": "way", "amenity": "clinic", "name": "Tepe Aile Sağlığı Merkezi" }, "geometry": { "type": "Point", "coordinates": [ 682131.191889001987875, 4535594.60990396887064 ] } },
{ "type": "Feature", "properties": { "osm_id": 738861681, "osm_type": "way", "amenity": "clinic", "name": "Zehra Mustafa Yüksel Mamografi ve Kadın Sağlığı Merkezi" }, "geometry": { "type": "Point", "coordinates": [ 673405.371407978702337, 4539536.817553203552961 ] } },
{ "type": "Feature", "properties": { "osm_id": 739530661, "osm_type": "way", "amenity": "clinic", "name": "Arnavutköy Cavit Beşkardeş Aile Sağlığı Merkezi" }, "geometry": { "type": "Point", "coordinates": [ 642968.324599375831895, 4563221.633172092027962 ] } },
{ "type": "Feature", "properties": { "osm_id": 740815393, "osm_type": "way", "amenity": "hospital", "name": "Ataşehir Ağız ve Diş Sağlığı Hastanesi" }, "geometry": { "type": "Point", "coordinates": [ 677414.472467250889167, 4539865.708577048964798 ] } },
{ "type": "Feature", "properties": { "osm_id": 740980670, "osm_type": "way", "amenity": "clinic", "name": "Başakşehir 14 Nolu Aile Sağlığı Merkezi" }, "geometry": { "type": "Point", "coordinates": [ 648026.066860639257357, 4551313.872506481595337 ] } },
{ "type": "Feature", "properties": { "osm_id": 741201941, "osm_type": "way", "amenity": "clinic", "name": "Başakşehir 15 Nolu Aile Sağlığı Merkezi" }, "geometry": { "type": "Point", "coordinates": [ 648636.580756918527186, 4552017.936967335641384 ] } },
{ "type": "Feature", "properties": { "osm_id": 745713352, "osm_type": "way", "amenity": "hospital", "name": "Acıbadem Ataşehir Cerrahi Tıp Merkezi" }, "geometry": { "type": "Point", "coordinates": [ 677388.071582425502129, 4539300.260943898931146 ] } },
{ "type": "Feature", "properties": { "osm_id": 764227427, "osm_type": "way", "amenity": "hospital", "name": "Acıbadem Bahçeşehir Hastanesi" }, "geometry": { "type": "Point", "coordinates": [ 641864.508559284731746, 4547087.250486930832267 ] } },
{ "type": "Feature", "properties": { "osm_id": 765948693, "osm_type": "way", "amenity": "hospital", "name": "Medicana Çamlıca Hastanesi" }, "geometry": { "type": "Point", "coordinates": [ 675162.10836507868953, 4543591.160143723711371 ] } },
{ "type": "Feature", "properties": { "osm_id": 765948703, "osm_type": "way", "amenity": "hospital", "name": "Medicana" }, "geometry": { "type": "Point", "coordinates": [ 675086.76758916687686, 4543544.539291094988585 ] } },
{ "type": "Feature", "properties": { "osm_id": 775984642, "osm_type": "way", "amenity": "hospital", "name": "Özel İlke Hastanesi" }, "geometry": { "type": "Point", "coordinates": [ 654323.441573528689332, 4540115.11117429099977 ] } },
{ "type": "Feature", "properties": { "osm_id": 776720292, "osm_type": "way", "amenity": "hospital", "name": "Ataköy Hastanesi" }, "geometry": { "type": "Point", "coordinates": [ 654822.145791131770238, 4539559.423539532348514 ] } },
{ "type": "Feature", "properties": { "osm_id": 783825050, "osm_type": "way", "amenity": "hospital", "name": "Sultantepe ASM" }, "geometry": { "type": "Point", "coordinates": [ 669912.091493873507716, 4543875.347942367196083 ] } },
{ "type": "Feature", "properties": { "osm_id": 785092798, "osm_type": "way", "amenity": "hospital", "name": "Taksim Eğitim ve Araştırma Hastanesi" }, "geometry": { "type": "Point", "coordinates": [ 666705.70649148710072, 4544324.920828802511096 ] } },
{ "type": "Feature", "properties": { "osm_id": 785629895, "osm_type": "way", "amenity": "clinic", "name": "Ümraniye 17 Nolu Aile Sağlığı Merkezi" }, "geometry": { "type": "Point", "coordinates": [ 679850.813314405851997, 4541815.757835254073143 ] } },
{ "type": "Feature", "properties": { "osm_id": 785704771, "osm_type": "way", "amenity": "clinic", "name": "Hırka-i Şerif Aile Sağlığı Merkezi" }, "geometry": { "type": "Point", "coordinates": [ 663019.060190656920895, 4542945.768638825975358 ] } },
{ "type": "Feature", "properties": { "osm_id": 785705203, "osm_type": "way", "amenity": "hospital", "name": "Beykoz Devlet Hastanesi Toplum Ruh Sağlığı Merkezi" }, "geometry": { "type": "Point", "coordinates": [ 675657.20607175398618, 4557956.928518721833825 ] } },
{ "type": "Feature", "properties": { "osm_id": 793003829, "osm_type": "way", "amenity": "hospital", "name": "Başakşehir Çam ve Sakura Şehir Hastanesi" }, "geometry": { "type": "Point", "coordinates": [ 649167.222068317583762, 4551881.088167565874755 ] } },
{ "type": "Feature", "properties": { "osm_id": 795928682, "osm_type": "way", "amenity": "clinic", "name": "Hüseyin Araç Aile Sağlığı Merkezi" }, "geometry": { "type": "Point", "coordinates": [ 683710.281744019244798, 4529539.581476255320013 ] } },
{ "type": "Feature", "properties": { "osm_id": 795931539, "osm_type": "way", "amenity": "hospital", "name": "Özel Avrupa Tıp Merkezi" }, "geometry": { "type": "Point", "coordinates": [ 641674.48983171407599, 4542978.307148914784193 ] } },
{ "type": "Feature", "properties": { "osm_id": 796911657, "osm_type": "way", "amenity": "clinic", "name": "Esenler 1 No'lu Göçmen Sağlığı Merkezi" }, "geometry": { "type": "Point", "coordinates": [ 657356.846846936619841, 4546501.190901816822588 ] } },
{ "type": "Feature", "properties": { "osm_id": 797481586, "osm_type": "way", "amenity": "hospital", "name": "SBÜ Bağcılar Eğitim ve Araştırma Hastanesi Güneşli Semt Polikliniğ" }, "geometry": { "type": "Point", "coordinates": [ 654018.519299751613289, 4544332.619792660698295 ] } },
{ "type": "Feature", "properties": { "osm_id": 799074096, "osm_type": "way", "amenity": "hospital", "name": "Mehmet Remzi Önecek Aile Sağlığı Merkezi" }, "geometry": { "type": "Point", "coordinates": [ 640483.786107553285547, 4544610.087994450703263 ] } },
{ "type": "Feature", "properties": { "osm_id": 799085942, "osm_type": "way", "amenity": "clinic", "name": "Silivri Merkez 2 Aile Sağlığı Merkezi" }, "geometry": { "type": "Point", "coordinates": [ 605266.960623208899051, 4547103.833315543830395 ] } },
{ "type": "Feature", "properties": { "osm_id": 801405982, "osm_type": "way", "amenity": "hospital", "name": "Teke Köyü Sağlık Evi" }, "geometry": { "type": "Point", "coordinates": [ 723898.316482444643043, 4549820.598580878227949 ] } },
{ "type": "Feature", "properties": { "osm_id": 802070571, "osm_type": "way", "amenity": "clinic", "name": "Kocasinan Aile Sagligi Merkezi" }, "geometry": { "type": "Point", "coordinates": [ 654344.062211552751251, 4542016.118072461336851 ] } },
{ "type": "Feature", "properties": { "osm_id": 802954210, "osm_type": "way", "amenity": "clinic", "name": "Sırapınar İlyas Cebir Aile Sağlığı Merkezi" }, "geometry": { "type": "Point", "coordinates": [ 695481.588903939817101, 4552582.3650745106861 ] } },
{ "type": "Feature", "properties": { "osm_id": 804028921, "osm_type": "way", "amenity": "hospital", "name": "Sancaktepe Prof. Dr. Feriha Öz Acil Durum Hastanesi" }, "geometry": { "type": "Point", "coordinates": [ 685919.563000878784806, 4541134.328314363956451 ] } },
{ "type": "Feature", "properties": { "osm_id": 804508692, "osm_type": "way", "amenity": "hospital", "name": "Kartal Dr Lütfi Kırdar Eğitim ve Araştırma Hastane Polİklİnİklerİ" }, "geometry": { "type": "Point", "coordinates": [ 682819.786309280316345, 4531815.224156363867223 ] } },
{ "type": "Feature", "properties": { "osm_id": 812676140, "osm_type": "way", "amenity": "clinic", "name": "Yakacık Aile Sağlığı Merkezi" }, "geometry": { "type": "Point", "coordinates": [ 687412.131937329424545, 4532110.884728873148561 ] } },
{ "type": "Feature", "properties": { "osm_id": 822871645, "osm_type": "way", "amenity": "clinic", "name": "Beşiktaş 4 Nolu Acil Sağlık Hizmetleri İstasyonu" }, "geometry": { "type": "Point", "coordinates": [ 669187.968298788298853, 4545568.812506611458957 ] } },
{ "type": "Feature", "properties": { "osm_id": 824445056, "osm_type": "way", "amenity": "clinic", "name": "Beylikdüzü 5 No'lu Aile Sağlığı Merkezi" }, "geometry": { "type": "Point", "coordinates": [ 635984.838723540538922, 4538493.792234968394041 ] } },
{ "type": "Feature", "properties": { "osm_id": 824867873, "osm_type": "way", "amenity": "hospital", "name": "İstanbul Fizik Tedavi ve Rehabilitasyon Eğitim Ve Araştırma Hastanesi" }, "geometry": { "type": "Point", "coordinates": [ 655990.373062164173461, 4539890.445431015454233 ] } },
{ "type": "Feature", "properties": { "osm_id": 824944376, "osm_type": "way", "amenity": "hospital", "name": "Sarıyer İsmail Akgün Devlet Hastanesi" }, "geometry": { "type": "Point", "coordinates": [ 672532.827934390632436, 4559605.300921981222928 ] } },
{ "type": "Feature", "properties": { "osm_id": 824952064, "osm_type": "way", "amenity": "clinic", "name": null }, "geometry": { "type": "Point", "coordinates": [ 691680.278216360136867, 4539563.147655428387225 ] } },
{ "type": "Feature", "properties": { "osm_id": 824958769, "osm_type": "way", "amenity": "hospital", "name": null }, "geometry": { "type": "Point", "coordinates": [ 640407.940998286940157, 4539385.898191874846816 ] } },
{ "type": "Feature", "properties": { "osm_id": 824979869, "osm_type": "way", "amenity": "hospital", "name": null }, "geometry": { "type": "Point", "coordinates": [ 677630.844012909103185, 4539430.553841226734221 ] } },
{ "type": "Feature", "properties": { "osm_id": 835441947, "osm_type": "way", "amenity": "hospital", "name": "Büyük Çavuşlu Aile Sağlığı Mer. (Medical Clinic)" }, "geometry": { "type": "Point", "coordinates": [ 589201.983253461308777, 4565849.332925569266081 ] } },
{ "type": "Feature", "properties": { "osm_id": 836363002, "osm_type": "way", "amenity": "hospital", "name": "Silivri Kolan Hastanesi" }, "geometry": { "type": "Point", "coordinates": [ 605722.26525421149563, 4547521.628774305805564 ] } },
{ "type": "Feature", "properties": { "osm_id": 836676030, "osm_type": "way", "amenity": "hospital", "name": "Acıbadem Dr. Şinasi Can (Kadıköy) Hastanesi" }, "geometry": { "type": "Point", "coordinates": [ 671798.664246478350833, 4541562.008281515911222 ] } },
{ "type": "Feature", "properties": { "osm_id": 838436357, "osm_type": "way", "amenity": "hospital", "name": "Yedikule Surp Pırgiç Ermeni Hastanesi" }, "geometry": { "type": "Point", "coordinates": [ 661107.361172750708647, 4539847.098580738529563 ] } },
{ "type": "Feature", "properties": { "osm_id": 853280571, "osm_type": "way", "amenity": "hospital", "name": null }, "geometry": { "type": "Point", "coordinates": [ 695341.263678606133908, 4522727.253670911304653 ] } },
{ "type": "Feature", "properties": { "osm_id": 857729235, "osm_type": "way", "amenity": "hospital", "name": "Özel Cenk Teker Tıp Merkezi" }, "geometry": { "type": "Point", "coordinates": [ 605516.8824290180346, 4548266.195300718769431 ] } },
{ "type": "Feature", "properties": { "osm_id": 866653469, "osm_type": "way", "amenity": "hospital", "name": "AsMed" }, "geometry": { "type": "Point", "coordinates": [ 677990.32209908880759, 4540036.77215560991317 ] } },
{ "type": "Feature", "properties": { "osm_id": 866786285, "osm_type": "way", "amenity": "hospital", "name": "Ataşehir Florence Nightingale" }, "geometry": { "type": "Point", "coordinates": [ 677439.994665727484971, 4539184.454050853848457 ] } },
{ "type": "Feature", "properties": { "osm_id": 866786287, "osm_type": "way", "amenity": "hospital", "name": "Özel Ataşehir Florence Nightingale Hastanesi" }, "geometry": { "type": "Point", "coordinates": [ 677397.367087386664934, 4539208.840638498775661 ] } },
{ "type": "Feature", "properties": { "osm_id": 866786288, "osm_type": "way", "amenity": "hospital", "name": "Esthetica" }, "geometry": { "type": "Point", "coordinates": [ 677500.05417066370137, 4539255.244116250425577 ] } },
{ "type": "Feature", "properties": { "osm_id": 868995487, "osm_type": "way", "amenity": "hospital", "name": "Beykent Üniversitesi Hastanesi" }, "geometry": { "type": "Point", "coordinates": [ 636734.745198071934283, 4541978.203478916548193 ] } },
{ "type": "Feature", "properties": { "osm_id": 870841532, "osm_type": "way", "amenity": "clinic", "name": "Toki Sağlık Ocağı" }, "geometry": { "type": "Point", "coordinates": [ 660052.153063001576811, 4550055.486651771701872 ] } },
{ "type": "Feature", "properties": { "osm_id": 874049400, "osm_type": "way", "amenity": "clinic", "name": "Çeltik Köyü Sağlık Evi" }, "geometry": { "type": "Point", "coordinates": [ 593655.325276535237208, 4551695.644205764867365 ] } },
{ "type": "Feature", "properties": { "osm_id": 874072129, "osm_type": "way", "amenity": "clinic", "name": "Şifa Semt İbrahim Doğan Aile Sağlığı Merkezi" }, "geometry": { "type": "Point", "coordinates": [ 699138.049270285875537, 4523005.993492070585489 ] } },
{ "type": "Feature", "properties": { "osm_id": 874074241, "osm_type": "way", "amenity": "clinic", "name": "Şile Devlet Hastanesi Ağva Semt Polikliniği" }, "geometry": { "type": "Point", "coordinates": [ 739706.256380518083461, 4557926.684199705719948 ] } },
{ "type": "Feature", "properties": { "osm_id": 874083251, "osm_type": "way", "amenity": "clinic", "name": "Başıbüyük Aile Sağlığı Merkezi" }, "geometry": { "type": "Point", "coordinates": [ 680807.267238104483113, 4536303.468452984467149 ] } },
{ "type": "Feature", "properties": { "osm_id": 874096575, "osm_type": "way", "amenity": "clinic", "name": "Hikmet Büyükkuşoğlu Aile Sağlığı Merkezi" }, "geometry": { "type": "Point", "coordinates": [ 671810.12893758318387, 4550504.706402123905718 ] } },
{ "type": "Feature", "properties": { "osm_id": 874103265, "osm_type": "way", "amenity": "clinic", "name": "Tahtakale Aile Sağlığı Merkezi" }, "geometry": { "type": "Point", "coordinates": [ 645148.169049172545783, 4546894.715844942256808 ] } },
{ "type": "Feature", "properties": { "osm_id": 874112239, "osm_type": "way", "amenity": "clinic", "name": "Yayla Asef Çoban Aile Sağlığı Merkezi" }, "geometry": { "type": "Point", "coordinates": [ 655416.643340353388339, 4556900.910226958803833 ] } },
{ "type": "Feature", "properties": { "osm_id": 874133378, "osm_type": "way", "amenity": "clinic", "name": "İBB Evde Sağlık Hizmetleri" }, "geometry": { "type": "Point", "coordinates": [ 662060.75829526653979, 4543852.675013726577163 ] } },
{ "type": "Feature", "properties": { "osm_id": 874138843, "osm_type": "way", "amenity": "clinic", "name": "Tuna Aile Sağlığı Merkezi" }, "geometry": { "type": "Point", "coordinates": [ 656328.178907045745291, 4546013.084551055915654 ] } },
{ "type": "Feature", "properties": { "osm_id": 874167497, "osm_type": "way", "amenity": "clinic", "name": "Binkılıç Aile Sağlığı Merkezi" }, "geometry": { "type": "Point", "coordinates": [ 599008.005604866077192, 4585024.261435744352639 ] } },
{ "type": "Feature", "properties": { "osm_id": 874170009, "osm_type": "way", "amenity": "clinic", "name": "11 No'lu Acil Sağlık Hizmetleri İstasyonu" }, "geometry": { "type": "Point", "coordinates": [ 670204.612784865428694, 4540744.775241096504033 ] } },
{ "type": "Feature", "properties": { "osm_id": 874170903, "osm_type": "way", "amenity": "clinic", "name": "Özel Kadıoğlu Hastanesi" }, "geometry": { "type": "Point", "coordinates": [ 667600.824063013889827, 4547654.309707685373724 ] } },
{ "type": "Feature", "properties": { "osm_id": 874180871, "osm_type": "way", "amenity": "clinic", "name": "Türk Kızılayı Kartal Şubesi" }, "geometry": { "type": "Point", "coordinates": [ 681983.366339550004341, 4530526.135451346635818 ] } },
{ "type": "Feature", "properties": { "osm_id": 875444479, "osm_type": "way", "amenity": "clinic", "name": "İshaklı Sağlık Evi" }, "geometry": { "type": "Point", "coordinates": [ 693504.817578908405267, 4556636.46537509188056 ] } },
{ "type": "Feature", "properties": { "osm_id": 875458191, "osm_type": "way", "amenity": "clinic", "name": "Ambarlı Aile Sağlığı Merkezi" }, "geometry": { "type": "Point", "coordinates": [ 644373.99760574020911, 4537188.699248142540455 ] } },
{ "type": "Feature", "properties": { "osm_id": 875464982, "osm_type": "way", "amenity": "clinic", "name": "Arnavutköy Vefa Aile Sağlığı Merkezi" }, "geometry": { "type": "Point", "coordinates": [ 635274.846604841994122, 4560531.753183926455677 ] } },
{ "type": "Feature", "properties": { "osm_id": 875480790, "osm_type": "way", "amenity": "clinic", "name": "Fevzi Çakmak Aile Sağlığı Merkezi" }, "geometry": { "type": "Point", "coordinates": [ 653924.208935355301946, 4540732.55689200386405 ] } },
{ "type": "Feature", "properties": { "osm_id": 880806742, "osm_type": "way", "amenity": "hospital", "name": "Özel Kudret Göz Hastanesi" }, "geometry": { "type": "Point", "coordinates": [ 670986.725611241301522, 4540540.622503344900906 ] } },
{ "type": "Feature", "properties": { "osm_id": 886393776, "osm_type": "way", "amenity": "hospital", "name": "Çağıner Hastanesi" }, "geometry": { "type": "Point", "coordinates": [ 672016.856476028333418, 4540350.154415435157716 ] } },
{ "type": "Feature", "properties": { "osm_id": 888102607, "osm_type": "way", "amenity": "hospital", "name": "Haydarpaşa Numune Hastanesi Ünalan Ek Hizmet Binası" }, "geometry": { "type": "Point", "coordinates": [ 673686.406419432722032, 4540503.458769291639328 ] } },
{ "type": "Feature", "properties": { "osm_id": 904878104, "osm_type": "way", "amenity": "clinic", "name": "Subaşı Aile Sağlığı Merkezi" }, "geometry": { "type": "Point", "coordinates": [ 621995.97804021963384, 4564370.054988178424537 ] } },
{ "type": "Feature", "properties": { "osm_id": 905367956, "osm_type": "way", "amenity": "hospital", "name": "Küçükçekmece Ağız ve Diş Sağlığı Merkezi" }, "geometry": { "type": "Point", "coordinates": [ 650520.418741490924731, 4542721.366090494208038 ] } },
{ "type": "Feature", "properties": { "osm_id": 906601317, "osm_type": "way", "amenity": "hospital", "name": "Sultangazi Haseki Eğitim ve Araştırma Hastanesi" }, "geometry": { "type": "Point", "coordinates": [ 657286.420090737286955, 4552075.749247207306325 ] } },
{ "type": "Feature", "properties": { "osm_id": 910124682, "osm_type": "way", "amenity": "clinic", "name": "Merdivenköy Aile Sağlığı Merkezi" }, "geometry": { "type": "Point", "coordinates": [ 674672.125189870130271, 4539480.78943454194814 ] } },
{ "type": "Feature", "properties": { "osm_id": 911506485, "osm_type": "way", "amenity": "hospital", "name": "Central Hospital" }, "geometry": { "type": "Point", "coordinates": [ 676727.644799906876869, 4537096.823635548353195 ] } },
{ "type": "Feature", "properties": { "osm_id": 914984188, "osm_type": "way", "amenity": "clinic", "name": "Vanity" }, "geometry": { "type": "Point", "coordinates": [ 672041.266224421560764, 4543135.328457827679813 ] } },
{ "type": "Feature", "properties": { "osm_id": 921285655, "osm_type": "way", "amenity": "hospital", "name": "Erdem Hastanesi" }, "geometry": { "type": "Point", "coordinates": [ 675056.988591543515213, 4543639.293713746592402 ] } },
{ "type": "Feature", "properties": { "osm_id": 922058860, "osm_type": "way", "amenity": "hospital", "name": "Silivri Devlet Hastanesi" }, "geometry": { "type": "Point", "coordinates": [ 605011.385784040670842, 4548158.884711337275803 ] } },
{ "type": "Feature", "properties": { "osm_id": 922963331, "osm_type": "way", "amenity": "hospital", "name": "Sultanbeyli Devlet Hastanesi" }, "geometry": { "type": "Point", "coordinates": [ 692113.270776211866178, 4539645.31789459567517 ] } },
{ "type": "Feature", "properties": { "osm_id": 924119807, "osm_type": "way", "amenity": "hospital", "name": "Sarıyer Hamidiye Etfal Eğitim ve Araştırma Hastanesi" }, "geometry": { "type": "Point", "coordinates": [ 670118.417446082225069, 4558257.768612965941429 ] } },
{ "type": "Feature", "properties": { "osm_id": 929247608, "osm_type": "way", "amenity": "clinic", "name": "Dünyagöz" }, "geometry": { "type": "Point", "coordinates": [ 671394.440124847926199, 4543170.25269172526896 ] } },
{ "type": "Feature", "properties": { "osm_id": 930031482, "osm_type": "way", "amenity": "clinic", "name": "Müzeyyen Erkul Aile Sağlığı Merkezi" }, "geometry": { "type": "Point", "coordinates": [ 643470.767577606253326, 4543876.047989511862397 ] } },
{ "type": "Feature", "properties": { "osm_id": 939817635, "osm_type": "way", "amenity": "hospital", "name": "Zeytinburnu Yesiltepe Aile Sağlık Merkezi" }, "geometry": { "type": "Point", "coordinates": [ 659638.327422956819646, 4539511.507479330524802 ] } },
{ "type": "Feature", "properties": { "osm_id": 960169791, "osm_type": "way", "amenity": "clinic", "name": "Başakşehir 7 Nolu Aile Sağlığı Merkezi" }, "geometry": { "type": "Point", "coordinates": [ 647208.481931634945795, 4549859.751678646542132 ] } },
{ "type": "Feature", "properties": { "osm_id": 991944588, "osm_type": "way", "amenity": "hospital", "name": "Anadolu Hastanesi" }, "geometry": { "type": "Point", "coordinates": [ 602849.174498915905133, 4548632.739314138889313 ] } },
{ "type": "Feature", "properties": { "osm_id": 996714771, "osm_type": "way", "amenity": "clinic", "name": "Kartal Verem Savaş Dispanseri" }, "geometry": { "type": "Point", "coordinates": [ 683815.983437118818983, 4528858.747755658812821 ] } },
{ "type": "Feature", "properties": { "osm_id": 996728857, "osm_type": "way", "amenity": "clinic", "name": "Başakşehir 28 No'lu Aile Sağlığı Merkezi" }, "geometry": { "type": "Point", "coordinates": [ 638969.388722518226132, 4549965.900408897548914 ] } },
{ "type": "Feature", "properties": { "osm_id": 997396110, "osm_type": "way", "amenity": "hospital", "name": "Girne Aile Sağlığı Merkezi" }, "geometry": { "type": "Point", "coordinates": [ 680075.931903842953034, 4534615.729231392964721 ] } },
{ "type": "Feature", "properties": { "osm_id": 997408916, "osm_type": "way", "amenity": "hospital", "name": "Kartal Kızılay Hastanesi" }, "geometry": { "type": "Point", "coordinates": [ 683816.39222409192007, 4528936.997295681387186 ] } },
{ "type": "Feature", "properties": { "osm_id": 997420463, "osm_type": "way", "amenity": "hospital", "name": "Kadıköy Verem Savaş Dispanseri" }, "geometry": { "type": "Point", "coordinates": [ 671031.701493958476931, 4539960.213259389624 ] } },
{ "type": "Feature", "properties": { "osm_id": 997424836, "osm_type": "way", "amenity": "hospital", "name": "Çekmeköy İlçe Sağlık Müdürlüğü" }, "geometry": { "type": "Point", "coordinates": [ 682892.250974352937192, 4545130.248847386799753 ] } },
{ "type": "Feature", "properties": { "osm_id": 997688702, "osm_type": "way", "amenity": "hospital", "name": "Üsküdar Cezmi Or Verem Savaş Dispanseri" }, "geometry": { "type": "Point", "coordinates": [ 669186.691458846791647, 4542708.260780107229948 ] } },
{ "type": "Feature", "properties": { "osm_id": 998221556, "osm_type": "way", "amenity": "hospital", "name": "Ümraniye Verem Savaş Dispanseri" }, "geometry": { "type": "Point", "coordinates": [ 675648.955455693183467, 4544190.047361882403493 ] } },
{ "type": "Feature", "properties": { "osm_id": 1000249092, "osm_type": "way", "amenity": "hospital", "name": "Kartal Dr. Lütfi Kırdar Eğitim ve Araştırma Hastanesi Büyükada Ek Hizmet Binası" }, "geometry": { "type": "Point", "coordinates": [ 679316.531896508065984, 4526503.338268197141588 ] } },
{ "type": "Feature", "properties": { "osm_id": 1002418851, "osm_type": "way", "amenity": "hospital", "name": "Medistanbul Hastanesi" }, "geometry": { "type": "Point", "coordinates": [ 659975.326047552400269, 4550805.936155062168837 ] } },
{ "type": "Feature", "properties": { "osm_id": 1015395710, "osm_type": "way", "amenity": "hospital", "name": "Seyrantepe Hamidiye Etfal Eğitim ve Araştırma Hastanesi" }, "geometry": { "type": "Point", "coordinates": [ 667617.037580931093544, 4552185.965671381913126 ] } },
{ "type": "Feature", "properties": { "osm_id": 1023339026, "osm_type": "way", "amenity": "clinic", "name": "Zeytinburnu Yıldız Aile Sağlığı Merkezi" }, "geometry": { "type": "Point", "coordinates": [ 659849.482433963101357, 4543032.592788205482066 ] } },
{ "type": "Feature", "properties": { "osm_id": 1028131529, "osm_type": "way", "amenity": "hospital", "name": "Özel Abat Cerrahi Tıp Merkezi" }, "geometry": { "type": "Point", "coordinates": [ 639673.339235269115306, 4538848.972859534434974 ] } },
{ "type": "Feature", "properties": { "osm_id": 1031854963, "osm_type": "way", "amenity": "clinic", "name": "Rami Aile Sağlığı Merkezi" }, "geometry": { "type": "Point", "coordinates": [ 661390.389191646012478, 4545937.035138517618179 ] } },
{ "type": "Feature", "properties": { "osm_id": 1036515084, "osm_type": "way", "amenity": "hospital", "name": "Eyüpsultan Devlet Hastanesi" }, "geometry": { "type": "Point", "coordinates": [ 663082.224957366357557, 4546947.771478895097971 ] } },
{ "type": "Feature", "properties": { "osm_id": 1054541850, "osm_type": "way", "amenity": "hospital", "name": "Mercan Hastanesi" }, "geometry": { "type": "Point", "coordinates": [ 694580.700987073360011, 4522270.598114909604192 ] } },
{ "type": "Feature", "properties": { "osm_id": 1063507810, "osm_type": "way", "amenity": "hospital", "name": "Kızılay Altıntepe Tıp Merkezi" }, "geometry": { "type": "Point", "coordinates": [ 677128.918658473878168, 4535895.079748413525522 ] } },
{ "type": "Feature", "properties": { "osm_id": 1063574467, "osm_type": "way", "amenity": "hospital", "name": "Özel Bölge Hastanesi" }, "geometry": { "type": "Point", "coordinates": [ 686314.918825463857502, 4541748.651452504098415 ] } },
{ "type": "Feature", "properties": { "osm_id": 1064150643, "osm_type": "way", "amenity": "hospital", "name": "Zeynep Kamil Kadın Doğum ve Çocuk Hastanesi" }, "geometry": { "type": "Point", "coordinates": [ 670435.709980665473267, 4542384.478885708376765 ] } },
{ "type": "Feature", "properties": { "osm_id": 1066921921, "osm_type": "way", "amenity": "hospital", "name": null }, "geometry": { "type": "Point", "coordinates": [ 686843.38361534383148, 4539120.536975137889385 ] } },
{ "type": "Feature", "properties": { "osm_id": 1066921925, "osm_type": "way", "amenity": "hospital", "name": null }, "geometry": { "type": "Point", "coordinates": [ 686927.046030787285417, 4539145.161652959883213 ] } },
{ "type": "Feature", "properties": { "osm_id": 1069015768, "osm_type": "way", "amenity": "hospital", "name": "Medical Park Hastanesi Ataşehir" }, "geometry": { "type": "Point", "coordinates": [ 680383.620364633505233, 4539618.893065536394715 ] } },
{ "type": "Feature", "properties": { "osm_id": 1071627194, "osm_type": "way", "amenity": "clinic", "name": null }, "geometry": { "type": "Point", "coordinates": [ 675799.413254840765148, 4537946.47716080956161 ] } },
{ "type": "Feature", "properties": { "osm_id": 1076773725, "osm_type": "way", "amenity": "clinic", "name": "Gaziosmanpaşa 14 Nolu Aile Sağlığı Merkezi" }, "geometry": { "type": "Point", "coordinates": [ 658123.023539683665149, 4549595.122805370949209 ] } },
{ "type": "Feature", "properties": { "osm_id": 1077198443, "osm_type": "way", "amenity": "clinic", "name": "Şaban Özbek Aile Sağlığı Merkezi" }, "geometry": { "type": "Point", "coordinates": [ 657316.553528260439634, 4550866.779597049579024 ] } },
{ "type": "Feature", "properties": { "osm_id": 1080905712, "osm_type": "way", "amenity": "clinic", "name": "Sultangazi Ali Kuşçu Aile Sağlığı Merkezi" }, "geometry": { "type": "Point", "coordinates": [ 659343.781898063141853, 4550861.978331584483385 ] } },
{ "type": "Feature", "properties": { "osm_id": 1080920471, "osm_type": "way", "amenity": "clinic", "name": "Gazi Mahallesi Aile Sağlık Ocağı" }, "geometry": { "type": "Point", "coordinates": [ 659142.423704073997214, 4552530.25713708717376 ] } },
{ "type": "Feature", "properties": { "osm_id": 1093808816, "osm_type": "way", "amenity": "clinic", "name": "Acıbadem Bağdat Caddesi Tıp Merkezi" }, "geometry": { "type": "Point", "coordinates": [ 674037.627586295013316, 4537095.868701801635325 ] } },
{ "type": "Feature", "properties": { "osm_id": 1096352283, "osm_type": "way", "amenity": "hospital", "name": "Kadıköy Florence Nightingale Tıp Merkezi" }, "geometry": { "type": "Point", "coordinates": [ 671824.717963513568975, 4538655.573596599511802 ] } },
{ "type": "Feature", "properties": { "osm_id": 1098240450, "osm_type": "way", "amenity": "clinic", "name": "İstanbul Tuzla Tepeören Aile Sağlığı Merkezi" }, "geometry": { "type": "Point", "coordinates": [ 701472.849307624390349, 4531345.716650144197047 ] } },
{ "type": "Feature", "properties": { "osm_id": 1104815599, "osm_type": "way", "amenity": "clinic", "name": "Aile Sağlığı Merkezi" }, "geometry": { "type": "Point", "coordinates": [ 663005.328434183145873, 4548169.690516604110599 ] } },
{ "type": "Feature", "properties": { "osm_id": 1115714339, "osm_type": "way", "amenity": "clinic", "name": "Eyüpsultan Halk Sağlığı Merkezi" }, "geometry": { "type": "Point", "coordinates": [ 664820.22879307565745, 4549820.566081817261875 ] } },
{ "type": "Feature", "properties": { "osm_id": 1115826770, "osm_type": "way", "amenity": "clinic", "name": "Karayolları Aile Sağlığı Merkezi" }, "geometry": { "type": "Point", "coordinates": [ 659225.715055534848943, 4550285.587509448640049 ] } },
{ "type": "Feature", "properties": { "osm_id": 1116953870, "osm_type": "way", "amenity": "clinic", "name": "Mahmut Karaca Aile Sağlığı Merkezi" }, "geometry": { "type": "Point", "coordinates": [ 676599.029303414281458, 4542607.333162020891905 ] } },
{ "type": "Feature", "properties": { "osm_id": 1118119467, "osm_type": "way", "amenity": "hospital", "name": "Kadıköy Belediyesi Dr. Rana Beşe Sağlık Polikinliği" }, "geometry": { "type": "Point", "coordinates": [ 672300.108832262922078, 4539440.270449014380574 ] } },
{ "type": "Feature", "properties": { "osm_id": 1118752498, "osm_type": "way", "amenity": "clinic", "name": "Mevlana Aile Sağlığı Merkezi" }, "geometry": { "type": "Point", "coordinates": [ 660642.536981337587349, 4549976.883628659881651 ] } },
{ "type": "Feature", "properties": { "osm_id": 1122013203, "osm_type": "way", "amenity": "clinic", "name": "Maltepe Belediyesi Tıp Merkezi" }, "geometry": { "type": "Point", "coordinates": [ 677836.86976888414938, 4534780.896529041230679 ] } },
{ "type": "Feature", "properties": { "osm_id": 1125692292, "osm_type": "way", "amenity": "hospital", "name": "Bayındır Hastanesi İçerenköy" }, "geometry": { "type": "Point", "coordinates": [ 677595.545305442647077, 4537231.447468910366297 ] } },
{ "type": "Feature", "properties": { "osm_id": 1147725810, "osm_type": "way", "amenity": "hospital", "name": "Beyciler Sağlık Evi" }, "geometry": { "type": "Point", "coordinates": [ 593518.20757024968043, 4564856.619135590270162 ] } },
{ "type": "Feature", "properties": { "osm_id": 1160755494, "osm_type": "way", "amenity": "hospital", "name": "Yeşilköy Prof. Dr. Murat Dilmener Acil Durum Hastanesi" }, "geometry": { "type": "Point", "coordinates": [ 652140.581318556680344, 4537028.22267587389797 ] } },
{ "type": "Feature", "properties": { "osm_id": 1167192495, "osm_type": "way", "amenity": "hospital", "name": "Özel Esencan Hastanesi" }, "geometry": { "type": "Point", "coordinates": [ 640931.531500951154158, 4543816.975719306617975 ] } },
{ "type": "Feature", "properties": { "osm_id": 1186883161, "osm_type": "way", "amenity": "clinic", "name": null }, "geometry": { "type": "Point", "coordinates": [ 640210.414850112167187, 4551206.779443548060954 ] } },
{ "type": "Feature", "properties": { "osm_id": 1206120872, "osm_type": "way", "amenity": "hospital", "name": "Şile Devlet Hastanesi" }, "geometry": { "type": "Point", "coordinates": [ 715822.431739266961813, 4559960.051018853671849 ] } },
{ "type": "Feature", "properties": { "osm_id": 1218848913, "osm_type": "way", "amenity": "hospital", "name": "Dünya Göz Suadiye" }, "geometry": { "type": "Point", "coordinates": [ 674620.328444966115057, 4536513.845600853674114 ] } },
{ "type": "Feature", "properties": { "osm_id": 1220539479, "osm_type": "way", "amenity": "hospital", "name": "Başkent Üniversitesi İstanbul Sağlık Uygulama ve Araştırma Merkezi Hastanesi" }, "geometry": { "type": "Point", "coordinates": [ 671608.050908964127302, 4543529.026765533722937 ] } },
{ "type": "Feature", "properties": { "osm_id": 1222185933, "osm_type": "way", "amenity": "hospital", "name": "Tuzla Ağız ve Diş Sağlığı Polikliniği" }, "geometry": { "type": "Point", "coordinates": [ 698501.871180003741756, 4521852.764982212334871 ] } },
{ "type": "Feature", "properties": { "osm_id": 1228101378, "osm_type": "way", "amenity": "hospital", "name": "Özel Bahçelievler Medicana Hastanesi" }, "geometry": { "type": "Point", "coordinates": [ 657264.976258828770369, 4541159.346158501692116 ] } },
{ "type": "Feature", "properties": { "osm_id": 1228101415, "osm_type": "way", "amenity": "hospital", "name": "İstanbul Göz Hastanesi" }, "geometry": { "type": "Point", "coordinates": [ 657364.453609231859446, 4540571.679837319068611 ] } },
{ "type": "Feature", "properties": { "osm_id": 1228101450, "osm_type": "way", "amenity": "hospital", "name": "Özel Bahçelievler Medicana Hastanesi" }, "geometry": { "type": "Point", "coordinates": [ 657246.983630033675581, 4541189.771223321557045 ] } },
{ "type": "Feature", "properties": { "osm_id": 1228101577, "osm_type": "way", "amenity": "hospital", "name": "Aktif International Hastanesi Bahçelievler" }, "geometry": { "type": "Point", "coordinates": [ 657222.080138823250309, 4541236.064437470398843 ] } },
{ "type": "Feature", "properties": { "osm_id": 1228101789, "osm_type": "way", "amenity": "hospital", "name": null }, "geometry": { "type": "Point", "coordinates": [ 656699.739719116711058, 4539965.813317887485027 ] } },
{ "type": "Feature", "properties": { "osm_id": 1228334758, "osm_type": "way", "amenity": "clinic", "name": "Bağcılar 15 No'lu Aile Sağlık Merkezi" }, "geometry": { "type": "Point", "coordinates": [ 655712.59613248729147, 4540708.2940713474527 ] } },
{ "type": "Feature", "properties": { "osm_id": 1234112219, "osm_type": "way", "amenity": "clinic", "name": "Çiftehavuzlar Aile Sağlığı Merkezi" }, "geometry": { "type": "Point", "coordinates": [ 659431.063411891227588, 4543375.705035949125886 ] } },
{ "type": "Feature", "properties": { "osm_id": 1234598259, "osm_type": "way", "amenity": "clinic", "name": "Merkez Aile Sağlık Merkezi" }, "geometry": { "type": "Point", "coordinates": [ 679752.95713502552826, 4533250.231471999548376 ] } },
{ "type": "Feature", "properties": { "osm_id": 1237841522, "osm_type": "way", "amenity": "clinic", "name": null }, "geometry": { "type": "Point", "coordinates": [ 688929.648324274108745, 4538135.828843544237316 ] } },
{ "type": "Feature", "properties": { "osm_id": 1237885783, "osm_type": "way", "amenity": "clinic", "name": "Güvercintepe Semt Polikliniği" }, "geometry": { "type": "Point", "coordinates": [ 646829.131871343473904, 4548457.239347789436579 ] } },
{ "type": "Feature", "properties": { "osm_id": 1237886229, "osm_type": "way", "amenity": "clinic", "name": "Güvercintepe Aile Sağlığı Merkezi" }, "geometry": { "type": "Point", "coordinates": [ 646973.582033901358955, 4548523.853553299792111 ] } },
{ "type": "Feature", "properties": { "osm_id": 1237887928, "osm_type": "way", "amenity": "clinic", "name": "Aile Sağlığı Merkezi" }, "geometry": { "type": "Point", "coordinates": [ 647492.126794872572646, 4547412.363781692460179 ] } },
{ "type": "Feature", "properties": { "osm_id": 1237888035, "osm_type": "way", "amenity": "clinic", "name": "Ahmet Balamir Aile Sağlığı Merkezi" }, "geometry": { "type": "Point", "coordinates": [ 647566.006841303547844, 4550105.72548683732748 ] } },
{ "type": "Feature", "properties": { "osm_id": 1239928269, "osm_type": "way", "amenity": "clinic", "name": null }, "geometry": { "type": "Point", "coordinates": [ 679403.283910077763721, 4534656.12579804006964 ] } },
{ "type": "Feature", "properties": { "osm_id": 1251171659, "osm_type": "way", "amenity": "hospital", "name": null }, "geometry": { "type": "Point", "coordinates": [ 672462.644119161996059, 4551410.236117954365909 ] } },
{ "type": "Feature", "properties": { "osm_id": 1251171660, "osm_type": "way", "amenity": "hospital", "name": null }, "geometry": { "type": "Point", "coordinates": [ 672491.889233778230846, 4551410.53667507506907 ] } },
{ "type": "Feature", "properties": { "osm_id": 1251171661, "osm_type": "way", "amenity": "hospital", "name": null }, "geometry": { "type": "Point", "coordinates": [ 672451.895871039712802, 4551381.367862123064697 ] } },
{ "type": "Feature", "properties": { "osm_id": 1251171662, "osm_type": "way", "amenity": "hospital", "name": null }, "geometry": { "type": "Point", "coordinates": [ 672467.281616249121726, 4551378.19805058836937 ] } },
{ "type": "Feature", "properties": { "osm_id": 1251171663, "osm_type": "way", "amenity": "hospital", "name": null }, "geometry": { "type": "Point", "coordinates": [ 672483.252746191108599, 4551376.219547379761934 ] } },
{ "type": "Feature", "properties": { "osm_id": 1251171664, "osm_type": "way", "amenity": "hospital", "name": null }, "geometry": { "type": "Point", "coordinates": [ 672465.751412339042872, 4551489.111523492261767 ] } },
{ "type": "Feature", "properties": { "osm_id": 1252229791, "osm_type": "way", "amenity": "hospital", "name": "Sultangazi İlçe Sağlık Müdürlüğü" }, "geometry": { "type": "Point", "coordinates": [ 656794.22449413430877, 4551108.399521839804947 ] } },
{ "type": "Feature", "properties": { "osm_id": 1252419719, "osm_type": "way", "amenity": "hospital", "name": "Lema Clinic" }, "geometry": { "type": "Point", "coordinates": [ 650933.485767456120811, 4546148.750447265803814 ] } },
{ "type": "Feature", "properties": { "osm_id": 1274264088, "osm_type": "way", "amenity": "hospital", "name": "Bayrampaşa İlçe Sağlık Müdürlüğü" }, "geometry": { "type": "Point", "coordinates": [ 658305.388711088220589, 4548016.089091363362968 ] } },
{ "type": "Feature", "properties": { "osm_id": 1276794699, "osm_type": "way", "amenity": "clinic", "name": "Maltepe 13 Nolu Aile Sağlığı Merkezi" }, "geometry": { "type": "Point", "coordinates": [ 680802.660699722939171, 4532638.775890985503793 ] } },
{ "type": "Feature", "properties": { "osm_id": 1279070752, "osm_type": "way", "amenity": "hospital", "name": "Başakşehir Devlet Hastanesi" }, "geometry": { "type": "Point", "coordinates": [ 651844.23576995707117, 4553488.19183358643204 ] } },
{ "type": "Feature", "properties": { "osm_id": 1279347592, "osm_type": "way", "amenity": "clinic", "name": null }, "geometry": { "type": "Point", "coordinates": [ 660661.181884815101512, 4549153.619302982464433 ] } },
{ "type": "Feature", "properties": { "osm_id": 1302250325, "osm_type": "way", "amenity": "hospital", "name": "Medipol Üniversitesi Esenler Hastanesi" }, "geometry": { "type": "Point", "coordinates": [ 656840.397322738426737, 4546125.13403307646513 ] } },
{ "type": "Feature", "properties": { "osm_id": 1302250327, "osm_type": "way", "amenity": "hospital", "name": "Medipol Üniversitesi Esenler Hastanesi" }, "geometry": { "type": "Point", "coordinates": [ 656832.038404009304941, 4546139.338664521463215 ] } },
{ "type": "Feature", "properties": { "osm_id": 1302260613, "osm_type": "way", "amenity": "clinic", "name": "Esenler 9 Nolu Aile Sağlığı Merkezi" }, "geometry": { "type": "Point", "coordinates": [ 657383.192558975541033, 4545121.324775015003979 ] } },
{ "type": "Feature", "properties": { "osm_id": 1302284193, "osm_type": "way", "amenity": "hospital", "name": "Avicenna Hastanesi" }, "geometry": { "type": "Point", "coordinates": [ 658102.920169955119491, 4544994.262644222006202 ] } },
{ "type": "Feature", "properties": { "osm_id": 1302333751, "osm_type": "way", "amenity": "hospital", "name": "T.C. Sağlık Bakanlığı Esenler 8 No'lu Aile Sağlığı Merkezi" }, "geometry": { "type": "Point", "coordinates": [ 656583.359230973059312, 4545267.925768780522048 ] } },
{ "type": "Feature", "properties": { "osm_id": 1302677736, "osm_type": "way", "amenity": "hospital", "name": null }, "geometry": { "type": "Point", "coordinates": [ 657068.612134598311968, 4546606.010617314837873 ] } },
{ "type": "Feature", "properties": { "osm_id": 1302677737, "osm_type": "way", "amenity": "hospital", "name": "Esenler Kadın Doğum ve Çocuk Hastalıkları Hastanesi" }, "geometry": { "type": "Point", "coordinates": [ 657065.898910728632472, 4546654.145643915981054 ] } },
{ "type": "Feature", "properties": { "osm_id": 1302677738, "osm_type": "way", "amenity": "hospital", "name": null }, "geometry": { "type": "Point", "coordinates": [ 657067.563978214748204, 4546612.941119951196015 ] } },
{ "type": "Feature", "properties": { "osm_id": 1305298989, "osm_type": "way", "amenity": "hospital", "name": null }, "geometry": { "type": "Point", "coordinates": [ 649083.069358192384243, 4546911.314589751884341 ] } },
{ "type": "Feature", "properties": { "osm_id": 1312593966, "osm_type": "way", "amenity": "hospital", "name": null }, "geometry": { "type": "Point", "coordinates": [ 657249.474271015380509, 4541178.373374044895172 ] } },
{ "type": "Feature", "properties": { "osm_id": 1313480252, "osm_type": "way", "amenity": "hospital", "name": "Kağıthane Kızılay Hastanesi" }, "geometry": { "type": "Point", "coordinates": [ 665551.529535306151956, 4549806.34329507406801 ] } },
{ "type": "Feature", "properties": { "osm_id": 1318425452, "osm_type": "way", "amenity": "hospital", "name": "S life hastanesi" }, "geometry": { "type": "Point", "coordinates": [ 638870.390469341189601, 4544496.150584042072296 ] } },
{ "type": "Feature", "properties": { "osm_id": 1319843595, "osm_type": "way", "amenity": "hospital", "name": "Acıbadem Maslak Hastanesi" }, "geometry": { "type": "Point", "coordinates": [ 669998.606276729027741, 4554879.557322424836457 ] } },
{ "type": "Feature", "properties": { "osm_id": 1320349072, "osm_type": "way", "amenity": "clinic", "name": "LHC Clinic" }, "geometry": { "type": "Point", "coordinates": [ 653304.207621251465753, 4540635.740636851638556 ] } },
{ "type": "Feature", "properties": { "osm_id": 1321712206, "osm_type": "way", "amenity": "hospital", "name": null }, "geometry": { "type": "Point", "coordinates": [ 672026.620538762887008, 4541047.257159674540162 ] } },
{ "type": "Feature", "properties": { "osm_id": 1321858507, "osm_type": "way", "amenity": "clinic", "name": "Beykoz 3 No'lu Aile Sağlığı Merkezi" }, "geometry": { "type": "Point", "coordinates": [ 674091.987593852565624, 4549497.640894542448223 ] } },
{ "type": "Feature", "properties": { "osm_id": 1322121350, "osm_type": "way", "amenity": "clinic", "name": "Gönül Ataman Aile Sağlığı Merkezi" }, "geometry": { "type": "Point", "coordinates": [ 671147.620663092820905, 4551051.791252349503338 ] } },
{ "type": "Feature", "properties": { "osm_id": 1324194934, "osm_type": "way", "amenity": "hospital", "name": "İstanbul Meslek Hastalıkları Hastanesi" }, "geometry": { "type": "Point", "coordinates": [ 680020.35980147367809, 4535299.380880793556571 ] } },
{ "type": "Feature", "properties": { "osm_id": 1325469162, "osm_type": "way", "amenity": "hospital", "name": "Memorial" }, "geometry": { "type": "Point", "coordinates": [ 674949.021595973754302, 4539821.327225531451404 ] } },
{ "type": "Feature", "properties": { "osm_id": 1327923236, "osm_type": "way", "amenity": "hospital", "name": "Acıbadem Ataşehir Hastanesi" }, "geometry": { "type": "Point", "coordinates": [ 678894.684436647454277, 4540314.777943901717663 ] } },
{ "type": "Feature", "properties": { "osm_id": 1328355053, "osm_type": "way", "amenity": "hospital", "name": "Erdem Hastanesi" }, "geometry": { "type": "Point", "coordinates": [ 653433.122361790388823, 4544816.927545345388353 ] } },
{ "type": "Feature", "properties": { "osm_id": 1330216688, "osm_type": "way", "amenity": "hospital", "name": null }, "geometry": { "type": "Point", "coordinates": [ 689894.64501534763258, 4527168.383291562087834 ] } },
{ "type": "Feature", "properties": { "osm_id": 1331425435, "osm_type": "way", "amenity": "hospital", "name": "Bakırköy Prof. Dr. Mazhar Osman Ruh Sağlığı ve Sinir Hastalıkları Eğitim ve Araştırma Hastanesi" }, "geometry": { "type": "Point", "coordinates": [ 656624.218483205419034, 4539207.528429311700165 ] } },
{ "type": "Feature", "properties": { "osm_id": 1331432629, "osm_type": "way", "amenity": "hospital", "name": "Özel Florya Hastanesi" }, "geometry": { "type": "Point", "coordinates": [ 647023.296555082313716, 4538002.062337931245565 ] } },
{ "type": "Feature", "properties": { "osm_id": 1331432630, "osm_type": "way", "amenity": "hospital", "name": "Avcılar Murat Kölük Devlet Hastanesi" }, "geometry": { "type": "Point", "coordinates": [ 645640.005006488412619, 4538507.879954828880727 ] } },
{ "type": "Feature", "properties": { "osm_id": 1354421226, "osm_type": "way", "amenity": "hospital", "name": "Esenler Kadın Doğum Hastanesi" }, "geometry": { "type": "Point", "coordinates": [ 657068.64298709994182, 4546635.1670978711918 ] } },
{ "type": "Feature", "properties": { "osm_id": 1354495390, "osm_type": "way", "amenity": "hospital", "name": null }, "geometry": { "type": "Point", "coordinates": [ 660291.742621741606854, 4547034.023014398291707 ] } },
{ "type": "Feature", "properties": { "osm_id": 1358619487, "osm_type": "way", "amenity": "hospital", "name": "Acıbadem Kartal Hastanesi" }, "geometry": { "type": "Point", "coordinates": [ 685958.236050154431723, 4528489.603638655506074 ] } },
{ "type": "Feature", "properties": { "osm_id": 1358993954, "osm_type": "way", "amenity": "hospital", "name": "Medipol Üniversitesi Çamlıca Hastanesi" }, "geometry": { "type": "Point", "coordinates": [ 675047.865031298948452, 4543433.593817261978984 ] } },
{ "type": "Feature", "properties": { "osm_id": 1374915732, "osm_type": "way", "amenity": "clinic", "name": "Kartal Ağız ve Diş Sağlığı Merkezi" }, "geometry": { "type": "Point", "coordinates": [ 685388.182654487667605, 4531329.082053422927856 ] } },
{ "type": "Feature", "properties": { "osm_id": 1374959964, "osm_type": "way", "amenity": "hospital", "name": "Megapol Hastanesi" }, "geometry": { "type": "Point", "coordinates": [ 685220.16734963003546, 4531774.834863935597241 ] } },
{ "type": "Feature", "properties": { "osm_id": 1376230581, "osm_type": "way", "amenity": "hospital", "name": "Aksu Özel Göztepe Hastanesi" }, "geometry": { "type": "Point", "coordinates": [ 673454.068644870771095, 4539449.302285600453615 ] } },
{ "type": "Feature", "properties": { "osm_id": 1381509803, "osm_type": "way", "amenity": "hospital", "name": "Pendik Medipol Üniversitesi Hastanesi" }, "geometry": { "type": "Point", "coordinates": [ 688312.402831192011945, 4528347.118535431101918 ] } },
{ "type": "Feature", "properties": { "osm_id": 1382641309, "osm_type": "way", "amenity": "hospital", "name": "Central Hospital" }, "geometry": { "type": "Point", "coordinates": [ 677576.083469424745999, 4538599.815843 ] } },
{ "type": "Feature", "properties": { "osm_id": 1383516713, "osm_type": "way", "amenity": "hospital", "name": null }, "geometry": { "type": "Point", "coordinates": [ 680387.892264413414523, 4539628.662569859996438 ] } },
{ "type": "Feature", "properties": { "osm_id": 1383837742, "osm_type": "way", "amenity": "hospital", "name": null }, "geometry": { "type": "Point", "coordinates": [ 678821.516825445462018, 4533531.257374315522611 ] } },
{ "type": "Feature", "properties": { "osm_id": 1384077790, "osm_type": "way", "amenity": "hospital", "name": "İbni Sina Hastanesi" }, "geometry": { "type": "Point", "coordinates": [ 682544.532672580331564, 4530014.500383735634387 ] } },
{ "type": "Feature", "properties": { "osm_id": 1384360794, "osm_type": "way", "amenity": "hospital", "name": null }, "geometry": { "type": "Point", "coordinates": [ 687874.083648723550141, 4545332.255511012859643 ] } },
{ "type": "Feature", "properties": { "osm_id": 1386613314, "osm_type": "way", "amenity": "clinic", "name": "Sarıgazi Gülizar Polat Aile Sağlık Merkezi" }, "geometry": { "type": "Point", "coordinates": [ 685616.131248503923416, 4541854.392666584812105 ] } },
{ "type": "Feature", "properties": { "osm_id": 1386613315, "osm_type": "way", "amenity": "clinic", "name": null }, "geometry": { "type": "Point", "coordinates": [ 685614.217609241139144, 4541855.521849747747183 ] } },
{ "type": "Feature", "properties": { "osm_id": 1391150826, "osm_type": "way", "amenity": "clinic", "name": null }, "geometry": { "type": "Point", "coordinates": [ 670895.753850575303659, 4544262.721612714231014 ] } },
{ "type": "Feature", "properties": { "osm_id": 1414451284, "osm_type": "way", "amenity": "clinic", "name": "Tuzla 7 No'lu Aile Sağlığı Merkezi" }, "geometry": { "type": "Point", "coordinates": [ 694698.056064826436341, 4522391.71987160295248 ] } },
{ "type": "Feature", "properties": { "osm_id": 1416643410, "osm_type": "way", "amenity": "hospital", "name": "Op. Dr. Arash Jafari" }, "geometry": { "type": "Point", "coordinates": [ 669095.305327007779852, 4549168.88737912569195 ] } },
{ "type": "Feature", "properties": { "osm_id": 1422136481, "osm_type": "way", "amenity": "hospital", "name": null }, "geometry": { "type": "Point", "coordinates": [ 653912.304066110402346, 4540195.834978149272501 ] } },
{ "type": "Feature", "properties": { "osm_id": 1422576990, "osm_type": "way", "amenity": "clinic", "name": "Esenyurt Toplum Sağlığı Merkezi" }, "geometry": { "type": "Point", "coordinates": [ 639362.055813122075051, 4543577.17721295543015 ] } },
{ "type": "Feature", "properties": { "osm_id": 1422883598, "osm_type": "way", "amenity": "hospital", "name": null }, "geometry": { "type": "Point", "coordinates": [ 661227.585949835833162, 4540222.016004299744964 ] } },
{ "type": "Feature", "properties": { "osm_id": 1422894263, "osm_type": "way", "amenity": "hospital", "name": "Koç Üniversitesi Hastanesi" }, "geometry": { "type": "Point", "coordinates": [ 661147.846804421045817, 4543195.083456297405064 ] } },
{ "type": "Feature", "properties": { "osm_id": 1424411140, "osm_type": "way", "amenity": "hospital", "name": "Hayvan Hastanesi" }, "geometry": { "type": "Point", "coordinates": [ 644809.429930380778387, 4539536.231966769322753 ] } },
{ "type": "Feature", "properties": { "osm_id": 1442921833, "osm_type": "way", "amenity": "clinic", "name": "Yenidoğan Aile Sağlığı Merkezi" }, "geometry": { "type": "Point", "coordinates": [ 688039.169461278128438, 4541993.047223379835486 ] } },
{ "type": "Feature", "properties": { "osm_id": 1463891607, "osm_type": "way", "amenity": "hospital", "name": "İSTÜN Şişli Kolan International Hospital" }, "geometry": { "type": "Point", "coordinates": [ 666396.710615260642953, 4547843.417169184423983 ] } },
{ "type": "Feature", "properties": { "osm_id": 1463891640, "osm_type": "way", "amenity": "hospital", "name": "Türkiye Hastanesi" }, "geometry": { "type": "Point", "coordinates": [ 666468.383119766716845, 4547969.418817252852023 ] } },
{ "type": "Feature", "properties": { "osm_id": 1464434924, "osm_type": "way", "amenity": "hospital", "name": "Sancaktepe Sağlıklı Yaşam Köyü" }, "geometry": { "type": "Point", "coordinates": [ 685923.928287249989808, 4540756.88053394947201 ] } },
{ "type": "Feature", "properties": { "osm_id": 1465334190, "osm_type": "way", "amenity": "hospital", "name": "Acıbadem Taksim Hastanesi" }, "geometry": { "type": "Point", "coordinates": [ 666611.488141852780245, 4545253.903280834667385 ] } },
{ "type": "Feature", "properties": { "osm_id": 1472717652, "osm_type": "way", "amenity": "hospital", "name": "Biruni Üniversitesi Tıp Fakültesi Hastanesi" }, "geometry": { "type": "Point", "coordinates": [ 651018.504244536161423, 4540193.280936826951802 ] } },
{ "type": "Feature", "properties": { "osm_id": 1479671129, "osm_type": "way", "amenity": "clinic", "name": "Tema İstanbul Aile Sağlığı Merkezi" }, "geometry": { "type": "Point", "coordinates": [ 651342.833668817649595, 4540880.516817153431475 ] } },
{ "type": "Feature", "properties": { "osm_id": 1483413132, "osm_type": "way", "amenity": "clinic", "name": "Yeşilbağlar Aile Sağlığı Merkezi" }, "geometry": { "type": "Point", "coordinates": [ 687363.318513134727255, 4529380.855267100036144 ] } },
{ "type": "Feature", "properties": { "osm_id": 1484392844, "osm_type": "way", "amenity": "hospital", "name": null }, "geometry": { "type": "Point", "coordinates": [ 671093.909468078869395, 4549893.143562740646303 ] } },
{ "type": "Feature", "properties": { "osm_id": 1489158115, "osm_type": "way", "amenity": "clinic", "name": "Bağcılar 31 No'lu Aile Sağlığı Merkezi" }, "geometry": { "type": "Point", "coordinates": [ 654297.96763284818735, 4547153.757055044174194 ] } },
{ "type": "Feature", "properties": { "osm_id": 1501558290, "osm_type": "way", "amenity": "clinic", "name": "İçerenköy Aile Sağlığı Merkezi" }, "geometry": { "type": "Point", "coordinates": [ 677346.724037306383252, 4537653.313867471180856 ] } },
{ "type": "Feature", "properties": { "osm_id": 1502871536, "osm_type": "way", "amenity": "clinic", "name": null }, "geometry": { "type": "Point", "coordinates": [ 676852.451045670313761, 4545713.321639510802925 ] } },
{ "type": "Feature", "properties": { "osm_id": 1503604356, "osm_type": "way", "amenity": "clinic", "name": "Üsküdar 4 Nolu Aile Sağlığı Merkezi" }, "geometry": { "type": "Point", "coordinates": [ 675006.201506867655553, 4544849.847922751680017 ] } },
{ "type": "Feature", "properties": { "osm_id": 1510204051, "osm_type": "way", "amenity": "hospital", "name": "Central Hospital" }, "geometry": { "type": "Point", "coordinates": [ 676725.613527100649662, 4537097.607925772666931 ] } },
{ "type": "Feature", "properties": { "osm_id": 1515582300, "osm_type": "way", "amenity": "clinic", "name": "Ayhan-H.Cahit Gülan Aile Sağlığı Merkezi" }, "geometry": { "type": "Point", "coordinates": [ 686191.098970993072726, 4538813.558403032831848 ] } },
{ "type": "Feature", "properties": { "osm_id": 1515582301, "osm_type": "way", "amenity": "clinic", "name": null }, "geometry": { "type": "Point", "coordinates": [ 686691.115267724730074, 4539330.463522667065263 ] } },
{ "type": "Feature", "properties": { "osm_id": 1515582302, "osm_type": "way", "amenity": "clinic", "name": "Eyüpsultan Abdullah Sarı Aile Sağlığı Merkezi" }, "geometry": { "type": "Point", "coordinates": [ 686692.297899305121973, 4539330.304722178727388 ] } },
{ "type": "Feature", "properties": { "osm_id": 1515586125, "osm_type": "way", "amenity": "clinic", "name": "Musa Meral Aile Sağlığı Merkezi" }, "geometry": { "type": "Point", "coordinates": [ 688013.379053146927617, 4539282.278910751454532 ] } },
{ "type": "Feature", "properties": { "osm_id": 1515586126, "osm_type": "way", "amenity": "clinic", "name": null }, "geometry": { "type": "Point", "coordinates": [ 688012.27493871585466, 4539274.762925985269248 ] } },
{ "type": "Feature", "properties": { "osm_id": 1516149403, "osm_type": "way", "amenity": "clinic", "name": "Beykoz 6 No'lu Aile Saḡlıḡı Merkezi" }, "geometry": { "type": "Point", "coordinates": [ 674986.302204002509825, 4551183.820202214643359 ] } },
{ "type": "Feature", "properties": { "osm_id": 1516538955, "osm_type": "way", "amenity": "clinic", "name": "Mehmet Şimşek Aile Sağlığı Merkezi" }, "geometry": { "type": "Point", "coordinates": [ 684576.952117095468566, 4540915.172014597803354 ] } },
{ "type": "Feature", "properties": { "osm_id": 1516538963, "osm_type": "way", "amenity": "clinic", "name": "Dr.Safiye Ali Aile Sağlığı Merkezi" }, "geometry": { "type": "Point", "coordinates": [ 687828.758466211496852, 4540274.000444147735834 ] } },
{ "type": "Feature", "properties": { "osm_id": 1521285228, "osm_type": "way", "amenity": "clinic", "name": "Sancaktepe 8 Nolu Aile Sağlığı Merkezi" }, "geometry": { "type": "Point", "coordinates": [ 689027.876811145921238, 4541013.5221733963117 ] } },
{ "type": "Feature", "properties": { "osm_id": 1528814291, "osm_type": "way", "amenity": "hospital", "name": "FSM Tıp Merkezi" }, "geometry": { "type": "Point", "coordinates": [ 675622.916334659093991, 4551295.459694576449692 ] } },
{ "type": "Feature", "properties": { "osm_id": 1555104921, "osm_type": "way", "amenity": "hospital", "name": "erenköy ruh ve sinir sağlığı merkezi çekmeköy ek hizmet binası" }, "geometry": { "type": "Point", "coordinates": [ 684375.237714538117871, 4542662.776950760744512 ] } },
{ "type": "Feature", "properties": { "osm_id": 1558935796, "osm_type": "way", "amenity": "clinic", "name": "24 No'lu Aile Sağlığı Merkezi" }, "geometry": { "type": "Point", "coordinates": [ 676805.161324842367321, 4542314.645563079975545 ] } }
]
}
